network,model,reference,sigma_km,change,ci_low,ci_high,metric,block_days,p_smoothing_improves,figure_panel,ladder,weighting,support_km,optimal_sigma_km_point,optimal_sigma_km_bootstrap_mean,optimal_sigma_ci_low_km,optimal_sigma_ci_high_km,p_optimal_sigma_gt_zero,route,thinning_mean,thinning_median,thinning_ci_low,thinning_ci_high
inmet_hourly,ifs_hres,era5,0.0,0.0,0.0,0.0,rmse,7.0,,a,,,,,,,,,,,,,
inmet_hourly,ifs_hres,station,0.0,0.0,0.0,0.0,rmse,7.0,,a,,,,,,,,,,,,,
inmet_hourly,graphcast_hres_init,era5,0.0,0.0,0.0,0.0,rmse,7.0,,a,,,,,,,,,,,,,
inmet_hourly,graphcast_hres_init,station,0.0,0.0,0.0,0.0,rmse,7.0,,a,,,,,,,,,,,,,
inmet_hourly,pangu_hres_init,era5,0.0,0.0,0.0,0.0,rmse,7.0,,a,,,,,,,,,,,,,
inmet_hourly,pangu_hres_init,station,0.0,0.0,0.0,0.0,rmse,7.0,,a,,,,,,,,,,,,,
inmet_hourly,graphcast_hres_init,era5,12.5,-0.0122732471354633,-0.0130237679701286,-0.0114908971576254,rmse,7.0,1.0,a,,,,,,,,,,,,,
inmet_hourly,graphcast_hres_init,era5,25.0,-0.029524352698802,-0.0326462837926452,-0.0262792861810879,rmse,7.0,1.0,a,,,,,,,,,,,,,
inmet_hourly,graphcast_hres_init,era5,50.0,0.0773408890783242,0.0710631927884483,0.0837530441153214,rmse,7.0,0.0,a,,,,,,,,,,,,,
inmet_hourly,graphcast_hres_init,era5,100.0,0.299407173746237,0.2850122341095735,0.3140449097221536,rmse,7.0,0.0,a,,,,,,,,,,,,,
inmet_hourly,graphcast_hres_init,station,12.5,0.0084549635587755,0.0079224029797051,0.0089833601509553,rmse,7.0,0.0,a,,,,,,,,,,,,,
inmet_hourly,graphcast_hres_init,station,25.0,0.0987632780272415,0.094719488506292,0.1028279558933274,rmse,7.0,0.0,a,,,,,,,,,,,,,
inmet_hourly,graphcast_hres_init,station,50.0,0.2355882943905792,0.2278470414030448,0.2437125767000431,rmse,7.0,0.0,a,,,,,,,,,,,,,
inmet_hourly,graphcast_hres_init,station,100.0,0.4294580258691698,0.4164946426552124,0.4413942448564605,rmse,7.0,0.0,a,,,,,,,,,,,,,
inmet_hourly,ifs_hres,era5,12.5,-0.0176845524985888,-0.018536551043954,-0.0168090379398795,rmse,7.0,1.0,a,,,,,,,,,,,,,
inmet_hourly,ifs_hres,era5,25.0,-0.0625352238995433,-0.0666619271613468,-0.0585543580314534,rmse,7.0,1.0,a,,,,,,,,,,,,,
inmet_hourly,ifs_hres,era5,50.0,0.0092113427919301,0.0014117310436437,0.0170617377770593,rmse,7.0,0.01,a,,,,,,,,,,,,,
inmet_hourly,ifs_hres,era5,100.0,0.1928310200643131,0.1741017039643277,0.2116840795719539,rmse,7.0,0.0,a,,,,,,,,,,,,,
inmet_hourly,ifs_hres,station,12.5,0.0056704211887251,0.0050278932256095,0.0063039194657639,rmse,7.0,0.0,a,,,,,,,,,,,,,
inmet_hourly,ifs_hres,station,25.0,0.0818045973498046,0.0779317086732966,0.0855155704977144,rmse,7.0,0.0,a,,,,,,,,,,,,,
inmet_hourly,ifs_hres,station,50.0,0.2008719022031322,0.1930145905736144,0.2083679463520882,rmse,7.0,0.0,a,,,,,,,,,,,,,
inmet_hourly,ifs_hres,station,100.0,0.3751132602549088,0.3605988602309117,0.3892430359384455,rmse,7.0,0.0,a,,,,,,,,,,,,,
inmet_hourly,pangu_hres_init,era5,12.5,-0.0057965837130858,-0.0061385926955472,-0.0054698276888916,rmse,7.0,1.0,a,,,,,,,,,,,,,
inmet_hourly,pangu_hres_init,era5,25.0,-0.0050795414599032,-0.0073924170117951,-0.0028177573513082,rmse,7.0,1.0,a,,,,,,,,,,,,,
inmet_hourly,pangu_hres_init,era5,50.0,0.1013119621366263,0.0946933636398818,0.1077376977705504,rmse,7.0,0.0,a,,,,,,,,,,,,,
inmet_hourly,pangu_hres_init,era5,100.0,0.3172176261292775,0.3036803478643207,0.3303820988223421,rmse,7.0,0.0,a,,,,,,,,,,,,,
inmet_hourly,pangu_hres_init,station,12.5,0.0060418114478334,0.0056454287793875,0.0064622036645335,rmse,7.0,0.0,a,,,,,,,,,,,,,
inmet_hourly,pangu_hres_init,station,25.0,0.0785162808739262,0.0753436737915621,0.081667325697382,rmse,7.0,0.0,a,,,,,,,,,,,,,
inmet_hourly,pangu_hres_init,station,50.0,0.207675624669037,0.200804025564753,0.2145768237110374,rmse,7.0,0.0,a,,,,,,,,,,,,,
inmet_hourly,pangu_hres_init,station,100.0,0.3950481437559909,0.3838533024296599,0.4056816311816363,rmse,7.0,0.0,a,,,,,,,,,,,,,
midas_open_uk,ifs_hres,era5,0.0,0.0,0.0,0.0,rmse,7.0,,b,,,,,,,,,,,,,
midas_open_uk,ifs_hres,station,0.0,0.0,0.0,0.0,rmse,7.0,,b,,,,,,,,,,,,,
midas_open_uk,graphcast_hres_init,era5,0.0,0.0,0.0,0.0,rmse,7.0,,b,,,,,,,,,,,,,
midas_open_uk,graphcast_hres_init,station,0.0,0.0,0.0,0.0,rmse,7.0,,b,,,,,,,,,,,,,
midas_open_uk,pangu_hres_init,era5,0.0,0.0,0.0,0.0,rmse,7.0,,b,,,,,,,,,,,,,
midas_open_uk,pangu_hres_init,station,0.0,0.0,0.0,0.0,rmse,7.0,,b,,,,,,,,,,,,,
midas_open_uk,graphcast_hres_init,era5,12.5,-0.019724305788366,-0.0237400198259152,-0.0159722782119665,rmse,7.0,1.0,b,,,,,,,,,,,,,
midas_open_uk,graphcast_hres_init,era5,25.0,-0.0148927133378138,-0.0332993425617433,0.0031400698159117,rmse,7.0,0.948,b,,,,,,,,,,,,,
midas_open_uk,graphcast_hres_init,era5,50.0,0.1871839307500055,0.1462159028510561,0.2278953320462262,rmse,7.0,0.0,b,,,,,,,,,,,,,
midas_open_uk,graphcast_hres_init,era5,100.0,0.5843111993424572,0.5183595899882287,0.6499230270268666,rmse,7.0,0.0,b,,,,,,,,,,,,,
midas_open_uk,graphcast_hres_init,station,12.5,0.0124275431819297,0.0095324602436402,0.015199109543419,rmse,7.0,0.0,b,,,,,,,,,,,,,
midas_open_uk,graphcast_hres_init,station,25.0,0.0628670785329345,0.0463696039626451,0.0789187168720196,rmse,7.0,0.0,b,,,,,,,,,,,,,
midas_open_uk,graphcast_hres_init,station,50.0,0.2113592332140775,0.1716820396169225,0.2490460310226894,rmse,7.0,0.0,b,,,,,,,,,,,,,
midas_open_uk,graphcast_hres_init,station,100.0,0.488180069462214,0.4243233001518665,0.5486368250219391,rmse,7.0,0.0,b,,,,,,,,,,,,,
midas_open_uk,ifs_hres,era5,12.5,-0.0518617576348241,-0.0549409006497555,-0.0488957626745017,rmse,7.0,1.0,b,,,,,,,,,,,,,
midas_open_uk,ifs_hres,era5,25.0,-0.1206358970169914,-0.1373005894335666,-0.1036674061651445,rmse,7.0,1.0,b,,,,,,,,,,,,,
midas_open_uk,ifs_hres,era5,50.0,0.0136492462115044,-0.0320519809827939,0.0628463599722906,rmse,7.0,0.2985,b,,,,,,,,,,,,,
midas_open_uk,ifs_hres,era5,100.0,0.3711085317344729,0.2942852357146881,0.4548217505422327,rmse,7.0,0.0,b,,,,,,,,,,,,,
midas_open_uk,ifs_hres,station,12.5,0.0104403238495469,0.0068154131509446,0.0146226093257243,rmse,7.0,0.0,b,,,,,,,,,,,,,
midas_open_uk,ifs_hres,station,25.0,0.0474435094075632,0.0282613017524274,0.068604515140709,rmse,7.0,0.0,b,,,,,,,,,,,,,
midas_open_uk,ifs_hres,station,50.0,0.1714875555707569,0.1270052297088364,0.2197165047346852,rmse,7.0,0.0,b,,,,,,,,,,,,,
midas_open_uk,ifs_hres,station,100.0,0.4242385186271316,0.3513098008217868,0.5042388804858725,rmse,7.0,0.0,b,,,,,,,,,,,,,
midas_open_uk,pangu_hres_init,era5,12.5,-0.0071470536693625,-0.0088520162269703,-0.0054151081577361,rmse,7.0,1.0,b,,,,,,,,,,,,,
midas_open_uk,pangu_hres_init,era5,25.0,0.0343607766312257,0.0256706772440995,0.0437074502573713,rmse,7.0,0.0,b,,,,,,,,,,,,,
midas_open_uk,pangu_hres_init,era5,50.0,0.2376184668809746,0.2159676005681988,0.2620052412957442,rmse,7.0,0.0,b,,,,,,,,,,,,,
midas_open_uk,pangu_hres_init,era5,100.0,0.6258534308320514,0.5817116097249212,0.6730202179082597,rmse,7.0,0.0,b,,,,,,,,,,,,,
midas_open_uk,pangu_hres_init,station,12.5,0.0105468031696207,0.0086977401094113,0.0126282015015059,rmse,7.0,0.0,b,,,,,,,,,,,,,
midas_open_uk,pangu_hres_init,station,25.0,0.0629788820128338,0.0533616358236108,0.0736312115699409,rmse,7.0,0.0,b,,,,,,,,,,,,,
midas_open_uk,pangu_hres_init,station,50.0,0.2045793444604613,0.1804115875336706,0.2310255664107068,rmse,7.0,0.0,b,,,,,,,,,,,,,
midas_open_uk,pangu_hres_init,station,100.0,0.4817424177256053,0.4375572230944544,0.5283855089190738,rmse,7.0,0.0,b,,,,,,,,,,,,,
inmet_hourly,graphcast_hres_init,,,,,,rmse,7.0,,c,prospective_common,uniform,0.0,0.0,0.0,0.0,0.0,0.0,uniform,,,,
inmet_hourly,graphcast_hres_init,,,,,,rmse,7.0,,c,prospective_common,uniform,50.0,25.0,25.0,25.0,25.0,1.0,uniform,,,,
inmet_hourly,graphcast_hres_init,,,,,,rmse,7.0,,c,prospective_common,uniform,100.0,50.0,50.0,50.0,50.0,1.0,uniform,,,,
inmet_hourly,graphcast_hres_init,,,,,,rmse,7.0,,c,prospective_common,uniform,200.0,50.0,50.0,50.0,50.0,1.0,uniform,,,,
inmet_hourly,ifs_hres,,,,,,rmse,7.0,,c,prospective_common,uniform,0.0,0.0,0.0,0.0,0.0,0.0,uniform,,,,
inmet_hourly,ifs_hres,,,,,,rmse,7.0,,c,prospective_common,uniform,50.0,25.0,25.0,25.0,25.0,1.0,uniform,,,,
inmet_hourly,ifs_hres,,,,,,rmse,7.0,,c,prospective_common,uniform,100.0,50.0,50.0,50.0,50.0,1.0,uniform,,,,
inmet_hourly,ifs_hres,,,,,,rmse,7.0,,c,prospective_common,uniform,200.0,50.0,50.0,50.0,50.0,1.0,uniform,,,,
inmet_hourly,pangu_hres_init,,,,,,rmse,7.0,,c,prospective_common,uniform,0.0,0.0,0.0,0.0,0.0,0.0,uniform,,,,
inmet_hourly,pangu_hres_init,,,,,,rmse,7.0,,c,prospective_common,uniform,50.0,25.0,25.0,25.0,25.0,1.0,uniform,,,,
inmet_hourly,pangu_hres_init,,,,,,rmse,7.0,,c,prospective_common,uniform,100.0,50.0,50.0,50.0,50.0,1.0,uniform,,,,
inmet_hourly,pangu_hres_init,,,,,,rmse,7.0,,c,prospective_common,uniform,200.0,50.0,50.0,50.0,50.0,1.0,uniform,,,,
inmet_hourly,graphcast_hres_init,,,,,,,,,c,,,0.0,,,,,,thinning,0.0,0.0,0.0,0.0
inmet_hourly,graphcast_hres_init,,,,,,,,,c,,,50.0,,,,,,thinning,25.0,25.0,25.0,25.0
inmet_hourly,graphcast_hres_init,,,,,,,,,c,,,100.0,,,,,,thinning,47.916666666666664,50.0,25.0,50.0
inmet_hourly,graphcast_hres_init,,,,,,,,,c,,,200.0,,,,,,thinning,64.16666666666667,50.0,50.0,100.0
inmet_hourly,ifs_hres,,,,,,,,,c,,,0.0,,,,,,thinning,0.0,0.0,0.0,0.0
inmet_hourly,ifs_hres,,,,,,,,,c,,,50.0,,,,,,thinning,25.0,25.0,25.0,25.0
inmet_hourly,ifs_hres,,,,,,,,,c,,,100.0,,,,,,thinning,48.333333333333336,50.0,25.0,50.0
inmet_hourly,ifs_hres,,,,,,,,,c,,,200.0,,,,,,thinning,63.333333333333336,50.0,50.0,100.0
inmet_hourly,pangu_hres_init,,,,,,,,,c,,,0.0,,,,,,thinning,0.0,0.0,0.0,0.0
inmet_hourly,pangu_hres_init,,,,,,,,,c,,,50.0,,,,,,thinning,25.0,25.0,25.0,25.0
inmet_hourly,pangu_hres_init,,,,,,,,,c,,,100.0,,,,,,thinning,41.666666666666664,50.0,25.0,50.0
inmet_hourly,pangu_hres_init,,,,,,,,,c,,,200.0,,,,,,thinning,56.666666666666664,50.0,50.0,100.0
midas_open_uk,graphcast_hres_init,,,,,,rmse,7.0,,d,prospective_common,uniform,0.0,0.0,0.0,0.0,0.0,0.0,uniform,,,,
midas_open_uk,graphcast_hres_init,,,,,,rmse,7.0,,d,prospective_common,uniform,50.0,0.0,0.0125,0.0,0.0,0.001,uniform,,,,
midas_open_uk,graphcast_hres_init,,,,,,rmse,7.0,,d,prospective_common,uniform,100.0,12.5,13.08125,12.5,25.0,0.9965,uniform,,,,
midas_open_uk,graphcast_hres_init,,,,,,rmse,7.0,,d,prospective_common,uniform,200.0,12.5,16.94375,12.5,25.0,0.99,uniform,,,,
midas_open_uk,ifs_hres,,,,,,rmse,7.0,,d,prospective_common,uniform,0.0,0.0,0.0,0.0,0.0,0.0,uniform,,,,
midas_open_uk,ifs_hres,,,,,,rmse,7.0,,d,prospective_common,uniform,50.0,12.5,16.975,12.5,25.0,0.9995,uniform,,,,
midas_open_uk,ifs_hres,,,,,,rmse,7.0,,d,prospective_common,uniform,100.0,25.0,25.00625,25.0,25.0,1.0,uniform,,,,
midas_open_uk,ifs_hres,,,,,,rmse,7.0,,d,prospective_common,uniform,200.0,50.0,37.925,25.0,50.0,1.0,uniform,,,,
midas_open_uk,pangu_hres_init,,,,,,rmse,7.0,,d,prospective_common,uniform,0.0,0.0,0.0,0.0,0.0,0.0,uniform,,,,
midas_open_uk,pangu_hres_init,,,,,,rmse,7.0,,d,prospective_common,uniform,50.0,0.0,0.75,0.0,12.5,0.06,uniform,,,,
midas_open_uk,pangu_hres_init,,,,,,rmse,7.0,,d,prospective_common,uniform,100.0,12.5,12.51875,12.5,12.5,1.0,uniform,,,,
midas_open_uk,pangu_hres_init,,,,,,rmse,7.0,,d,prospective_common,uniform,200.0,12.5,12.64375,12.5,12.5,1.0,uniform,,,,
midas_open_uk,graphcast_hres_init,,,,,,,,,d,,,0.0,,,,,,thinning,0.0,0.0,0.0,0.0
midas_open_uk,graphcast_hres_init,,,,,,,,,d,,,50.0,,,,,,thinning,0.20833333333333334,0.0,0.0,0.0
midas_open_uk,graphcast_hres_init,,,,,,,,,d,,,100.0,,,,,,thinning,12.708333333333334,12.5,5.937500000000001,25.0
midas_open_uk,graphcast_hres_init,,,,,,,,,d,,,200.0,,,,,,thinning,16.25,12.5,0.0,25.0
midas_open_uk,ifs_hres,,,,,,,,,d,,,0.0,,,,,,thinning,0.0,0.0,0.0,0.0
midas_open_uk,ifs_hres,,,,,,,,,d,,,50.0,,,,,,thinning,15.625,12.5,12.5,25.0
midas_open_uk,ifs_hres,,,,,,,,,d,,,100.0,,,,,,thinning,25.0,25.0,25.0,25.0
midas_open_uk,ifs_hres,,,,,,,,,d,,,200.0,,,,,,thinning,38.75,50.0,25.0,50.0
midas_open_uk,pangu_hres_init,,,,,,,,,d,,,0.0,,,,,,thinning,0.0,0.0,0.0,0.0
midas_open_uk,pangu_hres_init,,,,,,,,,d,,,50.0,,,,,,thinning,1.4583333333333333,0.0,0.0,12.5
midas_open_uk,pangu_hres_init,,,,,,,,,d,,,100.0,,,,,,thinning,12.291666666666666,12.5,12.5,12.5
midas_open_uk,pangu_hres_init,,,,,,,,,d,,,200.0,,,,,,thinning,12.5,12.5,0.0,25.0
