network,model,model_family,cohort,reference,sigma_km,metric,score,n_days
inmet_hourly,era5_forecast,ifs_era5_forecast,era5_initialised,era5,0.0,centred_rmse,1.0080138872419468,365
inmet_hourly,era5_forecast,ifs_era5_forecast,era5_initialised,era5,12.5,centred_rmse,1.0057994126597962,365
inmet_hourly,era5_forecast,ifs_era5_forecast,era5_initialised,era5,25.0,centred_rmse,1.016901762557217,365
inmet_hourly,era5_forecast,ifs_era5_forecast,era5_initialised,era5,50.0,centred_rmse,1.1194533451921225,365
inmet_hourly,era5_forecast,ifs_era5_forecast,era5_initialised,era5,100.0,centred_rmse,1.3222530527423817,365
inmet_hourly,era5_forecast,ifs_era5_forecast,era5_initialised,era5,0.0,mae,0.7402563687295476,365
inmet_hourly,era5_forecast,ifs_era5_forecast,era5_initialised,era5,12.5,mae,0.7385207946386095,365
inmet_hourly,era5_forecast,ifs_era5_forecast,era5_initialised,era5,25.0,mae,0.7546002269974802,365
inmet_hourly,era5_forecast,ifs_era5_forecast,era5_initialised,era5,50.0,mae,0.8517401498730126,365
inmet_hourly,era5_forecast,ifs_era5_forecast,era5_initialised,era5,100.0,mae,1.0243862007403628,365
inmet_hourly,era5_forecast,ifs_era5_forecast,era5_initialised,era5,0.0,rmse,1.0088591310555488,365
inmet_hourly,era5_forecast,ifs_era5_forecast,era5_initialised,era5,12.5,rmse,1.0065598747200026,365
inmet_hourly,era5_forecast,ifs_era5_forecast,era5_initialised,era5,25.0,rmse,1.0173061682191518,365
inmet_hourly,era5_forecast,ifs_era5_forecast,era5_initialised,era5,50.0,rmse,1.1195016078338758,365
inmet_hourly,era5_forecast,ifs_era5_forecast,era5_initialised,era5,100.0,rmse,1.3276856216529653,365
inmet_hourly,era5_forecast,ifs_era5_forecast,era5_initialised,station,0.0,centred_rmse,1.8198448049444198,365
inmet_hourly,era5_forecast,ifs_era5_forecast,era5_initialised,station,12.5,centred_rmse,1.821434871831188,365
inmet_hourly,era5_forecast,ifs_era5_forecast,era5_initialised,station,25.0,centred_rmse,1.8567202839643397,365
inmet_hourly,era5_forecast,ifs_era5_forecast,era5_initialised,station,50.0,centred_rmse,1.9475535080772655,365
inmet_hourly,era5_forecast,ifs_era5_forecast,era5_initialised,station,100.0,centred_rmse,2.092898989377445,365
inmet_hourly,era5_forecast,ifs_era5_forecast,era5_initialised,station,0.0,mae,1.3722044337162664,365
inmet_hourly,era5_forecast,ifs_era5_forecast,era5_initialised,station,12.5,mae,1.37365578047402,365
inmet_hourly,era5_forecast,ifs_era5_forecast,era5_initialised,station,25.0,mae,1.4028127571085431,365
inmet_hourly,era5_forecast,ifs_era5_forecast,era5_initialised,station,50.0,mae,1.4746428228601192,365
inmet_hourly,era5_forecast,ifs_era5_forecast,era5_initialised,station,100.0,mae,1.588754972486895,365
inmet_hourly,era5_forecast,ifs_era5_forecast,era5_initialised,station,0.0,rmse,1.8301063469966241,365
inmet_hourly,era5_forecast,ifs_era5_forecast,era5_initialised,station,12.5,rmse,1.8319179746590826,365
inmet_hourly,era5_forecast,ifs_era5_forecast,era5_initialised,station,25.0,rmse,1.8681281767700109,365
inmet_hourly,era5_forecast,ifs_era5_forecast,era5_initialised,station,50.0,rmse,1.962930147340557,365
inmet_hourly,era5_forecast,ifs_era5_forecast,era5_initialised,station,100.0,rmse,2.122760234160402,365
inmet_hourly,graphcast_era5,graphcast,era5_initialised,era5,0.0,centred_rmse,0.8149119430291302,365
inmet_hourly,graphcast_era5,graphcast,era5_initialised,era5,12.5,centred_rmse,0.8153030311461935,365
inmet_hourly,graphcast_era5,graphcast,era5_initialised,era5,25.0,centred_rmse,0.8455890851072497,365
inmet_hourly,graphcast_era5,graphcast,era5_initialised,era5,50.0,centred_rmse,0.9833052792230174,365
inmet_hourly,graphcast_era5,graphcast,era5_initialised,era5,100.0,centred_rmse,1.2274544678939332,365
inmet_hourly,graphcast_era5,graphcast,era5_initialised,era5,0.0,mae,0.6366172426443717,365
inmet_hourly,graphcast_era5,graphcast,era5_initialised,era5,12.5,mae,0.63798708047297,365
inmet_hourly,graphcast_era5,graphcast,era5_initialised,era5,25.0,mae,0.6686021250052684,365
inmet_hourly,graphcast_era5,graphcast,era5_initialised,era5,50.0,mae,0.7828136245948287,365
inmet_hourly,graphcast_era5,graphcast,era5_initialised,era5,100.0,mae,0.9796901602619231,365
inmet_hourly,graphcast_era5,graphcast,era5_initialised,era5,0.0,rmse,0.841850080792315,365
inmet_hourly,graphcast_era5,graphcast,era5_initialised,era5,12.5,rmse,0.8429272302434839,365
inmet_hourly,graphcast_era5,graphcast,era5_initialised,era5,25.0,rmse,0.8750084394944655,365
inmet_hourly,graphcast_era5,graphcast,era5_initialised,era5,50.0,rmse,1.016546734821262,365
inmet_hourly,graphcast_era5,graphcast,era5_initialised,era5,100.0,rmse,1.2766920816370377,365
inmet_hourly,graphcast_era5,graphcast,era5_initialised,station,0.0,centred_rmse,1.702657715235383,365
inmet_hourly,graphcast_era5,graphcast,era5_initialised,station,12.5,centred_rmse,1.7070829622031187,365
inmet_hourly,graphcast_era5,graphcast,era5_initialised,station,25.0,centred_rmse,1.7660717756797817,365
inmet_hourly,graphcast_era5,graphcast,era5_initialised,station,50.0,centred_rmse,1.885706740788471,365
inmet_hourly,graphcast_era5,graphcast,era5_initialised,station,100.0,centred_rmse,2.0584108026784116,365
inmet_hourly,graphcast_era5,graphcast,era5_initialised,station,0.0,mae,1.3109587164142675,365
inmet_hourly,graphcast_era5,graphcast,era5_initialised,station,12.5,mae,1.3145449377983982,365
inmet_hourly,graphcast_era5,graphcast,era5_initialised,station,25.0,mae,1.3574286986834196,365
inmet_hourly,graphcast_era5,graphcast,era5_initialised,station,50.0,mae,1.4464948815438736,365
inmet_hourly,graphcast_era5,graphcast,era5_initialised,station,100.0,mae,1.5832379830441692,365
inmet_hourly,graphcast_era5,graphcast,era5_initialised,station,0.0,rmse,1.7601217430528295,365
inmet_hourly,graphcast_era5,graphcast,era5_initialised,station,12.5,rmse,1.765104718208708,365
inmet_hourly,graphcast_era5,graphcast,era5_initialised,station,25.0,rmse,1.8249467866306777,365
inmet_hourly,graphcast_era5,graphcast,era5_initialised,station,50.0,rmse,1.9489988354302927,365
inmet_hourly,graphcast_era5,graphcast,era5_initialised,station,100.0,rmse,2.1401872580191244,365
inmet_hourly,graphcast_hres_init,graphcast,hres_initialised,era5,0.0,centred_rmse,0.9323544355062541,365
inmet_hourly,graphcast_hres_init,graphcast,hres_initialised,era5,12.5,centred_rmse,0.9207263928948768,365
inmet_hourly,graphcast_hres_init,graphcast,hres_initialised,era5,25.0,centred_rmse,0.9058014897661121,365
inmet_hourly,graphcast_hres_init,graphcast,hres_initialised,era5,50.0,centred_rmse,1.0162781527015565,365
inmet_hourly,graphcast_hres_init,graphcast,hres_initialised,era5,100.0,centred_rmse,1.2378622588100852,365
inmet_hourly,graphcast_hres_init,graphcast,hres_initialised,era5,0.0,mae,0.7177557078183237,365
inmet_hourly,graphcast_hres_init,graphcast,hres_initialised,era5,12.5,mae,0.7094162540927614,365
inmet_hourly,graphcast_hres_init,graphcast,hres_initialised,era5,25.0,mae,0.697235576885155,365
inmet_hourly,graphcast_hres_init,graphcast,hres_initialised,era5,50.0,mae,0.7888241174221519,365
inmet_hourly,graphcast_hres_init,graphcast,hres_initialised,era5,100.0,mae,0.9648172537690037,365
inmet_hourly,graphcast_hres_init,graphcast,hres_initialised,era5,0.0,rmse,0.9401321459888698,365
inmet_hourly,graphcast_hres_init,graphcast,hres_initialised,era5,12.5,rmse,0.9278526384936194,365
inmet_hourly,graphcast_hres_init,graphcast,hres_initialised,era5,25.0,rmse,0.9105608078103539,365
inmet_hourly,graphcast_hres_init,graphcast,hres_initialised,era5,50.0,rmse,1.0174609043247929,365
inmet_hourly,graphcast_hres_init,graphcast,hres_initialised,era5,100.0,rmse,1.2395653449201742,365
inmet_hourly,graphcast_hres_init,graphcast,hres_initialised,station,0.0,centred_rmse,1.612849895544274,365
inmet_hourly,graphcast_hres_init,graphcast,hres_initialised,station,12.5,centred_rmse,1.620910730319068,365
inmet_hourly,graphcast_hres_init,graphcast,hres_initialised,station,25.0,centred_rmse,1.7098622241694832,365
inmet_hourly,graphcast_hres_init,graphcast,hres_initialised,station,50.0,centred_rmse,1.8433589882592323,365
inmet_hourly,graphcast_hres_init,graphcast,hres_initialised,station,100.0,centred_rmse,2.024588265569811,365
inmet_hourly,graphcast_hres_init,graphcast,hres_initialised,station,0.0,mae,1.209129627991136,365
inmet_hourly,graphcast_hres_init,graphcast,hres_initialised,station,12.5,mae,1.2150093116437612,365
inmet_hourly,graphcast_hres_init,graphcast,hres_initialised,station,25.0,mae,1.2857863197348687,365
inmet_hourly,graphcast_hres_init,graphcast,hres_initialised,station,50.0,mae,1.3874092053477207,365
inmet_hourly,graphcast_hres_init,graphcast,hres_initialised,station,100.0,mae,1.525690143991083,365
inmet_hourly,graphcast_hres_init,graphcast,hres_initialised,station,0.0,rmse,1.6168835978357392,365
inmet_hourly,graphcast_hres_init,graphcast,hres_initialised,station,12.5,rmse,1.6253498380708982,365
inmet_hourly,graphcast_hres_init,graphcast,hres_initialised,station,25.0,rmse,1.7157354634587116,365
inmet_hourly,graphcast_hres_init,graphcast,hres_initialised,station,50.0,rmse,1.8526965387221452,365
inmet_hourly,graphcast_hres_init,graphcast,hres_initialised,station,100.0,rmse,2.046661386742746,365
inmet_hourly,ifs_ens_mean,ifs_ensemble,operational_ensemble_mean,era5,0.0,centred_rmse,1.0614316512771984,365
inmet_hourly,ifs_ens_mean,ifs_ensemble,operational_ensemble_mean,era5,12.5,centred_rmse,1.055726146249113,365
inmet_hourly,ifs_ens_mean,ifs_ensemble,operational_ensemble_mean,era5,25.0,centred_rmse,1.050228756969497,365
inmet_hourly,ifs_ens_mean,ifs_ensemble,operational_ensemble_mean,era5,50.0,centred_rmse,1.1424523270137075,365
inmet_hourly,ifs_ens_mean,ifs_ensemble,operational_ensemble_mean,era5,100.0,centred_rmse,1.3355622145582893,365
inmet_hourly,ifs_ens_mean,ifs_ensemble,operational_ensemble_mean,era5,0.0,mae,0.8168606328363224,365
inmet_hourly,ifs_ens_mean,ifs_ensemble,operational_ensemble_mean,era5,12.5,mae,0.8115080643984012,365
inmet_hourly,ifs_ens_mean,ifs_ensemble,operational_ensemble_mean,era5,25.0,mae,0.8060839133561843,365
inmet_hourly,ifs_ens_mean,ifs_ensemble,operational_ensemble_mean,era5,50.0,mae,0.8849396147586145,365
inmet_hourly,ifs_ens_mean,ifs_ensemble,operational_ensemble_mean,era5,100.0,mae,1.0397396093731601,365
inmet_hourly,ifs_ens_mean,ifs_ensemble,operational_ensemble_mean,era5,0.0,rmse,1.0750378806476333,365
inmet_hourly,ifs_ens_mean,ifs_ensemble,operational_ensemble_mean,era5,12.5,rmse,1.0689643371990638,365
inmet_hourly,ifs_ens_mean,ifs_ensemble,operational_ensemble_mean,era5,25.0,rmse,1.0615964712844344,365
inmet_hourly,ifs_ens_mean,ifs_ensemble,operational_ensemble_mean,era5,50.0,rmse,1.1482568700366882,365
inmet_hourly,ifs_ens_mean,ifs_ensemble,operational_ensemble_mean,era5,100.0,rmse,1.3355663931456094,365
inmet_hourly,ifs_ens_mean,ifs_ensemble,operational_ensemble_mean,station,0.0,centred_rmse,1.7291900326608418,365
inmet_hourly,ifs_ens_mean,ifs_ensemble,operational_ensemble_mean,station,12.5,centred_rmse,1.7326205442378744,365
inmet_hourly,ifs_ens_mean,ifs_ensemble,operational_ensemble_mean,station,25.0,centred_rmse,1.7938088631971936,365
inmet_hourly,ifs_ens_mean,ifs_ensemble,operational_ensemble_mean,station,50.0,centred_rmse,1.9153045548408487,365
inmet_hourly,ifs_ens_mean,ifs_ensemble,operational_ensemble_mean,station,100.0,centred_rmse,2.0824955553501736,365
inmet_hourly,ifs_ens_mean,ifs_ensemble,operational_ensemble_mean,station,0.0,mae,1.3002189529884811,365
inmet_hourly,ifs_ens_mean,ifs_ensemble,operational_ensemble_mean,station,12.5,mae,1.302835918406604,365
inmet_hourly,ifs_ens_mean,ifs_ensemble,operational_ensemble_mean,station,25.0,mae,1.3523327707079102,365
inmet_hourly,ifs_ens_mean,ifs_ensemble,operational_ensemble_mean,station,50.0,mae,1.4470870040635941,365
inmet_hourly,ifs_ens_mean,ifs_ensemble,operational_ensemble_mean,station,100.0,mae,1.573765027316185,365
inmet_hourly,ifs_ens_mean,ifs_ensemble,operational_ensemble_mean,station,0.0,rmse,1.730385940136474,365
inmet_hourly,ifs_ens_mean,ifs_ensemble,operational_ensemble_mean,station,12.5,rmse,1.7339196759533502,365
inmet_hourly,ifs_ens_mean,ifs_ensemble,operational_ensemble_mean,station,25.0,rmse,1.795586485134491,365
inmet_hourly,ifs_ens_mean,ifs_ensemble,operational_ensemble_mean,station,50.0,rmse,1.9190294114439783,365
inmet_hourly,ifs_ens_mean,ifs_ensemble,operational_ensemble_mean,station,100.0,rmse,2.0953209759607825,365
inmet_hourly,ifs_hres,ifs,hres_initialised,era5,0.0,centred_rmse,1.1524025287277648,365
inmet_hourly,ifs_hres,ifs,hres_initialised,era5,12.5,centred_rmse,1.1349479546612877,365
inmet_hourly,ifs_hres,ifs,hres_initialised,era5,25.0,centred_rmse,1.0907046822291346,365
inmet_hourly,ifs_hres,ifs,hres_initialised,era5,50.0,centred_rmse,1.1628397519254445,365
inmet_hourly,ifs_hres,ifs,hres_initialised,era5,100.0,centred_rmse,1.3413024547720416,365
inmet_hourly,ifs_hres,ifs,hres_initialised,era5,0.0,mae,0.8644661523194374,365
inmet_hourly,ifs_hres,ifs,hres_initialised,era5,12.5,mae,0.8504794424672902,365
inmet_hourly,ifs_hres,ifs,hres_initialised,era5,25.0,mae,0.8139228548996353,365
inmet_hourly,ifs_hres,ifs,hres_initialised,era5,50.0,mae,0.8858080547945114,365
inmet_hourly,ifs_hres,ifs,hres_initialised,era5,100.0,mae,1.0415273681616253,365
inmet_hourly,ifs_hres,ifs,hres_initialised,era5,0.0,rmse,1.153676355241789,365
inmet_hourly,ifs_hres,ifs,hres_initialised,era5,12.5,rmse,1.1360052598754624,365
inmet_hourly,ifs_hres,ifs,hres_initialised,era5,25.0,rmse,1.0911871186977435,365
inmet_hourly,ifs_hres,ifs,hres_initialised,era5,50.0,rmse,1.162861255740574,365
inmet_hourly,ifs_hres,ifs,hres_initialised,era5,100.0,rmse,1.3463836545208279,365
inmet_hourly,ifs_hres,ifs,hres_initialised,station,0.0,centred_rmse,1.7310390800151036,365
inmet_hourly,ifs_hres,ifs,hres_initialised,station,12.5,centred_rmse,1.7361876071659712,365
inmet_hourly,ifs_hres,ifs,hres_initialised,station,25.0,centred_rmse,1.8109353890980566,365
inmet_hourly,ifs_hres,ifs,hres_initialised,station,50.0,centred_rmse,1.9261142630064174,365
inmet_hourly,ifs_hres,ifs,hres_initialised,station,100.0,centred_rmse,2.086034384463586,365
inmet_hourly,ifs_hres,ifs,hres_initialised,station,0.0,mae,1.2946708955244488,365
inmet_hourly,ifs_hres,ifs,hres_initialised,station,12.5,mae,1.299081452994021,365
inmet_hourly,ifs_hres,ifs,hres_initialised,station,25.0,mae,1.3627370531273464,365
inmet_hourly,ifs_hres,ifs,hres_initialised,station,50.0,mae,1.455430497096919,365
inmet_hourly,ifs_hres,ifs,hres_initialised,station,100.0,mae,1.5811510214318802,365
inmet_hourly,ifs_hres,ifs,hres_initialised,station,0.0,rmse,1.7404367114130423,365
inmet_hourly,ifs_hres,ifs,hres_initialised,station,12.5,rmse,1.7461030540982074,365
inmet_hourly,ifs_hres,ifs,hres_initialised,station,25.0,rmse,1.8222081869323863,365
inmet_hourly,ifs_hres,ifs,hres_initialised,station,50.0,rmse,1.9412438011464204,365
inmet_hourly,ifs_hres,ifs,hres_initialised,station,100.0,rmse,2.115471346520237,365
inmet_hourly,pangu_era5,pangu,era5_initialised,era5,0.0,centred_rmse,0.8473455403933157,365
inmet_hourly,pangu_era5,pangu,era5_initialised,era5,12.5,centred_rmse,0.846964279429561,365
inmet_hourly,pangu_era5,pangu,era5_initialised,era5,25.0,centred_rmse,0.8705186197540674,365
inmet_hourly,pangu_era5,pangu,era5_initialised,era5,50.0,centred_rmse,0.9959067664556813,365
inmet_hourly,pangu_era5,pangu,era5_initialised,era5,100.0,centred_rmse,1.2266917679558453,365
inmet_hourly,pangu_era5,pangu,era5_initialised,era5,0.0,mae,0.6380441949682887,365
inmet_hourly,pangu_era5,pangu,era5_initialised,era5,12.5,mae,0.638200519897942,365
inmet_hourly,pangu_era5,pangu,era5_initialised,era5,25.0,mae,0.6619528504416224,365
inmet_hourly,pangu_era5,pangu,era5_initialised,era5,50.0,mae,0.7672631670656743,365
inmet_hourly,pangu_era5,pangu,era5_initialised,era5,100.0,mae,0.9522670531018355,365
inmet_hourly,pangu_era5,pangu,era5_initialised,era5,0.0,rmse,0.8486469160124974,365
inmet_hourly,pangu_era5,pangu,era5_initialised,era5,12.5,rmse,0.8484011608315724,365
inmet_hourly,pangu_era5,pangu,era5_initialised,era5,25.0,rmse,0.8726803803111443,365
inmet_hourly,pangu_era5,pangu,era5_initialised,era5,50.0,rmse,1.0005553844638329,365
inmet_hourly,pangu_era5,pangu,era5_initialised,era5,100.0,rmse,1.2422507153871265,365
inmet_hourly,pangu_era5,pangu,era5_initialised,station,0.0,centred_rmse,1.6846308810211716,365
inmet_hourly,pangu_era5,pangu,era5_initialised,station,12.5,centred_rmse,1.6889255422316092,365
inmet_hourly,pangu_era5,pangu,era5_initialised,station,25.0,centred_rmse,1.7441307791560892,365
inmet_hourly,pangu_era5,pangu,era5_initialised,station,50.0,centred_rmse,1.862104116540965,365
inmet_hourly,pangu_era5,pangu,era5_initialised,station,100.0,centred_rmse,2.0349345180713563,365
inmet_hourly,pangu_era5,pangu,era5_initialised,station,0.0,mae,1.2764169081152634,365
inmet_hourly,pangu_era5,pangu,era5_initialised,station,12.5,mae,1.2795268856467628,365
inmet_hourly,pangu_era5,pangu,era5_initialised,station,25.0,mae,1.3193872621255565,365
inmet_hourly,pangu_era5,pangu,era5_initialised,station,50.0,mae,1.4066244376217683,365
inmet_hourly,pangu_era5,pangu,era5_initialised,station,100.0,mae,1.5397192854937694,365
inmet_hourly,pangu_era5,pangu,era5_initialised,station,0.0,rmse,1.7080374900887538,365
inmet_hourly,pangu_era5,pangu,era5_initialised,station,12.5,rmse,1.7126661169725714,365
inmet_hourly,pangu_era5,pangu,era5_initialised,station,25.0,rmse,1.7691044116899337,365
inmet_hourly,pangu_era5,pangu,era5_initialised,station,50.0,rmse,1.8913212684599117,365
inmet_hourly,pangu_era5,pangu,era5_initialised,station,100.0,rmse,2.080038385995588,365
inmet_hourly,pangu_hres_init,pangu,hres_initialised,era5,0.0,centred_rmse,0.948052979502104,365
inmet_hourly,pangu_hres_init,pangu,hres_initialised,era5,12.5,centred_rmse,0.9427105189163736,365
inmet_hourly,pangu_hres_init,pangu,hres_initialised,era5,25.0,centred_rmse,0.9453940795189149,365
inmet_hourly,pangu_hres_init,pangu,hres_initialised,era5,50.0,centred_rmse,1.0552607870945907,365
inmet_hourly,pangu_hres_init,pangu,hres_initialised,era5,100.0,centred_rmse,1.2721378229256806,365
inmet_hourly,pangu_hres_init,pangu,hres_initialised,era5,0.0,mae,0.7324860513147848,365
inmet_hourly,pangu_hres_init,pangu,hres_initialised,era5,12.5,mae,0.7276515133959115,365
inmet_hourly,pangu_hres_init,pangu,hres_initialised,era5,25.0,mae,0.730729185135277,365
inmet_hourly,pangu_hres_init,pangu,hres_initialised,era5,50.0,mae,0.8213399970153292,365
inmet_hourly,pangu_hres_init,pangu,hres_initialised,era5,100.0,mae,0.990357943398431,365
inmet_hourly,pangu_hres_init,pangu,hres_initialised,era5,0.0,rmse,0.9558013116199817,365
inmet_hourly,pangu_hres_init,pangu,hres_initialised,era5,12.5,rmse,0.9500023042329617,365
inmet_hourly,pangu_hres_init,pangu,hres_initialised,era5,25.0,rmse,0.9507072128159827,365
inmet_hourly,pangu_hres_init,pangu,hres_initialised,era5,50.0,rmse,1.0570822750549176,365
inmet_hourly,pangu_hres_init,pangu,hres_initialised,era5,100.0,rmse,1.2729281068874179,365
inmet_hourly,pangu_hres_init,pangu,hres_initialised,station,0.0,centred_rmse,1.673080354746856,365
inmet_hourly,pangu_hres_init,pangu,hres_initialised,station,12.5,centred_rmse,1.6788646463711012,365
inmet_hourly,pangu_hres_init,pangu,hres_initialised,station,25.0,centred_rmse,1.7502799933935245,365
inmet_hourly,pangu_hres_init,pangu,hres_initialised,station,50.0,centred_rmse,1.8766499768400733,365
inmet_hourly,pangu_hres_init,pangu,hres_initialised,station,100.0,centred_rmse,2.0529514798577075,365
inmet_hourly,pangu_hres_init,pangu,hres_initialised,station,0.0,mae,1.2567786332977906,365
inmet_hourly,pangu_hres_init,pangu,hres_initialised,station,12.5,mae,1.2612427508553314,365
inmet_hourly,pangu_hres_init,pangu,hres_initialised,station,25.0,mae,1.3167966135646778,365
inmet_hourly,pangu_hres_init,pangu,hres_initialised,station,50.0,mae,1.4124532064920838,365
inmet_hourly,pangu_hres_init,pangu,hres_initialised,station,100.0,mae,1.5456644492559275,365
inmet_hourly,pangu_hres_init,pangu,hres_initialised,station,0.0,rmse,1.6769165109652324,365
inmet_hourly,pangu_hres_init,pangu,hres_initialised,station,12.5,rmse,1.6829602807396165,365
inmet_hourly,pangu_hres_init,pangu,hres_initialised,station,25.0,rmse,1.755436279901523,365
inmet_hourly,pangu_hres_init,pangu,hres_initialised,station,50.0,rmse,1.8845879108300645,365
inmet_hourly,pangu_hres_init,pangu,hres_initialised,station,100.0,rmse,2.071912995976262,365
midas_open_uk,era5_forecast,ifs_era5_forecast,era5_initialised,era5,0.0,centred_rmse,0.7302680404123592,365
midas_open_uk,era5_forecast,ifs_era5_forecast,era5_initialised,era5,12.5,centred_rmse,0.7271559538282368,365
midas_open_uk,era5_forecast,ifs_era5_forecast,era5_initialised,era5,25.0,centred_rmse,0.7647373572076811,365
midas_open_uk,era5_forecast,ifs_era5_forecast,era5_initialised,era5,50.0,centred_rmse,0.9626523602045736,365
midas_open_uk,era5_forecast,ifs_era5_forecast,era5_initialised,era5,100.0,centred_rmse,1.343455634729241,365
midas_open_uk,era5_forecast,ifs_era5_forecast,era5_initialised,era5,0.0,mae,0.6037148015180772,365
midas_open_uk,era5_forecast,ifs_era5_forecast,era5_initialised,era5,12.5,mae,0.5997403261479713,365
midas_open_uk,era5_forecast,ifs_era5_forecast,era5_initialised,era5,25.0,mae,0.6136729215019386,365
midas_open_uk,era5_forecast,ifs_era5_forecast,era5_initialised,era5,50.0,mae,0.7286640729575761,365
midas_open_uk,era5_forecast,ifs_era5_forecast,era5_initialised,era5,100.0,mae,0.9926635105891632,365
midas_open_uk,era5_forecast,ifs_era5_forecast,era5_initialised,era5,0.0,rmse,0.7909736461375133,365
midas_open_uk,era5_forecast,ifs_era5_forecast,era5_initialised,era5,12.5,rmse,0.7850843522409225,365
midas_open_uk,era5_forecast,ifs_era5_forecast,era5_initialised,era5,25.0,rmse,0.8055617122181123,365
midas_open_uk,era5_forecast,ifs_era5_forecast,era5_initialised,era5,50.0,rmse,0.9736372319073332,365
midas_open_uk,era5_forecast,ifs_era5_forecast,era5_initialised,era5,100.0,rmse,1.3441026692026248,365
midas_open_uk,era5_forecast,ifs_era5_forecast,era5_initialised,station,0.0,centred_rmse,1.5247805866637445,365
midas_open_uk,era5_forecast,ifs_era5_forecast,era5_initialised,station,12.5,centred_rmse,1.524560796358539,365
midas_open_uk,era5_forecast,ifs_era5_forecast,era5_initialised,station,25.0,centred_rmse,1.5539300382031285,365
midas_open_uk,era5_forecast,ifs_era5_forecast,era5_initialised,station,50.0,centred_rmse,1.6695727051862668,365
midas_open_uk,era5_forecast,ifs_era5_forecast,era5_initialised,station,100.0,centred_rmse,1.910147314980275,365
midas_open_uk,era5_forecast,ifs_era5_forecast,era5_initialised,station,0.0,mae,1.182068178990503,365
midas_open_uk,era5_forecast,ifs_era5_forecast,era5_initialised,station,12.5,mae,1.1810244350219763,365
midas_open_uk,era5_forecast,ifs_era5_forecast,era5_initialised,station,25.0,mae,1.1953380688557025,365
midas_open_uk,era5_forecast,ifs_era5_forecast,era5_initialised,station,50.0,mae,1.2557894283438416,365
midas_open_uk,era5_forecast,ifs_era5_forecast,era5_initialised,station,100.0,mae,1.4256228927913348,365
midas_open_uk,era5_forecast,ifs_era5_forecast,era5_initialised,station,0.0,rmse,1.5505790086380717,365
midas_open_uk,era5_forecast,ifs_era5_forecast,era5_initialised,station,12.5,rmse,1.548944915988074,365
midas_open_uk,era5_forecast,ifs_era5_forecast,era5_initialised,station,25.0,rmse,1.5710025394117946,365
midas_open_uk,era5_forecast,ifs_era5_forecast,era5_initialised,station,50.0,rmse,1.6741435279352193,365
midas_open_uk,era5_forecast,ifs_era5_forecast,era5_initialised,station,100.0,rmse,1.911216373678462,365
midas_open_uk,graphcast_era5,graphcast,era5_initialised,era5,0.0,centred_rmse,0.6105823293295781,365
midas_open_uk,graphcast_era5,graphcast,era5_initialised,era5,12.5,centred_rmse,0.6149135332437745,365
midas_open_uk,graphcast_era5,graphcast,era5_initialised,era5,25.0,centred_rmse,0.6919159872953048,365
midas_open_uk,graphcast_era5,graphcast,era5_initialised,era5,50.0,centred_rmse,0.9499090532201884,365
midas_open_uk,graphcast_era5,graphcast,era5_initialised,era5,100.0,centred_rmse,1.3592263233054158,365
midas_open_uk,graphcast_era5,graphcast,era5_initialised,era5,0.0,mae,0.46044356237229145,365
midas_open_uk,graphcast_era5,graphcast,era5_initialised,era5,12.5,mae,0.4628695563629233,365
midas_open_uk,graphcast_era5,graphcast,era5_initialised,era5,25.0,mae,0.5190010903838526,365
midas_open_uk,graphcast_era5,graphcast,era5_initialised,era5,50.0,mae,0.7008591952207527,365
midas_open_uk,graphcast_era5,graphcast,era5_initialised,era5,100.0,mae,1.0098540688494597,365
midas_open_uk,graphcast_era5,graphcast,era5_initialised,era5,0.0,rmse,0.6130143841606256,365
midas_open_uk,graphcast_era5,graphcast,era5_initialised,era5,12.5,rmse,0.6172465840431526,365
midas_open_uk,graphcast_era5,graphcast,era5_initialised,era5,25.0,rmse,0.6925797036024879,365
midas_open_uk,graphcast_era5,graphcast,era5_initialised,era5,50.0,rmse,0.9510039385278294,365
midas_open_uk,graphcast_era5,graphcast,era5_initialised,era5,100.0,rmse,1.3718548676813946,365
midas_open_uk,graphcast_era5,graphcast,era5_initialised,station,0.0,centred_rmse,1.376326547747684,365
midas_open_uk,graphcast_era5,graphcast,era5_initialised,station,12.5,centred_rmse,1.3848545042184421,365
midas_open_uk,graphcast_era5,graphcast,era5_initialised,station,25.0,centred_rmse,1.445911443947164,365
midas_open_uk,graphcast_era5,graphcast,era5_initialised,station,50.0,centred_rmse,1.6098177095343769,365
midas_open_uk,graphcast_era5,graphcast,era5_initialised,station,100.0,centred_rmse,1.894426120008964,365
midas_open_uk,graphcast_era5,graphcast,era5_initialised,station,0.0,mae,1.0416898122379636,365
midas_open_uk,graphcast_era5,graphcast,era5_initialised,station,12.5,mae,1.047500106488037,365
midas_open_uk,graphcast_era5,graphcast,era5_initialised,station,25.0,mae,1.0852896868260948,365
midas_open_uk,graphcast_era5,graphcast,era5_initialised,station,50.0,mae,1.1978537671329206,365
midas_open_uk,graphcast_era5,graphcast,era5_initialised,station,100.0,mae,1.4235566591047544,365
midas_open_uk,graphcast_era5,graphcast,era5_initialised,station,0.0,rmse,1.376706352498088,365
midas_open_uk,graphcast_era5,graphcast,era5_initialised,station,12.5,rmse,1.3852104547633803,365
midas_open_uk,graphcast_era5,graphcast,era5_initialised,station,25.0,rmse,1.4459341214975556,365
midas_open_uk,graphcast_era5,graphcast,era5_initialised,station,50.0,rmse,1.6112463644561332,365
midas_open_uk,graphcast_era5,graphcast,era5_initialised,station,100.0,rmse,1.9058029398151983,365
midas_open_uk,graphcast_hres_init,graphcast,hres_initialised,era5,0.0,centred_rmse,0.7652635031792928,365
midas_open_uk,graphcast_hres_init,graphcast,hres_initialised,era5,12.5,centred_rmse,0.7458943468218989,365
midas_open_uk,graphcast_hres_init,graphcast,hres_initialised,era5,25.0,centred_rmse,0.7661964743590136,365
midas_open_uk,graphcast_hres_init,graphcast,hres_initialised,era5,50.0,centred_rmse,0.9934008829838972,365
midas_open_uk,graphcast_hres_init,graphcast,hres_initialised,era5,100.0,centred_rmse,1.3939844145523943,365
midas_open_uk,graphcast_hres_init,graphcast,hres_initialised,era5,0.0,mae,0.6284371926367712,365
midas_open_uk,graphcast_hres_init,graphcast,hres_initialised,era5,12.5,mae,0.6142068382411581,365
midas_open_uk,graphcast_hres_init,graphcast,hres_initialised,era5,25.0,mae,0.6104447260768154,365
midas_open_uk,graphcast_hres_init,graphcast,hres_initialised,era5,50.0,mae,0.7464166267029211,365
midas_open_uk,graphcast_hres_init,graphcast,hres_initialised,era5,100.0,mae,1.0325666651344136,365
midas_open_uk,graphcast_hres_init,graphcast,hres_initialised,era5,0.0,rmse,0.8114702297290773,365
midas_open_uk,graphcast_hres_init,graphcast,hres_initialised,era5,12.5,rmse,0.791765278174394,365
midas_open_uk,graphcast_hres_init,graphcast,hres_initialised,era5,25.0,rmse,0.7966772053816312,365
midas_open_uk,graphcast_hres_init,graphcast,hres_initialised,era5,50.0,rmse,0.998977509836794,365
midas_open_uk,graphcast_hres_init,graphcast,hres_initialised,era5,100.0,rmse,1.3963645583457585,365
midas_open_uk,graphcast_hres_init,graphcast,hres_initialised,station,0.0,centred_rmse,1.4355823547514728,365
midas_open_uk,graphcast_hres_init,graphcast,hres_initialised,station,12.5,centred_rmse,1.448929476439169,365
midas_open_uk,graphcast_hres_init,graphcast,hres_initialised,station,25.0,centred_rmse,1.5070286367374022,365
midas_open_uk,graphcast_hres_init,graphcast,hres_initialised,station,50.0,centred_rmse,1.6662656831355371,365
midas_open_uk,graphcast_hres_init,graphcast,hres_initialised,station,100.0,centred_rmse,1.9425702352929441,365
midas_open_uk,graphcast_hres_init,graphcast,hres_initialised,station,0.0,mae,1.1029441249302832,365
midas_open_uk,graphcast_hres_init,graphcast,hres_initialised,station,12.5,mae,1.114886884759059,365
midas_open_uk,graphcast_hres_init,graphcast,hres_initialised,station,25.0,mae,1.153726801329835,365
midas_open_uk,graphcast_hres_init,graphcast,hres_initialised,station,50.0,mae,1.2477119218818198,365
midas_open_uk,graphcast_hres_init,graphcast,hres_initialised,station,100.0,mae,1.4526745785220414,365
midas_open_uk,graphcast_hres_init,graphcast,hres_initialised,station,0.0,rmse,1.4567955396785568,365
midas_open_uk,graphcast_hres_init,graphcast,hres_initialised,station,12.5,rmse,1.4692256440333336,365
midas_open_uk,graphcast_hres_init,graphcast,hres_initialised,station,25.0,rmse,1.5197265816172203,365
midas_open_uk,graphcast_hres_init,graphcast,hres_initialised,station,50.0,rmse,1.6683411691010783,365
midas_open_uk,graphcast_hres_init,graphcast,hres_initialised,station,100.0,rmse,1.9453367231325698,365
midas_open_uk,ifs_ens_mean,ifs_ensemble,operational_ensemble_mean,era5,0.0,centred_rmse,0.8121006519036432,365
midas_open_uk,ifs_ens_mean,ifs_ensemble,operational_ensemble_mean,era5,12.5,centred_rmse,0.7953049947350228,365
midas_open_uk,ifs_ens_mean,ifs_ensemble,operational_ensemble_mean,era5,25.0,centred_rmse,0.7907884708575406,365
midas_open_uk,ifs_ens_mean,ifs_ensemble,operational_ensemble_mean,era5,50.0,centred_rmse,0.9727174474891096,365
midas_open_uk,ifs_ens_mean,ifs_ensemble,operational_ensemble_mean,era5,100.0,centred_rmse,1.348024604531451,365
midas_open_uk,ifs_ens_mean,ifs_ensemble,operational_ensemble_mean,era5,0.0,mae,0.6928832452623827,365
midas_open_uk,ifs_ens_mean,ifs_ensemble,operational_ensemble_mean,era5,12.5,mae,0.6809632260746412,365
midas_open_uk,ifs_ens_mean,ifs_ensemble,operational_ensemble_mean,era5,25.0,mae,0.6567470861232686,365
midas_open_uk,ifs_ens_mean,ifs_ensemble,operational_ensemble_mean,era5,50.0,mae,0.7462789873051758,365
midas_open_uk,ifs_ens_mean,ifs_ensemble,operational_ensemble_mean,era5,100.0,mae,0.9967896369989354,365
midas_open_uk,ifs_ens_mean,ifs_ensemble,operational_ensemble_mean,era5,0.0,rmse,0.8927796623127535,365
midas_open_uk,ifs_ens_mean,ifs_ensemble,operational_ensemble_mean,era5,12.5,rmse,0.8752988396972008,365
midas_open_uk,ifs_ens_mean,ifs_ensemble,operational_ensemble_mean,era5,25.0,rmse,0.850409192207208,365
midas_open_uk,ifs_ens_mean,ifs_ensemble,operational_ensemble_mean,era5,50.0,rmse,0.9925084377119465,365
midas_open_uk,ifs_ens_mean,ifs_ensemble,operational_ensemble_mean,era5,100.0,rmse,1.3480522793782483,365
midas_open_uk,ifs_ens_mean,ifs_ensemble,operational_ensemble_mean,station,0.0,centred_rmse,1.4621604776031856,365
midas_open_uk,ifs_ens_mean,ifs_ensemble,operational_ensemble_mean,station,12.5,centred_rmse,1.4657088225935764,365
midas_open_uk,ifs_ens_mean,ifs_ensemble,operational_ensemble_mean,station,25.0,centred_rmse,1.507153158319783,365
midas_open_uk,ifs_ens_mean,ifs_ensemble,operational_ensemble_mean,station,50.0,centred_rmse,1.6448272625402893,365
midas_open_uk,ifs_ens_mean,ifs_ensemble,operational_ensemble_mean,station,100.0,centred_rmse,1.9027462297891131,365
midas_open_uk,ifs_ens_mean,ifs_ensemble,operational_ensemble_mean,station,0.0,mae,1.1458649879467113,365
midas_open_uk,ifs_ens_mean,ifs_ensemble,operational_ensemble_mean,station,12.5,mae,1.1491348111978374,365
midas_open_uk,ifs_ens_mean,ifs_ensemble,operational_ensemble_mean,station,25.0,mae,1.172097051722417,365
midas_open_uk,ifs_ens_mean,ifs_ensemble,operational_ensemble_mean,station,50.0,mae,1.2447990162344107,365
midas_open_uk,ifs_ens_mean,ifs_ensemble,operational_ensemble_mean,station,100.0,mae,1.4205670813229538,365
midas_open_uk,ifs_ens_mean,ifs_ensemble,operational_ensemble_mean,station,0.0,rmse,1.503155536779536,365
midas_open_uk,ifs_ens_mean,ifs_ensemble,operational_ensemble_mean,station,12.5,rmse,1.5053875000758628,365
midas_open_uk,ifs_ens_mean,ifs_ensemble,operational_ensemble_mean,station,25.0,rmse,1.5349121129991488,365
midas_open_uk,ifs_ens_mean,ifs_ensemble,operational_ensemble_mean,station,50.0,rmse,1.6541105117678863,365
midas_open_uk,ifs_ens_mean,ifs_ensemble,operational_ensemble_mean,station,100.0,rmse,1.9027946719873843,365
midas_open_uk,ifs_hres,ifs,hres_initialised,era5,0.0,centred_rmse,0.9079694407611234,365
midas_open_uk,ifs_hres,ifs,hres_initialised,era5,12.5,centred_rmse,0.8526339570987513,365
midas_open_uk,ifs_hres,ifs,hres_initialised,era5,25.0,centred_rmse,0.799235645866512,365
midas_open_uk,ifs_hres,ifs,hres_initialised,era5,50.0,centred_rmse,0.9690076209049403,365
midas_open_uk,ifs_hres,ifs,hres_initialised,era5,100.0,centred_rmse,1.342325994341707,365
midas_open_uk,ifs_hres,ifs,hres_initialised,era5,0.0,mae,0.7437536271530605,365
midas_open_uk,ifs_hres,ifs,hres_initialised,era5,12.5,mae,0.7068712448959799,365
midas_open_uk,ifs_hres,ifs,hres_initialised,era5,25.0,mae,0.6513580508880866,365
midas_open_uk,ifs_hres,ifs,hres_initialised,era5,50.0,mae,0.7367414439186702,365
midas_open_uk,ifs_hres,ifs,hres_initialised,era5,100.0,mae,0.9893552995424056,365
midas_open_uk,ifs_hres,ifs,hres_initialised,era5,0.0,rmse,0.9706798678425616,365
midas_open_uk,ifs_hres,ifs,hres_initialised,era5,12.5,rmse,0.9188383908777907,365
midas_open_uk,ifs_hres,ifs,hres_initialised,era5,25.0,rmse,0.8501948749751442,365
midas_open_uk,ifs_hres,ifs,hres_initialised,era5,50.0,rmse,0.9847237002113373,365
midas_open_uk,ifs_hres,ifs,hres_initialised,era5,100.0,rmse,1.342382469318311,365
midas_open_uk,ifs_hres,ifs,hres_initialised,station,0.0,centred_rmse,1.4372418539459235,365
midas_open_uk,ifs_hres,ifs,hres_initialised,station,12.5,centred_rmse,1.4481416424601803,365
midas_open_uk,ifs_hres,ifs,hres_initialised,station,25.0,centred_rmse,1.4966392900771122,365
midas_open_uk,ifs_hres,ifs,hres_initialised,station,50.0,centred_rmse,1.637749776506341,365
midas_open_uk,ifs_hres,ifs,hres_initialised,station,100.0,centred_rmse,1.8976655837492695,365
midas_open_uk,ifs_hres,ifs,hres_initialised,station,0.0,mae,1.1116596906067215,365
midas_open_uk,ifs_hres,ifs,hres_initialised,station,12.5,mae,1.1252512926543146,365
midas_open_uk,ifs_hres,ifs,hres_initialised,station,25.0,mae,1.1572935907775619,365
midas_open_uk,ifs_hres,ifs,hres_initialised,station,50.0,mae,1.2342188012701114,365
midas_open_uk,ifs_hres,ifs,hres_initialised,station,100.0,mae,1.4142563269698314,365
midas_open_uk,ifs_hres,ifs,hres_initialised,station,0.0,rmse,1.4726568883903728,365
midas_open_uk,ifs_hres,ifs,hres_initialised,station,12.5,rmse,1.4831288711643233,365
midas_open_uk,ifs_hres,ifs,hres_initialised,station,25.0,rmse,1.5203930412292903,365
midas_open_uk,ifs_hres,ifs,hres_initialised,station,50.0,rmse,1.644882155611751,365
midas_open_uk,ifs_hres,ifs,hres_initialised,station,100.0,rmse,1.8979796902248722,365
midas_open_uk,pangu_era5,pangu,era5_initialised,era5,0.0,centred_rmse,0.7509520977044124,365
midas_open_uk,pangu_era5,pangu,era5_initialised,era5,12.5,centred_rmse,0.7542264392613585,365
midas_open_uk,pangu_era5,pangu,era5_initialised,era5,25.0,centred_rmse,0.8137504285490138,365
midas_open_uk,pangu_era5,pangu,era5_initialised,era5,50.0,centred_rmse,1.0155677941783072,365
midas_open_uk,pangu_era5,pangu,era5_initialised,era5,100.0,centred_rmse,1.3859205629808178,365
midas_open_uk,pangu_era5,pangu,era5_initialised,era5,0.0,mae,0.5630685344138051,365
midas_open_uk,pangu_era5,pangu,era5_initialised,era5,12.5,mae,0.5655215130529567,365
midas_open_uk,pangu_era5,pangu,era5_initialised,era5,25.0,mae,0.6099413985829311,365
midas_open_uk,pangu_era5,pangu,era5_initialised,era5,50.0,mae,0.75819733159495,365
midas_open_uk,pangu_era5,pangu,era5_initialised,era5,100.0,mae,1.040794429297669,365
midas_open_uk,pangu_era5,pangu,era5_initialised,era5,0.0,rmse,0.7511578899560087,365
midas_open_uk,pangu_era5,pangu,era5_initialised,era5,12.5,rmse,0.7543697393070045,365
midas_open_uk,pangu_era5,pangu,era5_initialised,era5,25.0,rmse,0.8138529505666132,365
midas_open_uk,pangu_era5,pangu,era5_initialised,era5,50.0,rmse,1.0194427852449546,365
midas_open_uk,pangu_era5,pangu,era5_initialised,era5,100.0,rmse,1.4038136394318783,365
midas_open_uk,pangu_era5,pangu,era5_initialised,station,0.0,centred_rmse,1.4786325039366968,365
midas_open_uk,pangu_era5,pangu,era5_initialised,station,12.5,centred_rmse,1.4841089041076772,365
midas_open_uk,pangu_era5,pangu,era5_initialised,station,25.0,centred_rmse,1.52806044761606,365
midas_open_uk,pangu_era5,pangu,era5_initialised,station,50.0,centred_rmse,1.659018776638945,365
midas_open_uk,pangu_era5,pangu,era5_initialised,station,100.0,centred_rmse,1.9181209651740874,365
midas_open_uk,pangu_era5,pangu,era5_initialised,station,0.0,mae,1.1158725089442918,365
midas_open_uk,pangu_era5,pangu,era5_initialised,station,12.5,mae,1.1192431116300612,365
midas_open_uk,pangu_era5,pangu,era5_initialised,station,25.0,mae,1.1467111001731385,365
midas_open_uk,pangu_era5,pangu,era5_initialised,station,50.0,mae,1.2400502447096087,365
midas_open_uk,pangu_era5,pangu,era5_initialised,station,100.0,mae,1.449368760033361,365
midas_open_uk,pangu_era5,pangu,era5_initialised,station,0.0,rmse,1.4786397638967808,365
midas_open_uk,pangu_era5,pangu,era5_initialised,station,12.5,rmse,1.4841279169383004,365
midas_open_uk,pangu_era5,pangu,era5_initialised,station,25.0,rmse,1.5284642825051802,365
midas_open_uk,pangu_era5,pangu,era5_initialised,station,50.0,rmse,1.6627290773794192,365
midas_open_uk,pangu_era5,pangu,era5_initialised,station,100.0,rmse,1.9337852184102475,365
midas_open_uk,pangu_hres_init,pangu,hres_initialised,era5,0.0,centred_rmse,0.8054003289585604,365
midas_open_uk,pangu_hres_init,pangu,hres_initialised,era5,12.5,centred_rmse,0.7991510069306503,365
midas_open_uk,pangu_hres_init,pangu,hres_initialised,era5,25.0,centred_rmse,0.8469203153283524,365
midas_open_uk,pangu_hres_init,pangu,hres_initialised,era5,50.0,centred_rmse,1.0555736288826507,365
midas_open_uk,pangu_hres_init,pangu,hres_initialised,era5,100.0,centred_rmse,1.436178424349023,365
midas_open_uk,pangu_hres_init,pangu,hres_initialised,era5,0.0,mae,0.6223309739648681,365
midas_open_uk,pangu_hres_init,pangu,hres_initialised,era5,12.5,mae,0.6150521289215591,365
midas_open_uk,pangu_hres_init,pangu,hres_initialised,era5,25.0,mae,0.6416258646916904,365
midas_open_uk,pangu_hres_init,pangu,hres_initialised,era5,50.0,mae,0.7867485383470846,365
midas_open_uk,pangu_hres_init,pangu,hres_initialised,era5,100.0,mae,1.071467083220121,365
midas_open_uk,pangu_hres_init,pangu,hres_initialised,era5,0.0,rmse,0.8180406802182684,365
midas_open_uk,pangu_hres_init,pangu,hres_initialised,era5,12.5,rmse,0.8108888870996673,365
midas_open_uk,pangu_hres_init,pangu,hres_initialised,era5,25.0,rmse,0.8523622979182428,365
midas_open_uk,pangu_hres_init,pangu,hres_initialised,era5,50.0,rmse,1.0555832320898586,365
midas_open_uk,pangu_hres_init,pangu,hres_initialised,era5,100.0,rmse,1.4438471055982527,365
midas_open_uk,pangu_hres_init,pangu,hres_initialised,station,0.0,centred_rmse,1.4899984133421056,365
midas_open_uk,pangu_hres_init,pangu,hres_initialised,station,12.5,centred_rmse,1.5010312324574977,365
midas_open_uk,pangu_hres_init,pangu,hres_initialised,station,25.0,centred_rmse,1.5561055218418574,365
midas_open_uk,pangu_hres_init,pangu,hres_initialised,station,50.0,centred_rmse,1.6993833384136996,365
midas_open_uk,pangu_hres_init,pangu,hres_initialised,station,100.0,centred_rmse,1.9693222259170504,365
midas_open_uk,pangu_hres_init,pangu,hres_initialised,station,0.0,mae,1.1333527438344857,365
midas_open_uk,pangu_hres_init,pangu,hres_initialised,station,12.5,mae,1.1407164812438049,365
midas_open_uk,pangu_hres_init,pangu,hres_initialised,station,25.0,mae,1.1740720199619195,365
midas_open_uk,pangu_hres_init,pangu,hres_initialised,station,50.0,mae,1.2697743049637218,365
midas_open_uk,pangu_hres_init,pangu,hres_initialised,station,100.0,mae,1.4819606630610547,365
midas_open_uk,pangu_hres_init,pangu,hres_initialised,station,0.0,rmse,1.4949063169013812,365
midas_open_uk,pangu_hres_init,pangu,hres_initialised,station,12.5,rmse,1.505449686897742,365
midas_open_uk,pangu_hres_init,pangu,hres_initialised,station,25.0,rmse,1.5578615953081878,365
midas_open_uk,pangu_hres_init,pangu,hres_initialised,station,50.0,rmse,1.6994756465038219,365
midas_open_uk,pangu_hres_init,pangu,hres_initialised,station,100.0,rmse,1.9767176275230165,365
