network,ladder,model,weighting,support_km,metric,sigma_km,score,n_centres,n_days
inmet_hourly,prospective_common,graphcast_hres_init,gaussian,0.0,mae,0.0,1.543253293219737,37,365
inmet_hourly,prospective_common,graphcast_hres_init,gaussian,0.0,mae,12.5,1.5683947636259863,37,365
inmet_hourly,prospective_common,graphcast_hres_init,gaussian,0.0,mae,25.0,1.7522306612244558,37,365
inmet_hourly,prospective_common,graphcast_hres_init,gaussian,0.0,mae,50.0,1.9396791764578951,37,365
inmet_hourly,prospective_common,graphcast_hres_init,gaussian,0.0,mae,100.0,2.232077394748116,37,365
inmet_hourly,prospective_common,graphcast_hres_init,gaussian,50.0,mae,0.0,1.1998907549420263,37,365
inmet_hourly,prospective_common,graphcast_hres_init,gaussian,50.0,mae,12.5,1.1942967564078522,37,365
inmet_hourly,prospective_common,graphcast_hres_init,gaussian,50.0,mae,25.0,1.1873684214638465,37,365
inmet_hourly,prospective_common,graphcast_hres_init,gaussian,50.0,mae,50.0,1.3812656054207335,37,365
inmet_hourly,prospective_common,graphcast_hres_init,gaussian,50.0,mae,100.0,1.7861711836375167,37,365
inmet_hourly,prospective_common,graphcast_hres_init,gaussian,100.0,mae,0.0,1.133461225248206,37,365
inmet_hourly,prospective_common,graphcast_hres_init,gaussian,100.0,mae,12.5,1.1077007147867457,37,365
inmet_hourly,prospective_common,graphcast_hres_init,gaussian,100.0,mae,25.0,0.9707726370503053,37,365
inmet_hourly,prospective_common,graphcast_hres_init,gaussian,100.0,mae,50.0,1.0215025060768066,37,365
inmet_hourly,prospective_common,graphcast_hres_init,gaussian,100.0,mae,100.0,1.3988168327603914,37,365
inmet_hourly,prospective_common,graphcast_hres_init,gaussian,200.0,mae,0.0,1.1995071962307566,37,365
inmet_hourly,prospective_common,graphcast_hres_init,gaussian,200.0,mae,12.5,1.164112872042207,37,365
inmet_hourly,prospective_common,graphcast_hres_init,gaussian,200.0,mae,25.0,0.9513775883859131,37,365
inmet_hourly,prospective_common,graphcast_hres_init,gaussian,200.0,mae,50.0,0.8085776451179474,37,365
inmet_hourly,prospective_common,graphcast_hres_init,gaussian,200.0,mae,100.0,1.0311867095275793,37,365
inmet_hourly,prospective_common,graphcast_hres_init,gaussian,0.0,rmse,0.0,2.1651184356321838,37,365
inmet_hourly,prospective_common,graphcast_hres_init,gaussian,0.0,rmse,12.5,2.198004962675262,37,365
inmet_hourly,prospective_common,graphcast_hres_init,gaussian,0.0,rmse,25.0,2.4324066015033883,37,365
inmet_hourly,prospective_common,graphcast_hres_init,gaussian,0.0,rmse,50.0,2.7045651995958293,37,365
inmet_hourly,prospective_common,graphcast_hres_init,gaussian,0.0,rmse,100.0,3.08978942316606,37,365
inmet_hourly,prospective_common,graphcast_hres_init,gaussian,50.0,rmse,0.0,1.5677557898841232,37,365
inmet_hourly,prospective_common,graphcast_hres_init,gaussian,50.0,rmse,12.5,1.5629007633968586,37,365
inmet_hourly,prospective_common,graphcast_hres_init,gaussian,50.0,rmse,25.0,1.581798923746959,37,365
inmet_hourly,prospective_common,graphcast_hres_init,gaussian,50.0,rmse,50.0,1.8610670436500099,37,365
inmet_hourly,prospective_common,graphcast_hres_init,gaussian,50.0,rmse,100.0,2.350631827845121,37,365
inmet_hourly,prospective_common,graphcast_hres_init,gaussian,100.0,rmse,0.0,1.4534397515011488,37,365
inmet_hourly,prospective_common,graphcast_hres_init,gaussian,100.0,rmse,12.5,1.423254261710771,37,365
inmet_hourly,prospective_common,graphcast_hres_init,gaussian,100.0,rmse,25.0,1.231677235445211,37,365
inmet_hourly,prospective_common,graphcast_hres_init,gaussian,100.0,rmse,50.0,1.3108302686607125,37,365
inmet_hourly,prospective_common,graphcast_hres_init,gaussian,100.0,rmse,100.0,1.772665093836175,37,365
inmet_hourly,prospective_common,graphcast_hres_init,gaussian,200.0,rmse,0.0,1.5381069148630262,37,365
inmet_hourly,prospective_common,graphcast_hres_init,gaussian,200.0,rmse,12.5,1.4984428665497247,37,365
inmet_hourly,prospective_common,graphcast_hres_init,gaussian,200.0,rmse,25.0,1.2247802243493864,37,365
inmet_hourly,prospective_common,graphcast_hres_init,gaussian,200.0,rmse,50.0,1.0348270780853555,37,365
inmet_hourly,prospective_common,graphcast_hres_init,gaussian,200.0,rmse,100.0,1.2980421383147163,37,365
inmet_hourly,prospective_common,graphcast_hres_init,uniform,0.0,mae,0.0,1.543253293219737,37,365
inmet_hourly,prospective_common,graphcast_hres_init,uniform,0.0,mae,12.5,1.5683947636259863,37,365
inmet_hourly,prospective_common,graphcast_hres_init,uniform,0.0,mae,25.0,1.7522306612244558,37,365
inmet_hourly,prospective_common,graphcast_hres_init,uniform,0.0,mae,50.0,1.9396791764578951,37,365
inmet_hourly,prospective_common,graphcast_hres_init,uniform,0.0,mae,100.0,2.232077394748116,37,365
inmet_hourly,prospective_common,graphcast_hres_init,uniform,50.0,mae,0.0,1.2711567620782789,37,365
inmet_hourly,prospective_common,graphcast_hres_init,uniform,50.0,mae,12.5,1.2499635837282383,37,365
inmet_hourly,prospective_common,graphcast_hres_init,uniform,50.0,mae,25.0,1.114564196609929,37,365
inmet_hourly,prospective_common,graphcast_hres_init,uniform,50.0,mae,50.0,1.2301231179957421,37,365
inmet_hourly,prospective_common,graphcast_hres_init,uniform,50.0,mae,100.0,1.6275432634168052,37,365
inmet_hourly,prospective_common,graphcast_hres_init,uniform,100.0,mae,0.0,1.2244285067524014,37,365
inmet_hourly,prospective_common,graphcast_hres_init,uniform,100.0,mae,12.5,1.1917474875545313,37,365
inmet_hourly,prospective_common,graphcast_hres_init,uniform,100.0,mae,25.0,1.0149606246893161,37,365
inmet_hourly,prospective_common,graphcast_hres_init,uniform,100.0,mae,50.0,0.9430962377853062,37,365
inmet_hourly,prospective_common,graphcast_hres_init,uniform,100.0,mae,100.0,1.2230809033764305,37,365
inmet_hourly,prospective_common,graphcast_hres_init,uniform,200.0,mae,0.0,1.3548283803648618,37,365
inmet_hourly,prospective_common,graphcast_hres_init,uniform,200.0,mae,12.5,1.3188487487557958,37,365
inmet_hourly,prospective_common,graphcast_hres_init,uniform,200.0,mae,25.0,1.0963691332081307,37,365
inmet_hourly,prospective_common,graphcast_hres_init,uniform,200.0,mae,50.0,0.8759444871161114,37,365
inmet_hourly,prospective_common,graphcast_hres_init,uniform,200.0,mae,100.0,0.9552046733372457,37,365
inmet_hourly,prospective_common,graphcast_hres_init,uniform,0.0,rmse,0.0,2.1651184356321838,37,365
inmet_hourly,prospective_common,graphcast_hres_init,uniform,0.0,rmse,12.5,2.198004962675262,37,365
inmet_hourly,prospective_common,graphcast_hres_init,uniform,0.0,rmse,25.0,2.4324066015033883,37,365
inmet_hourly,prospective_common,graphcast_hres_init,uniform,0.0,rmse,50.0,2.7045651995958293,37,365
inmet_hourly,prospective_common,graphcast_hres_init,uniform,0.0,rmse,100.0,3.08978942316606,37,365
inmet_hourly,prospective_common,graphcast_hres_init,uniform,50.0,rmse,0.0,1.639374290522748,37,365
inmet_hourly,prospective_common,graphcast_hres_init,uniform,50.0,rmse,12.5,1.6130383718683663,37,365
inmet_hourly,prospective_common,graphcast_hres_init,uniform,50.0,rmse,25.0,1.4438830455572669,37,365
inmet_hourly,prospective_common,graphcast_hres_init,uniform,50.0,rmse,50.0,1.6105878167904568,37,365
inmet_hourly,prospective_common,graphcast_hres_init,uniform,50.0,rmse,100.0,2.090564013723941,37,365
inmet_hourly,prospective_common,graphcast_hres_init,uniform,100.0,rmse,0.0,1.589592611878457,37,365
inmet_hourly,prospective_common,graphcast_hres_init,uniform,100.0,rmse,12.5,1.5547406759315403,37,365
inmet_hourly,prospective_common,graphcast_hres_init,uniform,100.0,rmse,25.0,1.3146847083622557,37,365
inmet_hourly,prospective_common,graphcast_hres_init,uniform,100.0,rmse,50.0,1.2100072276240068,37,365
inmet_hourly,prospective_common,graphcast_hres_init,uniform,100.0,rmse,100.0,1.538587478317322,37,365
inmet_hourly,prospective_common,graphcast_hres_init,uniform,200.0,rmse,0.0,1.7198087762808385,37,365
inmet_hourly,prospective_common,graphcast_hres_init,uniform,200.0,rmse,12.5,1.6811086876514751,37,365
inmet_hourly,prospective_common,graphcast_hres_init,uniform,200.0,rmse,25.0,1.410116646864172,37,365
inmet_hourly,prospective_common,graphcast_hres_init,uniform,200.0,rmse,50.0,1.1366976709225793,37,365
inmet_hourly,prospective_common,graphcast_hres_init,uniform,200.0,rmse,100.0,1.2245697520610577,37,365
inmet_hourly,prospective_common,ifs_hres,gaussian,0.0,mae,0.0,1.5906613786618358,37,365
inmet_hourly,prospective_common,ifs_hres,gaussian,0.0,mae,12.5,1.6155512565434456,37,365
inmet_hourly,prospective_common,ifs_hres,gaussian,0.0,mae,25.0,1.8075727854434076,37,365
inmet_hourly,prospective_common,ifs_hres,gaussian,0.0,mae,50.0,1.994179701397082,37,365
inmet_hourly,prospective_common,ifs_hres,gaussian,0.0,mae,100.0,2.2735670128033045,37,365
inmet_hourly,prospective_common,ifs_hres,gaussian,50.0,mae,0.0,1.284215648189992,37,365
inmet_hourly,prospective_common,ifs_hres,gaussian,50.0,mae,12.5,1.274091760711659,37,365
inmet_hourly,prospective_common,ifs_hres,gaussian,50.0,mae,25.0,1.2588919586151397,37,365
inmet_hourly,prospective_common,ifs_hres,gaussian,50.0,mae,50.0,1.4496754802912408,37,365
inmet_hourly,prospective_common,ifs_hres,gaussian,50.0,mae,100.0,1.8391503356141745,37,365
inmet_hourly,prospective_common,ifs_hres,gaussian,100.0,mae,0.0,1.2285846090465404,37,365
inmet_hourly,prospective_common,ifs_hres,gaussian,100.0,mae,12.5,1.1963011469884974,37,365
inmet_hourly,prospective_common,ifs_hres,gaussian,100.0,mae,25.0,1.0412938652955324,37,365
inmet_hourly,prospective_common,ifs_hres,gaussian,100.0,mae,50.0,1.0915468561850028,37,365
inmet_hourly,prospective_common,ifs_hres,gaussian,100.0,mae,100.0,1.4530323029188652,37,365
inmet_hourly,prospective_common,ifs_hres,gaussian,200.0,mae,0.0,1.291447759295898,37,365
inmet_hourly,prospective_common,ifs_hres,gaussian,200.0,mae,12.5,1.2498017738113794,37,365
inmet_hourly,prospective_common,ifs_hres,gaussian,200.0,mae,25.0,1.02140561814721,37,365
inmet_hourly,prospective_common,ifs_hres,gaussian,200.0,mae,50.0,0.8815316854011488,37,365
inmet_hourly,prospective_common,ifs_hres,gaussian,200.0,mae,100.0,1.0911702786188688,37,365
inmet_hourly,prospective_common,ifs_hres,gaussian,0.0,rmse,0.0,2.228390689030989,37,365
inmet_hourly,prospective_common,ifs_hres,gaussian,0.0,rmse,12.5,2.2596187881060206,37,365
inmet_hourly,prospective_common,ifs_hres,gaussian,0.0,rmse,25.0,2.4976311308911194,37,365
inmet_hourly,prospective_common,ifs_hres,gaussian,0.0,rmse,50.0,2.762840873625849,37,365
inmet_hourly,prospective_common,ifs_hres,gaussian,0.0,rmse,100.0,3.135518528207432,37,365
inmet_hourly,prospective_common,ifs_hres,gaussian,50.0,rmse,0.0,1.6815358072715836,37,365
inmet_hourly,prospective_common,ifs_hres,gaussian,50.0,rmse,12.5,1.6699768588043917,37,365
inmet_hourly,prospective_common,ifs_hres,gaussian,50.0,rmse,25.0,1.6783452525947544,37,365
inmet_hourly,prospective_common,ifs_hres,gaussian,50.0,rmse,50.0,1.943465342154993,37,365
inmet_hourly,prospective_common,ifs_hres,gaussian,50.0,rmse,100.0,2.4108851911727074,37,365
inmet_hourly,prospective_common,ifs_hres,gaussian,100.0,rmse,0.0,1.5706403575255576,37,365
inmet_hourly,prospective_common,ifs_hres,gaussian,100.0,rmse,12.5,1.532500617176533,37,365
inmet_hourly,prospective_common,ifs_hres,gaussian,100.0,rmse,25.0,1.3359528127088336,37,365
inmet_hourly,prospective_common,ifs_hres,gaussian,100.0,rmse,50.0,1.4115515175629694,37,365
inmet_hourly,prospective_common,ifs_hres,gaussian,100.0,rmse,100.0,1.8452485374601257,37,365
inmet_hourly,prospective_common,ifs_hres,gaussian,200.0,rmse,0.0,1.6409617132887382,37,365
inmet_hourly,prospective_common,ifs_hres,gaussian,200.0,rmse,12.5,1.5926913241870884,37,365
inmet_hourly,prospective_common,ifs_hres,gaussian,200.0,rmse,25.0,1.3151404581941655,37,365
inmet_hourly,prospective_common,ifs_hres,gaussian,200.0,rmse,50.0,1.1440161467704948,37,365
inmet_hourly,prospective_common,ifs_hres,gaussian,200.0,rmse,100.0,1.385135794244536,37,365
inmet_hourly,prospective_common,ifs_hres,uniform,0.0,mae,0.0,1.5906613786618358,37,365
inmet_hourly,prospective_common,ifs_hres,uniform,0.0,mae,12.5,1.6155512565434456,37,365
inmet_hourly,prospective_common,ifs_hres,uniform,0.0,mae,25.0,1.8075727854434076,37,365
inmet_hourly,prospective_common,ifs_hres,uniform,0.0,mae,50.0,1.994179701397082,37,365
inmet_hourly,prospective_common,ifs_hres,uniform,0.0,mae,100.0,2.2735670128033045,37,365
inmet_hourly,prospective_common,ifs_hres,uniform,50.0,mae,0.0,1.365107667845016,37,365
inmet_hourly,prospective_common,ifs_hres,uniform,50.0,mae,12.5,1.3375983990006326,37,365
inmet_hourly,prospective_common,ifs_hres,uniform,50.0,mae,25.0,1.186399407233915,37,365
inmet_hourly,prospective_common,ifs_hres,uniform,50.0,mae,50.0,1.2983954076143043,37,365
inmet_hourly,prospective_common,ifs_hres,uniform,50.0,mae,100.0,1.6798018535774402,37,365
inmet_hourly,prospective_common,ifs_hres,uniform,100.0,mae,0.0,1.3188506610644863,37,365
inmet_hourly,prospective_common,ifs_hres,uniform,100.0,mae,12.5,1.2793606530736163,37,365
inmet_hourly,prospective_common,ifs_hres,uniform,100.0,mae,25.0,1.084255560760436,37,365
inmet_hourly,prospective_common,ifs_hres,uniform,100.0,mae,50.0,1.0100219045021093,37,365
inmet_hourly,prospective_common,ifs_hres,uniform,100.0,mae,100.0,1.2757754115691675,37,365
inmet_hourly,prospective_common,ifs_hres,uniform,200.0,mae,0.0,1.4249372917447383,37,365
inmet_hourly,prospective_common,ifs_hres,uniform,200.0,mae,12.5,1.384276579509971,37,365
inmet_hourly,prospective_common,ifs_hres,uniform,200.0,mae,25.0,1.1503798837424115,37,365
inmet_hourly,prospective_common,ifs_hres,uniform,200.0,mae,50.0,0.940186734778619,37,365
inmet_hourly,prospective_common,ifs_hres,uniform,200.0,mae,100.0,1.0193301963037045,37,365
inmet_hourly,prospective_common,ifs_hres,uniform,0.0,rmse,0.0,2.228390689030989,37,365
inmet_hourly,prospective_common,ifs_hres,uniform,0.0,rmse,12.5,2.2596187881060206,37,365
inmet_hourly,prospective_common,ifs_hres,uniform,0.0,rmse,25.0,2.4976311308911194,37,365
inmet_hourly,prospective_common,ifs_hres,uniform,0.0,rmse,50.0,2.762840873625849,37,365
inmet_hourly,prospective_common,ifs_hres,uniform,0.0,rmse,100.0,3.135518528207432,37,365
inmet_hourly,prospective_common,ifs_hres,uniform,50.0,rmse,0.0,1.7636292666934499,37,365
inmet_hourly,prospective_common,ifs_hres,uniform,50.0,rmse,12.5,1.7289237813180474,37,365
inmet_hourly,prospective_common,ifs_hres,uniform,50.0,rmse,25.0,1.5461150956045782,37,365
inmet_hourly,prospective_common,ifs_hres,uniform,50.0,rmse,50.0,1.7002514683411818,37,365
inmet_hourly,prospective_common,ifs_hres,uniform,50.0,rmse,100.0,2.1554724797810962,37,365
inmet_hourly,prospective_common,ifs_hres,uniform,100.0,rmse,0.0,1.6851042878142637,37,365
inmet_hourly,prospective_common,ifs_hres,uniform,100.0,rmse,12.5,1.6426899661777976,37,365
inmet_hourly,prospective_common,ifs_hres,uniform,100.0,rmse,25.0,1.3993449649179208,37,365
inmet_hourly,prospective_common,ifs_hres,uniform,100.0,rmse,50.0,1.3060932650764534,37,365
inmet_hourly,prospective_common,ifs_hres,uniform,100.0,rmse,100.0,1.614242969425906,37,365
inmet_hourly,prospective_common,ifs_hres,uniform,200.0,rmse,0.0,1.8016699692857736,37,365
inmet_hourly,prospective_common,ifs_hres,uniform,200.0,rmse,12.5,1.7545734572250056,37,365
inmet_hourly,prospective_common,ifs_hres,uniform,200.0,rmse,25.0,1.4760746947083323,37,365
inmet_hourly,prospective_common,ifs_hres,uniform,200.0,rmse,50.0,1.2216584590521598,37,365
inmet_hourly,prospective_common,ifs_hres,uniform,200.0,rmse,100.0,1.3049954446009857,37,365
inmet_hourly,prospective_common,pangu_hres_init,gaussian,0.0,mae,0.0,1.639740193402728,37,365
inmet_hourly,prospective_common,pangu_hres_init,gaussian,0.0,mae,12.5,1.6546688866226609,37,365
inmet_hourly,prospective_common,pangu_hres_init,gaussian,0.0,mae,25.0,1.7967352850123337,37,365
inmet_hourly,prospective_common,pangu_hres_init,gaussian,0.0,mae,50.0,1.9918557563531778,37,365
inmet_hourly,prospective_common,pangu_hres_init,gaussian,0.0,mae,100.0,2.278018083318254,37,365
inmet_hourly,prospective_common,pangu_hres_init,gaussian,50.0,mae,0.0,1.2259864150372168,37,365
inmet_hourly,prospective_common,pangu_hres_init,gaussian,50.0,mae,12.5,1.227466647141192,37,365
inmet_hourly,prospective_common,pangu_hres_init,gaussian,50.0,mae,25.0,1.2517913190664032,37,365
inmet_hourly,prospective_common,pangu_hres_init,gaussian,50.0,mae,50.0,1.4617510242565745,37,365
inmet_hourly,prospective_common,pangu_hres_init,gaussian,50.0,mae,100.0,1.8464367383399205,37,365
inmet_hourly,prospective_common,pangu_hres_init,gaussian,100.0,mae,0.0,1.0891338734911336,37,365
inmet_hourly,prospective_common,pangu_hres_init,gaussian,100.0,mae,12.5,1.0804534034349915,37,365
inmet_hourly,prospective_common,pangu_hres_init,gaussian,100.0,mae,25.0,1.0061095561627957,37,365
inmet_hourly,prospective_common,pangu_hres_init,gaussian,100.0,mae,50.0,1.0989157081674583,37,365
inmet_hourly,prospective_common,pangu_hres_init,gaussian,100.0,mae,100.0,1.4673414059003855,37,365
inmet_hourly,prospective_common,pangu_hres_init,gaussian,200.0,mae,0.0,1.0944319372703921,37,365
inmet_hourly,prospective_common,pangu_hres_init,gaussian,200.0,mae,12.5,1.07478520739653,37,365
inmet_hourly,prospective_common,pangu_hres_init,gaussian,200.0,mae,25.0,0.9351213176570214,37,365
inmet_hourly,prospective_common,pangu_hres_init,gaussian,200.0,mae,50.0,0.8585583223723193,37,365
inmet_hourly,prospective_common,pangu_hres_init,gaussian,200.0,mae,100.0,1.1117854003001566,37,365
inmet_hourly,prospective_common,pangu_hres_init,gaussian,0.0,rmse,0.0,2.2909253589633183,37,365
inmet_hourly,prospective_common,pangu_hres_init,gaussian,0.0,rmse,12.5,2.312767389286919,37,365
inmet_hourly,prospective_common,pangu_hres_init,gaussian,0.0,rmse,25.0,2.500125602911303,37,365
inmet_hourly,prospective_common,pangu_hres_init,gaussian,0.0,rmse,50.0,2.772847886797941,37,365
inmet_hourly,prospective_common,pangu_hres_init,gaussian,0.0,rmse,100.0,3.1471242616035067,37,365
inmet_hourly,prospective_common,pangu_hres_init,gaussian,50.0,rmse,0.0,1.6088837794687598,37,365
inmet_hourly,prospective_common,pangu_hres_init,gaussian,50.0,rmse,12.5,1.6126568596585598,37,365
inmet_hourly,prospective_common,pangu_hres_init,gaussian,50.0,rmse,25.0,1.668016458812316,37,365
inmet_hourly,prospective_common,pangu_hres_init,gaussian,50.0,rmse,50.0,1.9565011728650328,37,365
inmet_hourly,prospective_common,pangu_hres_init,gaussian,50.0,rmse,100.0,2.4260842776892533,37,365
inmet_hourly,prospective_common,pangu_hres_init,gaussian,100.0,rmse,0.0,1.391848894304333,37,365
inmet_hourly,prospective_common,pangu_hres_init,gaussian,100.0,rmse,12.5,1.3807721386895206,37,365
inmet_hourly,prospective_common,pangu_hres_init,gaussian,100.0,rmse,25.0,1.284241293476918,37,365
inmet_hourly,prospective_common,pangu_hres_init,gaussian,100.0,rmse,50.0,1.411878656456081,37,365
inmet_hourly,prospective_common,pangu_hres_init,gaussian,100.0,rmse,100.0,1.8621233856115917,37,365
inmet_hourly,prospective_common,pangu_hres_init,gaussian,200.0,rmse,0.0,1.4156856078690068,37,365
inmet_hourly,prospective_common,pangu_hres_init,gaussian,200.0,rmse,12.5,1.3952363681392566,37,365
inmet_hourly,prospective_common,pangu_hres_init,gaussian,200.0,rmse,25.0,1.2077689053901872,37,365
inmet_hourly,prospective_common,pangu_hres_init,gaussian,200.0,rmse,50.0,1.096546253011009,37,365
inmet_hourly,prospective_common,pangu_hres_init,gaussian,200.0,rmse,100.0,1.3870323969376124,37,365
inmet_hourly,prospective_common,pangu_hres_init,uniform,0.0,mae,0.0,1.639740193402728,37,365
inmet_hourly,prospective_common,pangu_hres_init,uniform,0.0,mae,12.5,1.6546688866226609,37,365
inmet_hourly,prospective_common,pangu_hres_init,uniform,0.0,mae,25.0,1.7967352850123337,37,365
inmet_hourly,prospective_common,pangu_hres_init,uniform,0.0,mae,50.0,1.9918557563531778,37,365
inmet_hourly,prospective_common,pangu_hres_init,uniform,0.0,mae,100.0,2.278018083318254,37,365
inmet_hourly,prospective_common,pangu_hres_init,uniform,50.0,mae,0.0,1.238843278762504,37,365
inmet_hourly,prospective_common,pangu_hres_init,uniform,50.0,mae,12.5,1.2335407875927045,37,365
inmet_hourly,prospective_common,pangu_hres_init,uniform,50.0,mae,25.0,1.1659500328478585,37,365
inmet_hourly,prospective_common,pangu_hres_init,uniform,50.0,mae,50.0,1.308697205700057,37,365
inmet_hourly,prospective_common,pangu_hres_init,uniform,50.0,mae,100.0,1.6897029909341417,37,365
inmet_hourly,prospective_common,pangu_hres_init,uniform,100.0,mae,0.0,1.150516502263398,37,365
inmet_hourly,prospective_common,pangu_hres_init,uniform,100.0,mae,12.5,1.134740164003896,37,365
inmet_hourly,prospective_common,pangu_hres_init,uniform,100.0,mae,25.0,1.0266810661730998,37,365
inmet_hourly,prospective_common,pangu_hres_init,uniform,100.0,mae,50.0,1.008915536142093,37,365
inmet_hourly,prospective_common,pangu_hres_init,uniform,100.0,mae,100.0,1.2942339339805815,37,365
inmet_hourly,prospective_common,pangu_hres_init,uniform,200.0,mae,0.0,1.2298221974337575,37,365
inmet_hourly,prospective_common,pangu_hres_init,uniform,200.0,mae,12.5,1.208035904231011,37,365
inmet_hourly,prospective_common,pangu_hres_init,uniform,200.0,mae,25.0,1.0516501246842067,37,365
inmet_hourly,prospective_common,pangu_hres_init,uniform,200.0,mae,50.0,0.8945428025075989,37,365
inmet_hourly,prospective_common,pangu_hres_init,uniform,200.0,mae,100.0,1.0237121740651243,37,365
inmet_hourly,prospective_common,pangu_hres_init,uniform,0.0,rmse,0.0,2.2909253589633183,37,365
inmet_hourly,prospective_common,pangu_hres_init,uniform,0.0,rmse,12.5,2.312767389286919,37,365
inmet_hourly,prospective_common,pangu_hres_init,uniform,0.0,rmse,25.0,2.500125602911303,37,365
inmet_hourly,prospective_common,pangu_hres_init,uniform,0.0,rmse,50.0,2.772847886797941,37,365
inmet_hourly,prospective_common,pangu_hres_init,uniform,0.0,rmse,100.0,3.1471242616035067,37,365
inmet_hourly,prospective_common,pangu_hres_init,uniform,50.0,rmse,0.0,1.6070804964670646,37,365
inmet_hourly,prospective_common,pangu_hres_init,uniform,50.0,rmse,12.5,1.5984240381739894,37,365
inmet_hourly,prospective_common,pangu_hres_init,uniform,50.0,rmse,25.0,1.519407720308129,37,365
inmet_hourly,prospective_common,pangu_hres_init,uniform,50.0,rmse,50.0,1.714117925116174,37,365
inmet_hourly,prospective_common,pangu_hres_init,uniform,50.0,rmse,100.0,2.1745710360607906,37,365
inmet_hourly,prospective_common,pangu_hres_init,uniform,100.0,rmse,0.0,1.4897748941495998,37,365
inmet_hourly,prospective_common,pangu_hres_init,uniform,100.0,rmse,12.5,1.4732516844438113,37,365
inmet_hourly,prospective_common,pangu_hres_init,uniform,100.0,rmse,25.0,1.3215877901283901,37,365
inmet_hourly,prospective_common,pangu_hres_init,uniform,100.0,rmse,50.0,1.2865161080098042,37,365
inmet_hourly,prospective_common,pangu_hres_init,uniform,100.0,rmse,100.0,1.6281409515907437,37,365
inmet_hourly,prospective_common,pangu_hres_init,uniform,200.0,rmse,0.0,1.5828177060794488,37,365
inmet_hourly,prospective_common,pangu_hres_init,uniform,200.0,rmse,12.5,1.5609050994978522,37,365
inmet_hourly,prospective_common,pangu_hres_init,uniform,200.0,rmse,25.0,1.3635878746132464,37,365
inmet_hourly,prospective_common,pangu_hres_init,uniform,200.0,rmse,50.0,1.1604099170519373,37,365
inmet_hourly,prospective_common,pangu_hres_init,uniform,200.0,rmse,100.0,1.2991131783721739,37,365
midas_open_uk,exact_preregistered,graphcast_hres_init,gaussian,0.0,mae,0.0,0.9087114692607301,15,365
midas_open_uk,exact_preregistered,graphcast_hres_init,gaussian,0.0,mae,12.5,0.9264875575459689,15,365
midas_open_uk,exact_preregistered,graphcast_hres_init,gaussian,0.0,mae,25.0,1.0119548370906004,15,365
midas_open_uk,exact_preregistered,graphcast_hres_init,gaussian,0.0,mae,50.0,1.1636019530456048,15,365
midas_open_uk,exact_preregistered,graphcast_hres_init,gaussian,0.0,mae,100.0,1.3446686964303827,15,365
midas_open_uk,exact_preregistered,graphcast_hres_init,gaussian,25.0,mae,0.0,0.841275629420773,15,365
midas_open_uk,exact_preregistered,graphcast_hres_init,gaussian,25.0,mae,12.5,0.8552679098369933,15,365
midas_open_uk,exact_preregistered,graphcast_hres_init,gaussian,25.0,mae,25.0,0.9369458096701234,15,365
midas_open_uk,exact_preregistered,graphcast_hres_init,gaussian,25.0,mae,50.0,1.0920115410529347,15,365
midas_open_uk,exact_preregistered,graphcast_hres_init,gaussian,25.0,mae,100.0,1.2801712417237265,15,365
midas_open_uk,exact_preregistered,graphcast_hres_init,gaussian,50.0,mae,0.0,0.8162309119460507,15,365
midas_open_uk,exact_preregistered,graphcast_hres_init,gaussian,50.0,mae,12.5,0.8180906159109324,15,365
midas_open_uk,exact_preregistered,graphcast_hres_init,gaussian,50.0,mae,25.0,0.8713596283678813,15,365
midas_open_uk,exact_preregistered,graphcast_hres_init,gaussian,50.0,mae,50.0,1.012290783710085,15,365
midas_open_uk,exact_preregistered,graphcast_hres_init,gaussian,50.0,mae,100.0,1.1935586686993525,15,365
midas_open_uk,exact_preregistered,graphcast_hres_init,gaussian,100.0,mae,0.0,0.7584285132549808,15,365
midas_open_uk,exact_preregistered,graphcast_hres_init,gaussian,100.0,mae,12.5,0.7560330693438668,15,365
midas_open_uk,exact_preregistered,graphcast_hres_init,gaussian,100.0,mae,25.0,0.7918442439915904,15,365
midas_open_uk,exact_preregistered,graphcast_hres_init,gaussian,100.0,mae,50.0,0.9097942644119872,15,365
midas_open_uk,exact_preregistered,graphcast_hres_init,gaussian,100.0,mae,100.0,1.09347715353547,15,365
midas_open_uk,exact_preregistered,graphcast_hres_init,gaussian,0.0,rmse,0.0,1.1902606458885556,15,365
midas_open_uk,exact_preregistered,graphcast_hres_init,gaussian,0.0,rmse,12.5,1.2165569143523545,15,365
midas_open_uk,exact_preregistered,graphcast_hres_init,gaussian,0.0,rmse,25.0,1.3382606533158203,15,365
midas_open_uk,exact_preregistered,graphcast_hres_init,gaussian,0.0,rmse,50.0,1.5546461592244059,15,365
midas_open_uk,exact_preregistered,graphcast_hres_init,gaussian,0.0,rmse,100.0,1.7729763692422513,15,365
midas_open_uk,exact_preregistered,graphcast_hres_init,gaussian,25.0,rmse,0.0,1.095343556898581,15,365
midas_open_uk,exact_preregistered,graphcast_hres_init,gaussian,25.0,rmse,12.5,1.118388638790586,15,365
midas_open_uk,exact_preregistered,graphcast_hres_init,gaussian,25.0,rmse,25.0,1.241293519715803,15,365
midas_open_uk,exact_preregistered,graphcast_hres_init,gaussian,25.0,rmse,50.0,1.4686095083318913,15,365
midas_open_uk,exact_preregistered,graphcast_hres_init,gaussian,25.0,rmse,100.0,1.6988145512826036,15,365
midas_open_uk,exact_preregistered,graphcast_hres_init,gaussian,50.0,rmse,0.0,1.0501084774779814,15,365
midas_open_uk,exact_preregistered,graphcast_hres_init,gaussian,50.0,rmse,12.5,1.0566615114748017,15,365
midas_open_uk,exact_preregistered,graphcast_hres_init,gaussian,50.0,rmse,25.0,1.1509275625216753,15,365
midas_open_uk,exact_preregistered,graphcast_hres_init,gaussian,50.0,rmse,50.0,1.3689170261815582,15,365
midas_open_uk,exact_preregistered,graphcast_hres_init,gaussian,50.0,rmse,100.0,1.6007492068647353,15,365
midas_open_uk,exact_preregistered,graphcast_hres_init,gaussian,100.0,rmse,0.0,0.9799636767933364,15,365
midas_open_uk,exact_preregistered,graphcast_hres_init,gaussian,100.0,rmse,12.5,0.9762808003709732,15,365
midas_open_uk,exact_preregistered,graphcast_hres_init,gaussian,100.0,rmse,25.0,1.0475907676397618,15,365
midas_open_uk,exact_preregistered,graphcast_hres_init,gaussian,100.0,rmse,50.0,1.250013003117294,15,365
midas_open_uk,exact_preregistered,graphcast_hres_init,gaussian,100.0,rmse,100.0,1.4826905196512292,15,365
midas_open_uk,exact_preregistered,graphcast_hres_init,uniform,0.0,mae,0.0,0.9087114692607301,15,365
midas_open_uk,exact_preregistered,graphcast_hres_init,uniform,0.0,mae,12.5,0.9264875575459689,15,365
midas_open_uk,exact_preregistered,graphcast_hres_init,uniform,0.0,mae,25.0,1.0119548370906004,15,365
midas_open_uk,exact_preregistered,graphcast_hres_init,uniform,0.0,mae,50.0,1.1636019530456048,15,365
midas_open_uk,exact_preregistered,graphcast_hres_init,uniform,0.0,mae,100.0,1.3446686964303827,15,365
midas_open_uk,exact_preregistered,graphcast_hres_init,uniform,25.0,mae,0.0,0.8569345063560785,15,365
midas_open_uk,exact_preregistered,graphcast_hres_init,uniform,25.0,mae,12.5,0.8621974710875794,15,365
midas_open_uk,exact_preregistered,graphcast_hres_init,uniform,25.0,mae,25.0,0.9228859124022747,15,365
midas_open_uk,exact_preregistered,graphcast_hres_init,uniform,25.0,mae,50.0,1.0662834111122048,15,365
midas_open_uk,exact_preregistered,graphcast_hres_init,uniform,25.0,mae,100.0,1.2467882648883497,15,365
midas_open_uk,exact_preregistered,graphcast_hres_init,uniform,50.0,mae,0.0,0.826204903867438,15,365
midas_open_uk,exact_preregistered,graphcast_hres_init,uniform,50.0,mae,12.5,0.8248136583898759,15,365
midas_open_uk,exact_preregistered,graphcast_hres_init,uniform,50.0,mae,25.0,0.8643527282686632,15,365
midas_open_uk,exact_preregistered,graphcast_hres_init,uniform,50.0,mae,50.0,0.9892283346530717,15,365
midas_open_uk,exact_preregistered,graphcast_hres_init,uniform,50.0,mae,100.0,1.160650374472705,15,365
midas_open_uk,exact_preregistered,graphcast_hres_init,uniform,100.0,mae,0.0,0.761419010996667,15,365
midas_open_uk,exact_preregistered,graphcast_hres_init,uniform,100.0,mae,12.5,0.7566609519329225,15,365
midas_open_uk,exact_preregistered,graphcast_hres_init,uniform,100.0,mae,25.0,0.7811375098306163,15,365
midas_open_uk,exact_preregistered,graphcast_hres_init,uniform,100.0,mae,50.0,0.8804569400021881,15,365
midas_open_uk,exact_preregistered,graphcast_hres_init,uniform,100.0,mae,100.0,1.0623675120132647,15,365
midas_open_uk,exact_preregistered,graphcast_hres_init,uniform,0.0,rmse,0.0,1.1902606458885556,15,365
midas_open_uk,exact_preregistered,graphcast_hres_init,uniform,0.0,rmse,12.5,1.2165569143523545,15,365
midas_open_uk,exact_preregistered,graphcast_hres_init,uniform,0.0,rmse,25.0,1.3382606533158203,15,365
midas_open_uk,exact_preregistered,graphcast_hres_init,uniform,0.0,rmse,50.0,1.5546461592244059,15,365
midas_open_uk,exact_preregistered,graphcast_hres_init,uniform,0.0,rmse,100.0,1.7729763692422513,15,365
midas_open_uk,exact_preregistered,graphcast_hres_init,uniform,25.0,rmse,0.0,1.1085305364587754,15,365
midas_open_uk,exact_preregistered,graphcast_hres_init,uniform,25.0,rmse,12.5,1.1217652639510258,15,365
midas_open_uk,exact_preregistered,graphcast_hres_init,uniform,25.0,rmse,25.0,1.227374592324399,15,365
midas_open_uk,exact_preregistered,graphcast_hres_init,uniform,25.0,rmse,50.0,1.448838110580286,15,365
midas_open_uk,exact_preregistered,graphcast_hres_init,uniform,25.0,rmse,100.0,1.6783694381093506,15,365
midas_open_uk,exact_preregistered,graphcast_hres_init,uniform,50.0,rmse,0.0,1.0638874496495625,15,365
midas_open_uk,exact_preregistered,graphcast_hres_init,uniform,50.0,rmse,12.5,1.061276708121044,15,365
midas_open_uk,exact_preregistered,graphcast_hres_init,uniform,50.0,rmse,25.0,1.131281766331415,15,365
midas_open_uk,exact_preregistered,graphcast_hres_init,uniform,50.0,rmse,50.0,1.3318906807800515,15,365
midas_open_uk,exact_preregistered,graphcast_hres_init,uniform,50.0,rmse,100.0,1.5609769688980424,15,365
midas_open_uk,exact_preregistered,graphcast_hres_init,uniform,100.0,rmse,0.0,0.9901329515443306,15,365
midas_open_uk,exact_preregistered,graphcast_hres_init,uniform,100.0,rmse,12.5,0.9823487397246766,15,365
midas_open_uk,exact_preregistered,graphcast_hres_init,uniform,100.0,rmse,25.0,1.0399527702621882,15,365
midas_open_uk,exact_preregistered,graphcast_hres_init,uniform,100.0,rmse,50.0,1.2228306034441172,15,365
midas_open_uk,exact_preregistered,graphcast_hres_init,uniform,100.0,rmse,100.0,1.4435525923808297,15,365
midas_open_uk,exact_preregistered,ifs_hres,gaussian,0.0,mae,0.0,0.9724459011916476,15,365
midas_open_uk,exact_preregistered,ifs_hres,gaussian,0.0,mae,12.5,0.9744007120711452,15,365
midas_open_uk,exact_preregistered,ifs_hres,gaussian,0.0,mae,25.0,1.0274235582189148,15,365
midas_open_uk,exact_preregistered,ifs_hres,gaussian,0.0,mae,50.0,1.1547163866165995,15,365
midas_open_uk,exact_preregistered,ifs_hres,gaussian,0.0,mae,100.0,1.3052184485649343,15,365
midas_open_uk,exact_preregistered,ifs_hres,gaussian,25.0,mae,0.0,0.9159227547969746,15,365
midas_open_uk,exact_preregistered,ifs_hres,gaussian,25.0,mae,12.5,0.9100336339721328,15,365
midas_open_uk,exact_preregistered,ifs_hres,gaussian,25.0,mae,25.0,0.9522797738399549,15,365
midas_open_uk,exact_preregistered,ifs_hres,gaussian,25.0,mae,50.0,1.0810127913653242,15,365
midas_open_uk,exact_preregistered,ifs_hres,gaussian,25.0,mae,100.0,1.2368012103547992,15,365
midas_open_uk,exact_preregistered,ifs_hres,gaussian,50.0,mae,0.0,0.9106893551892009,15,365
midas_open_uk,exact_preregistered,ifs_hres,gaussian,50.0,mae,12.5,0.8896415011117609,15,365
midas_open_uk,exact_preregistered,ifs_hres,gaussian,50.0,mae,25.0,0.8922848377223662,15,365
midas_open_uk,exact_preregistered,ifs_hres,gaussian,50.0,mae,50.0,1.0026585955722829,15,365
midas_open_uk,exact_preregistered,ifs_hres,gaussian,50.0,mae,100.0,1.1495601067097982,15,365
midas_open_uk,exact_preregistered,ifs_hres,gaussian,100.0,mae,0.0,0.8734828014995295,15,365
midas_open_uk,exact_preregistered,ifs_hres,gaussian,100.0,mae,12.5,0.8450787897092981,15,365
midas_open_uk,exact_preregistered,ifs_hres,gaussian,100.0,mae,25.0,0.8209059079557983,15,365
midas_open_uk,exact_preregistered,ifs_hres,gaussian,100.0,mae,50.0,0.9005035325441406,15,365
midas_open_uk,exact_preregistered,ifs_hres,gaussian,100.0,mae,100.0,1.0414398679002124,15,365
midas_open_uk,exact_preregistered,ifs_hres,gaussian,0.0,rmse,0.0,1.2829482460193669,15,365
midas_open_uk,exact_preregistered,ifs_hres,gaussian,0.0,rmse,12.5,1.2867860135543867,15,365
midas_open_uk,exact_preregistered,ifs_hres,gaussian,0.0,rmse,25.0,1.362303296755615,15,365
midas_open_uk,exact_preregistered,ifs_hres,gaussian,0.0,rmse,50.0,1.5431986719437354,15,365
midas_open_uk,exact_preregistered,ifs_hres,gaussian,0.0,rmse,100.0,1.7298774745715497,15,365
midas_open_uk,exact_preregistered,ifs_hres,gaussian,25.0,rmse,0.0,1.2054623443582897,15,365
midas_open_uk,exact_preregistered,ifs_hres,gaussian,25.0,rmse,12.5,1.199535232429601,15,365
midas_open_uk,exact_preregistered,ifs_hres,gaussian,25.0,rmse,25.0,1.2636746502115415,15,365
midas_open_uk,exact_preregistered,ifs_hres,gaussian,25.0,rmse,50.0,1.4520076275079952,15,365
midas_open_uk,exact_preregistered,ifs_hres,gaussian,25.0,rmse,100.0,1.6511233010349777,15,365
midas_open_uk,exact_preregistered,ifs_hres,gaussian,50.0,rmse,0.0,1.1872117974746823,15,365
midas_open_uk,exact_preregistered,ifs_hres,gaussian,50.0,rmse,12.5,1.1596761028245894,15,365
midas_open_uk,exact_preregistered,ifs_hres,gaussian,50.0,rmse,25.0,1.1769147374770847,15,365
midas_open_uk,exact_preregistered,ifs_hres,gaussian,50.0,rmse,50.0,1.3483883003049304,15,365
midas_open_uk,exact_preregistered,ifs_hres,gaussian,50.0,rmse,100.0,1.5484976613842694,15,365
midas_open_uk,exact_preregistered,ifs_hres,gaussian,100.0,rmse,0.0,1.145289913394347,15,365
midas_open_uk,exact_preregistered,ifs_hres,gaussian,100.0,rmse,12.5,1.1062439618093498,15,365
midas_open_uk,exact_preregistered,ifs_hres,gaussian,100.0,rmse,25.0,1.087326270574924,15,365
midas_open_uk,exact_preregistered,ifs_hres,gaussian,100.0,rmse,50.0,1.2323633566662344,15,365
midas_open_uk,exact_preregistered,ifs_hres,gaussian,100.0,rmse,100.0,1.4269599394934096,15,365
midas_open_uk,exact_preregistered,ifs_hres,uniform,0.0,mae,0.0,0.9724459011916476,15,365
midas_open_uk,exact_preregistered,ifs_hres,uniform,0.0,mae,12.5,0.9744007120711452,15,365
midas_open_uk,exact_preregistered,ifs_hres,uniform,0.0,mae,25.0,1.0274235582189148,15,365
midas_open_uk,exact_preregistered,ifs_hres,uniform,0.0,mae,50.0,1.1547163866165995,15,365
midas_open_uk,exact_preregistered,ifs_hres,uniform,0.0,mae,100.0,1.3052184485649343,15,365
midas_open_uk,exact_preregistered,ifs_hres,uniform,25.0,mae,0.0,0.9428335814411601,15,365
midas_open_uk,exact_preregistered,ifs_hres,uniform,25.0,mae,12.5,0.9252137660482432,15,365
midas_open_uk,exact_preregistered,ifs_hres,uniform,25.0,mae,25.0,0.9399020602771898,15,365
midas_open_uk,exact_preregistered,ifs_hres,uniform,25.0,mae,50.0,1.0560025598330338,15,365
midas_open_uk,exact_preregistered,ifs_hres,uniform,25.0,mae,100.0,1.203692537800912,15,365
midas_open_uk,exact_preregistered,ifs_hres,uniform,50.0,mae,0.0,0.9295531693140751,15,365
midas_open_uk,exact_preregistered,ifs_hres,uniform,50.0,mae,12.5,0.9037725584939453,15,365
midas_open_uk,exact_preregistered,ifs_hres,uniform,50.0,mae,25.0,0.8876797188641568,15,365
midas_open_uk,exact_preregistered,ifs_hres,uniform,50.0,mae,50.0,0.9796573796985578,15,365
midas_open_uk,exact_preregistered,ifs_hres,uniform,50.0,mae,100.0,1.1168610052529684,15,365
midas_open_uk,exact_preregistered,ifs_hres,uniform,100.0,mae,0.0,0.889949735956352,15,365
midas_open_uk,exact_preregistered,ifs_hres,uniform,100.0,mae,12.5,0.8591388122152886,15,365
midas_open_uk,exact_preregistered,ifs_hres,uniform,100.0,mae,25.0,0.8201259336865719,15,365
midas_open_uk,exact_preregistered,ifs_hres,uniform,100.0,mae,50.0,0.8743656141852175,15,365
midas_open_uk,exact_preregistered,ifs_hres,uniform,100.0,mae,100.0,1.010472996827028,15,365
midas_open_uk,exact_preregistered,ifs_hres,uniform,0.0,rmse,0.0,1.2829482460193669,15,365
midas_open_uk,exact_preregistered,ifs_hres,uniform,0.0,rmse,12.5,1.2867860135543867,15,365
midas_open_uk,exact_preregistered,ifs_hres,uniform,0.0,rmse,25.0,1.362303296755615,15,365
midas_open_uk,exact_preregistered,ifs_hres,uniform,0.0,rmse,50.0,1.5431986719437354,15,365
midas_open_uk,exact_preregistered,ifs_hres,uniform,0.0,rmse,100.0,1.7298774745715497,15,365
midas_open_uk,exact_preregistered,ifs_hres,uniform,25.0,rmse,0.0,1.2295650968090988,15,365
midas_open_uk,exact_preregistered,ifs_hres,uniform,25.0,rmse,12.5,1.2093867694737053,15,365
midas_open_uk,exact_preregistered,ifs_hres,uniform,25.0,rmse,25.0,1.245295235368444,15,365
midas_open_uk,exact_preregistered,ifs_hres,uniform,25.0,rmse,50.0,1.4262312304465279,15,365
midas_open_uk,exact_preregistered,ifs_hres,uniform,25.0,rmse,100.0,1.626672670135412,15,365
midas_open_uk,exact_preregistered,ifs_hres,uniform,50.0,rmse,0.0,1.2138613244657201,15,365
midas_open_uk,exact_preregistered,ifs_hres,uniform,50.0,rmse,12.5,1.1765061528514678,15,365
midas_open_uk,exact_preregistered,ifs_hres,uniform,50.0,rmse,25.0,1.1621421212297975,15,365
midas_open_uk,exact_preregistered,ifs_hres,uniform,50.0,rmse,50.0,1.3113677782202118,15,365
midas_open_uk,exact_preregistered,ifs_hres,uniform,50.0,rmse,100.0,1.507488512937027,15,365
midas_open_uk,exact_preregistered,ifs_hres,uniform,100.0,rmse,0.0,1.168133919616026,15,365
midas_open_uk,exact_preregistered,ifs_hres,uniform,100.0,rmse,12.5,1.1258292818913962,15,365
midas_open_uk,exact_preregistered,ifs_hres,uniform,100.0,rmse,25.0,1.0907529839533898,15,365
midas_open_uk,exact_preregistered,ifs_hres,uniform,100.0,rmse,50.0,1.2110099880419358,15,365
midas_open_uk,exact_preregistered,ifs_hres,uniform,100.0,rmse,100.0,1.3884039579580247,15,365
midas_open_uk,exact_preregistered,pangu_hres_init,gaussian,0.0,mae,0.0,1.0264603526904414,15,365
midas_open_uk,exact_preregistered,pangu_hres_init,gaussian,0.0,mae,12.5,1.0364439068785238,15,365
midas_open_uk,exact_preregistered,pangu_hres_init,gaussian,0.0,mae,25.0,1.0901447145045027,15,365
midas_open_uk,exact_preregistered,pangu_hres_init,gaussian,0.0,mae,50.0,1.2016962998151668,15,365
midas_open_uk,exact_preregistered,pangu_hres_init,gaussian,0.0,mae,100.0,1.3690455966465447,15,365
midas_open_uk,exact_preregistered,pangu_hres_init,gaussian,25.0,mae,0.0,0.9575383558961775,15,365
midas_open_uk,exact_preregistered,pangu_hres_init,gaussian,25.0,mae,12.5,0.964811342370351,15,365
midas_open_uk,exact_preregistered,pangu_hres_init,gaussian,25.0,mae,25.0,1.0160661814375198,15,365
midas_open_uk,exact_preregistered,pangu_hres_init,gaussian,25.0,mae,50.0,1.1284121457946714,15,365
midas_open_uk,exact_preregistered,pangu_hres_init,gaussian,25.0,mae,100.0,1.3038042998477113,15,365
midas_open_uk,exact_preregistered,pangu_hres_init,gaussian,50.0,mae,0.0,0.9091459627485345,15,365
midas_open_uk,exact_preregistered,pangu_hres_init,gaussian,50.0,mae,12.5,0.9056351479955177,15,365
midas_open_uk,exact_preregistered,pangu_hres_init,gaussian,50.0,mae,25.0,0.9379286957597375,15,365
midas_open_uk,exact_preregistered,pangu_hres_init,gaussian,50.0,mae,50.0,1.0405992796923098,15,365
midas_open_uk,exact_preregistered,pangu_hres_init,gaussian,50.0,mae,100.0,1.2152657689446704,15,365
midas_open_uk,exact_preregistered,pangu_hres_init,gaussian,100.0,mae,0.0,0.8388057209823725,15,365
midas_open_uk,exact_preregistered,pangu_hres_init,gaussian,100.0,mae,12.5,0.8309918316087156,15,365
midas_open_uk,exact_preregistered,pangu_hres_init,gaussian,100.0,mae,25.0,0.8472439698761108,15,365
midas_open_uk,exact_preregistered,pangu_hres_init,gaussian,100.0,mae,50.0,0.9336405216763303,15,365
midas_open_uk,exact_preregistered,pangu_hres_init,gaussian,100.0,mae,100.0,1.1177670942600306,15,365
midas_open_uk,exact_preregistered,pangu_hres_init,gaussian,0.0,rmse,0.0,1.3515208926674938,15,365
midas_open_uk,exact_preregistered,pangu_hres_init,gaussian,0.0,rmse,12.5,1.3663332577901464,15,365
midas_open_uk,exact_preregistered,pangu_hres_init,gaussian,0.0,rmse,25.0,1.4450223090089742,15,365
midas_open_uk,exact_preregistered,pangu_hres_init,gaussian,0.0,rmse,50.0,1.603102659941186,15,365
midas_open_uk,exact_preregistered,pangu_hres_init,gaussian,0.0,rmse,100.0,1.8033047228957546,15,365
midas_open_uk,exact_preregistered,pangu_hres_init,gaussian,25.0,rmse,0.0,1.2609084592980873,15,365
midas_open_uk,exact_preregistered,pangu_hres_init,gaussian,25.0,rmse,12.5,1.2726153034451777,15,365
midas_open_uk,exact_preregistered,pangu_hres_init,gaussian,25.0,rmse,25.0,1.350095167734412,15,365
midas_open_uk,exact_preregistered,pangu_hres_init,gaussian,25.0,rmse,50.0,1.5155282917692978,15,365
midas_open_uk,exact_preregistered,pangu_hres_init,gaussian,25.0,rmse,100.0,1.7280482493479037,15,365
midas_open_uk,exact_preregistered,pangu_hres_init,gaussian,50.0,rmse,0.0,1.1890507424809034,15,365
midas_open_uk,exact_preregistered,pangu_hres_init,gaussian,50.0,rmse,12.5,1.189864939833744,15,365
midas_open_uk,exact_preregistered,pangu_hres_init,gaussian,50.0,rmse,25.0,1.249595325613859,15,365
midas_open_uk,exact_preregistered,pangu_hres_init,gaussian,50.0,rmse,50.0,1.4082713324688565,15,365
midas_open_uk,exact_preregistered,pangu_hres_init,gaussian,50.0,rmse,100.0,1.625310231002573,15,365
midas_open_uk,exact_preregistered,pangu_hres_init,gaussian,100.0,rmse,0.0,1.0974655477387385,15,365
midas_open_uk,exact_preregistered,pangu_hres_init,gaussian,100.0,rmse,12.5,1.093394836721761,15,365
midas_open_uk,exact_preregistered,pangu_hres_init,gaussian,100.0,rmse,25.0,1.1411060528995831,15,365
midas_open_uk,exact_preregistered,pangu_hres_init,gaussian,100.0,rmse,50.0,1.2899307433530447,15,365
midas_open_uk,exact_preregistered,pangu_hres_init,gaussian,100.0,rmse,100.0,1.5099280506960158,15,365
midas_open_uk,exact_preregistered,pangu_hres_init,uniform,0.0,mae,0.0,1.0264603526904414,15,365
midas_open_uk,exact_preregistered,pangu_hres_init,uniform,0.0,mae,12.5,1.0364439068785238,15,365
midas_open_uk,exact_preregistered,pangu_hres_init,uniform,0.0,mae,25.0,1.0901447145045027,15,365
midas_open_uk,exact_preregistered,pangu_hres_init,uniform,0.0,mae,50.0,1.2016962998151668,15,365
midas_open_uk,exact_preregistered,pangu_hres_init,uniform,0.0,mae,100.0,1.3690455966465447,15,365
midas_open_uk,exact_preregistered,pangu_hres_init,uniform,25.0,mae,0.0,0.956802223230177,15,365
midas_open_uk,exact_preregistered,pangu_hres_init,uniform,25.0,mae,12.5,0.956258936577898,15,365
midas_open_uk,exact_preregistered,pangu_hres_init,uniform,25.0,mae,25.0,0.9942308566679859,15,365
midas_open_uk,exact_preregistered,pangu_hres_init,uniform,25.0,mae,50.0,1.0986008338686934,15,365
midas_open_uk,exact_preregistered,pangu_hres_init,uniform,25.0,mae,100.0,1.27194876992687,15,365
midas_open_uk,exact_preregistered,pangu_hres_init,uniform,50.0,mae,0.0,0.9071772474281815,15,365
midas_open_uk,exact_preregistered,pangu_hres_init,uniform,50.0,mae,12.5,0.8996569446100873,15,365
midas_open_uk,exact_preregistered,pangu_hres_init,uniform,50.0,mae,25.0,0.9185909309573349,15,365
midas_open_uk,exact_preregistered,pangu_hres_init,uniform,50.0,mae,50.0,1.0092900972283587,15,365
midas_open_uk,exact_preregistered,pangu_hres_init,uniform,50.0,mae,100.0,1.1780877156515839,15,365
midas_open_uk,exact_preregistered,pangu_hres_init,uniform,100.0,mae,0.0,0.8318280662973369,15,365
midas_open_uk,exact_preregistered,pangu_hres_init,uniform,100.0,mae,12.5,0.8228770560168348,15,365
midas_open_uk,exact_preregistered,pangu_hres_init,uniform,100.0,mae,25.0,0.8321116631567202,15,365
midas_open_uk,exact_preregistered,pangu_hres_init,uniform,100.0,mae,50.0,0.9044843287509311,15,365
midas_open_uk,exact_preregistered,pangu_hres_init,uniform,100.0,mae,100.0,1.0928404863174463,15,365
midas_open_uk,exact_preregistered,pangu_hres_init,uniform,0.0,rmse,0.0,1.3515208926674938,15,365
midas_open_uk,exact_preregistered,pangu_hres_init,uniform,0.0,rmse,12.5,1.3663332577901464,15,365
midas_open_uk,exact_preregistered,pangu_hres_init,uniform,0.0,rmse,25.0,1.4450223090089742,15,365
midas_open_uk,exact_preregistered,pangu_hres_init,uniform,0.0,rmse,50.0,1.603102659941186,15,365
midas_open_uk,exact_preregistered,pangu_hres_init,uniform,0.0,rmse,100.0,1.8033047228957546,15,365
midas_open_uk,exact_preregistered,pangu_hres_init,uniform,25.0,rmse,0.0,1.256955630757106,15,365
midas_open_uk,exact_preregistered,pangu_hres_init,uniform,25.0,rmse,12.5,1.2615295032825673,15,365
midas_open_uk,exact_preregistered,pangu_hres_init,uniform,25.0,rmse,25.0,1.3283256137832042,15,365
midas_open_uk,exact_preregistered,pangu_hres_init,uniform,25.0,rmse,50.0,1.490479011956938,15,365
midas_open_uk,exact_preregistered,pangu_hres_init,uniform,25.0,rmse,100.0,1.7051696588891803,15,365
midas_open_uk,exact_preregistered,pangu_hres_init,uniform,50.0,rmse,0.0,1.181483431052734,15,365
midas_open_uk,exact_preregistered,pangu_hres_init,uniform,50.0,rmse,12.5,1.1762957946463213,15,365
midas_open_uk,exact_preregistered,pangu_hres_init,uniform,50.0,rmse,25.0,1.2204660778430638,15,365
midas_open_uk,exact_preregistered,pangu_hres_init,uniform,50.0,rmse,50.0,1.3663103131015537,15,365
midas_open_uk,exact_preregistered,pangu_hres_init,uniform,50.0,rmse,100.0,1.5822888617673327,15,365
midas_open_uk,exact_preregistered,pangu_hres_init,uniform,100.0,rmse,0.0,1.0915290385199976,15,365
midas_open_uk,exact_preregistered,pangu_hres_init,uniform,100.0,rmse,12.5,1.0856172124933856,15,365
midas_open_uk,exact_preregistered,pangu_hres_init,uniform,100.0,rmse,25.0,1.125698163738402,15,365
midas_open_uk,exact_preregistered,pangu_hres_init,uniform,100.0,rmse,50.0,1.2617980199893795,15,365
midas_open_uk,exact_preregistered,pangu_hres_init,uniform,100.0,rmse,100.0,1.4724502213790638,15,365
midas_open_uk,prospective_common,graphcast_hres_init,gaussian,0.0,mae,0.0,1.0231046604146983,71,365
midas_open_uk,prospective_common,graphcast_hres_init,gaussian,0.0,mae,12.5,1.0428915477068557,71,365
midas_open_uk,prospective_common,graphcast_hres_init,gaussian,0.0,mae,25.0,1.1073016647361074,71,365
midas_open_uk,prospective_common,graphcast_hres_init,gaussian,0.0,mae,50.0,1.2252913197403827,71,365
midas_open_uk,prospective_common,graphcast_hres_init,gaussian,0.0,mae,100.0,1.4313248099051052,71,365
midas_open_uk,prospective_common,graphcast_hres_init,gaussian,50.0,mae,0.0,0.8542499733976232,71,365
midas_open_uk,prospective_common,graphcast_hres_init,gaussian,50.0,mae,12.5,0.8652409112516329,71,365
midas_open_uk,prospective_common,graphcast_hres_init,gaussian,50.0,mae,25.0,0.9143138505965226,71,365
midas_open_uk,prospective_common,graphcast_hres_init,gaussian,50.0,mae,50.0,1.0285287185170142,71,365
midas_open_uk,prospective_common,graphcast_hres_init,gaussian,50.0,mae,100.0,1.261745774140276,71,365
midas_open_uk,prospective_common,graphcast_hres_init,gaussian,100.0,mae,0.0,0.7993244570743693,71,365
midas_open_uk,prospective_common,graphcast_hres_init,gaussian,100.0,mae,12.5,0.8003695607158953,71,365
midas_open_uk,prospective_common,graphcast_hres_init,gaussian,100.0,mae,25.0,0.8195199772947901,71,365
midas_open_uk,prospective_common,graphcast_hres_init,gaussian,100.0,mae,50.0,0.9014333912219766,71,365
midas_open_uk,prospective_common,graphcast_hres_init,gaussian,100.0,mae,100.0,1.138656535686901,71,365
midas_open_uk,prospective_common,graphcast_hres_init,gaussian,200.0,mae,0.0,0.7931511018754414,71,365
midas_open_uk,prospective_common,graphcast_hres_init,gaussian,200.0,mae,12.5,0.7904364067356283,71,365
midas_open_uk,prospective_common,graphcast_hres_init,gaussian,200.0,mae,25.0,0.7931707181470725,71,365
midas_open_uk,prospective_common,graphcast_hres_init,gaussian,200.0,mae,50.0,0.8366432138375275,71,365
midas_open_uk,prospective_common,graphcast_hres_init,gaussian,200.0,mae,100.0,1.0291526818887264,71,365
midas_open_uk,prospective_common,graphcast_hres_init,gaussian,0.0,rmse,0.0,1.344981065507687,71,365
midas_open_uk,prospective_common,graphcast_hres_init,gaussian,0.0,rmse,12.5,1.3689503573950632,71,365
midas_open_uk,prospective_common,graphcast_hres_init,gaussian,0.0,rmse,25.0,1.4560226408797179,71,365
midas_open_uk,prospective_common,graphcast_hres_init,gaussian,0.0,rmse,50.0,1.6266198355280852,71,365
midas_open_uk,prospective_common,graphcast_hres_init,gaussian,0.0,rmse,100.0,1.9073498605130874,71,365
midas_open_uk,prospective_common,graphcast_hres_init,gaussian,50.0,rmse,0.0,1.117109677335703,71,365
midas_open_uk,prospective_common,graphcast_hres_init,gaussian,50.0,rmse,12.5,1.1308943789441361,71,365
midas_open_uk,prospective_common,graphcast_hres_init,gaussian,50.0,rmse,25.0,1.200902272025334,71,365
midas_open_uk,prospective_common,graphcast_hres_init,gaussian,50.0,rmse,50.0,1.3757527593811278,71,365
midas_open_uk,prospective_common,graphcast_hres_init,gaussian,50.0,rmse,100.0,1.6882497741746911,71,365
midas_open_uk,prospective_common,graphcast_hres_init,gaussian,100.0,rmse,0.0,1.0490645791468178,71,365
midas_open_uk,prospective_common,graphcast_hres_init,gaussian,100.0,rmse,12.5,1.0496125346754728,71,365
midas_open_uk,prospective_common,graphcast_hres_init,gaussian,100.0,rmse,25.0,1.0837899410172163,71,365
midas_open_uk,prospective_common,graphcast_hres_init,gaussian,100.0,rmse,50.0,1.223722808309496,71,365
midas_open_uk,prospective_common,graphcast_hres_init,gaussian,100.0,rmse,100.0,1.534361179573136,71,365
midas_open_uk,prospective_common,graphcast_hres_init,gaussian,200.0,rmse,0.0,1.0475265551936348,71,365
midas_open_uk,prospective_common,graphcast_hres_init,gaussian,200.0,rmse,12.5,1.04346671559539,71,365
midas_open_uk,prospective_common,graphcast_hres_init,gaussian,200.0,rmse,25.0,1.0549421144143374,71,365
midas_open_uk,prospective_common,graphcast_hres_init,gaussian,200.0,rmse,50.0,1.148419450236104,71,365
midas_open_uk,prospective_common,graphcast_hres_init,gaussian,200.0,rmse,100.0,1.404931884927522,71,365
midas_open_uk,prospective_common,graphcast_hres_init,uniform,0.0,mae,0.0,1.0231046604146983,71,365
midas_open_uk,prospective_common,graphcast_hres_init,uniform,0.0,mae,12.5,1.0428915477068557,71,365
midas_open_uk,prospective_common,graphcast_hres_init,uniform,0.0,mae,25.0,1.1073016647361074,71,365
midas_open_uk,prospective_common,graphcast_hres_init,uniform,0.0,mae,50.0,1.2252913197403827,71,365
midas_open_uk,prospective_common,graphcast_hres_init,uniform,0.0,mae,100.0,1.4313248099051052,71,365
midas_open_uk,prospective_common,graphcast_hres_init,uniform,50.0,mae,0.0,0.852233229653191,71,365
midas_open_uk,prospective_common,graphcast_hres_init,uniform,50.0,mae,12.5,0.8575673906611067,71,365
midas_open_uk,prospective_common,graphcast_hres_init,uniform,50.0,mae,25.0,0.8872417595686485,71,365
midas_open_uk,prospective_common,graphcast_hres_init,uniform,50.0,mae,50.0,0.9882892285090019,71,365
midas_open_uk,prospective_common,graphcast_hres_init,uniform,50.0,mae,100.0,1.22853984735783,71,365
midas_open_uk,prospective_common,graphcast_hres_init,uniform,100.0,mae,0.0,0.8196286893339338,71,365
midas_open_uk,prospective_common,graphcast_hres_init,uniform,100.0,mae,12.5,0.8156644784137955,71,365
midas_open_uk,prospective_common,graphcast_hres_init,uniform,100.0,mae,25.0,0.8178635711877555,71,365
midas_open_uk,prospective_common,graphcast_hres_init,uniform,100.0,mae,50.0,0.8758540244438131,71,365
midas_open_uk,prospective_common,graphcast_hres_init,uniform,100.0,mae,100.0,1.103102235713501,71,365
midas_open_uk,prospective_common,graphcast_hres_init,uniform,200.0,mae,0.0,0.8410899785364763,71,365
midas_open_uk,prospective_common,graphcast_hres_init,uniform,200.0,mae,12.5,0.8383873148870313,71,365
midas_open_uk,prospective_common,graphcast_hres_init,uniform,200.0,mae,25.0,0.8351843026422683,71,365
midas_open_uk,prospective_common,graphcast_hres_init,uniform,200.0,mae,50.0,0.8578528751229314,71,365
midas_open_uk,prospective_common,graphcast_hres_init,uniform,200.0,mae,100.0,1.0082867728237201,71,365
midas_open_uk,prospective_common,graphcast_hres_init,uniform,0.0,rmse,0.0,1.344981065507687,71,365
midas_open_uk,prospective_common,graphcast_hres_init,uniform,0.0,rmse,12.5,1.3689503573950632,71,365
midas_open_uk,prospective_common,graphcast_hres_init,uniform,0.0,rmse,25.0,1.4560226408797179,71,365
midas_open_uk,prospective_common,graphcast_hres_init,uniform,0.0,rmse,50.0,1.6266198355280852,71,365
midas_open_uk,prospective_common,graphcast_hres_init,uniform,0.0,rmse,100.0,1.9073498605130874,71,365
midas_open_uk,prospective_common,graphcast_hres_init,uniform,50.0,rmse,0.0,1.110204640249773,71,365
midas_open_uk,prospective_common,graphcast_hres_init,uniform,50.0,rmse,12.5,1.116163065594513,71,365
midas_open_uk,prospective_common,graphcast_hres_init,uniform,50.0,rmse,25.0,1.1643373501162861,71,365
midas_open_uk,prospective_common,graphcast_hres_init,uniform,50.0,rmse,50.0,1.3243475914921972,71,365
midas_open_uk,prospective_common,graphcast_hres_init,uniform,50.0,rmse,100.0,1.6421332071121602,71,365
midas_open_uk,prospective_common,graphcast_hres_init,uniform,100.0,rmse,0.0,1.0740454001460422,71,365
midas_open_uk,prospective_common,graphcast_hres_init,uniform,100.0,rmse,12.5,1.068272255448334,71,365
midas_open_uk,prospective_common,graphcast_hres_init,uniform,100.0,rmse,25.0,1.0820535732486478,71,365
midas_open_uk,prospective_common,graphcast_hres_init,uniform,100.0,rmse,50.0,1.193495404245511,71,365
midas_open_uk,prospective_common,graphcast_hres_init,uniform,100.0,rmse,100.0,1.4902809716072725,71,365
midas_open_uk,prospective_common,graphcast_hres_init,uniform,200.0,rmse,0.0,1.1122535377521776,71,365
midas_open_uk,prospective_common,graphcast_hres_init,uniform,200.0,rmse,12.5,1.1080638370408755,71,365
midas_open_uk,prospective_common,graphcast_hres_init,uniform,200.0,rmse,25.0,1.1108167151361332,71,365
midas_open_uk,prospective_common,graphcast_hres_init,uniform,200.0,rmse,50.0,1.1758440191301114,71,365
midas_open_uk,prospective_common,graphcast_hres_init,uniform,200.0,rmse,100.0,1.3843327451890184,71,365
midas_open_uk,prospective_common,ifs_hres,gaussian,0.0,mae,0.0,1.032781265086601,71,365
midas_open_uk,prospective_common,ifs_hres,gaussian,0.0,mae,12.5,1.0553227450520986,71,365
midas_open_uk,prospective_common,ifs_hres,gaussian,0.0,mae,25.0,1.1106154397301224,71,365
midas_open_uk,prospective_common,ifs_hres,gaussian,0.0,mae,50.0,1.2103701563091016,71,365
midas_open_uk,prospective_common,ifs_hres,gaussian,0.0,mae,100.0,1.3911124761035025,71,365
midas_open_uk,prospective_common,ifs_hres,gaussian,50.0,mae,0.0,0.8935287518605735,71,365
midas_open_uk,prospective_common,ifs_hres,gaussian,50.0,mae,12.5,0.8986235693782727,71,365
midas_open_uk,prospective_common,ifs_hres,gaussian,50.0,mae,25.0,0.9235539513898128,71,365
midas_open_uk,prospective_common,ifs_hres,gaussian,50.0,mae,50.0,1.0119989418231214,71,365
midas_open_uk,prospective_common,ifs_hres,gaussian,50.0,mae,100.0,1.2138099249127756,71,365
midas_open_uk,prospective_common,ifs_hres,gaussian,100.0,mae,0.0,0.8718648199596937,71,365
midas_open_uk,prospective_common,ifs_hres,gaussian,100.0,mae,12.5,0.8605603748146183,71,365
midas_open_uk,prospective_common,ifs_hres,gaussian,100.0,mae,25.0,0.8449486617561434,71,365
midas_open_uk,prospective_common,ifs_hres,gaussian,100.0,mae,50.0,0.889589569453566,71,365
midas_open_uk,prospective_common,ifs_hres,gaussian,100.0,mae,100.0,1.084301894932669,71,365
midas_open_uk,prospective_common,ifs_hres,gaussian,200.0,mae,0.0,0.9078329020101361,71,365
midas_open_uk,prospective_common,ifs_hres,gaussian,200.0,mae,12.5,0.89027331169075,71,365
midas_open_uk,prospective_common,ifs_hres,gaussian,200.0,mae,25.0,0.8508336847507135,71,365
midas_open_uk,prospective_common,ifs_hres,gaussian,200.0,mae,50.0,0.8442805556002496,71,365
midas_open_uk,prospective_common,ifs_hres,gaussian,200.0,mae,100.0,0.9763285415344698,71,365
midas_open_uk,prospective_common,ifs_hres,gaussian,0.0,rmse,0.0,1.3612664737828533,71,365
midas_open_uk,prospective_common,ifs_hres,gaussian,0.0,rmse,12.5,1.3853765622328365,71,365
midas_open_uk,prospective_common,ifs_hres,gaussian,0.0,rmse,25.0,1.4579386486813886,71,365
midas_open_uk,prospective_common,ifs_hres,gaussian,0.0,rmse,50.0,1.6023129679982728,71,365
midas_open_uk,prospective_common,ifs_hres,gaussian,0.0,rmse,100.0,1.857951934102431,71,365
midas_open_uk,prospective_common,ifs_hres,gaussian,50.0,rmse,0.0,1.177086832985084,71,365
midas_open_uk,prospective_common,ifs_hres,gaussian,50.0,rmse,12.5,1.1800336188441938,71,365
midas_open_uk,prospective_common,ifs_hres,gaussian,50.0,rmse,25.0,1.2130957641508247,71,365
midas_open_uk,prospective_common,ifs_hres,gaussian,50.0,rmse,50.0,1.350346142752129,71,365
midas_open_uk,prospective_common,ifs_hres,gaussian,50.0,rmse,100.0,1.6335062456791531,71,365
midas_open_uk,prospective_common,ifs_hres,gaussian,100.0,rmse,0.0,1.1437576872947102,71,365
midas_open_uk,prospective_common,ifs_hres,gaussian,100.0,rmse,12.5,1.1294024336511401,71,365
midas_open_uk,prospective_common,ifs_hres,gaussian,100.0,rmse,25.0,1.1149842003836796,71,365
midas_open_uk,prospective_common,ifs_hres,gaussian,100.0,rmse,50.0,1.203540802111038,71,365
midas_open_uk,prospective_common,ifs_hres,gaussian,100.0,rmse,100.0,1.476271913031298,71,365
midas_open_uk,prospective_common,ifs_hres,gaussian,200.0,rmse,0.0,1.1823398119621462,71,365
midas_open_uk,prospective_common,ifs_hres,gaussian,200.0,rmse,12.5,1.1618660170830353,71,365
midas_open_uk,prospective_common,ifs_hres,gaussian,200.0,rmse,25.0,1.1194510419869033,71,365
midas_open_uk,prospective_common,ifs_hres,gaussian,200.0,rmse,50.0,1.1486290874871268,71,365
midas_open_uk,prospective_common,ifs_hres,gaussian,200.0,rmse,100.0,1.3493040610409333,71,365
midas_open_uk,prospective_common,ifs_hres,uniform,0.0,mae,0.0,1.032781265086601,71,365
midas_open_uk,prospective_common,ifs_hres,uniform,0.0,mae,12.5,1.0553227450520986,71,365
midas_open_uk,prospective_common,ifs_hres,uniform,0.0,mae,25.0,1.1106154397301224,71,365
midas_open_uk,prospective_common,ifs_hres,uniform,0.0,mae,50.0,1.2103701563091016,71,365
midas_open_uk,prospective_common,ifs_hres,uniform,0.0,mae,100.0,1.3911124761035025,71,365
midas_open_uk,prospective_common,ifs_hres,uniform,50.0,mae,0.0,0.9057911763760198,71,365
midas_open_uk,prospective_common,ifs_hres,uniform,50.0,mae,12.5,0.9013700244240584,71,365
midas_open_uk,prospective_common,ifs_hres,uniform,50.0,mae,25.0,0.9014911327351546,71,365
midas_open_uk,prospective_common,ifs_hres,uniform,50.0,mae,50.0,0.9722358122533531,71,365
midas_open_uk,prospective_common,ifs_hres,uniform,50.0,mae,100.0,1.178605595393126,71,365
midas_open_uk,prospective_common,ifs_hres,uniform,100.0,mae,0.0,0.9057817961559824,71,365
midas_open_uk,prospective_common,ifs_hres,uniform,100.0,mae,12.5,0.8886644575720668,71,365
midas_open_uk,prospective_common,ifs_hres,uniform,100.0,mae,25.0,0.8527992936992767,71,365
midas_open_uk,prospective_common,ifs_hres,uniform,100.0,mae,50.0,0.8676926646195192,71,365
midas_open_uk,prospective_common,ifs_hres,uniform,100.0,mae,100.0,1.0479927465184418,71,365
midas_open_uk,prospective_common,ifs_hres,uniform,200.0,mae,0.0,0.9676616364146513,71,365
midas_open_uk,prospective_common,ifs_hres,uniform,200.0,mae,12.5,0.9505094867440594,71,365
midas_open_uk,prospective_common,ifs_hres,uniform,200.0,mae,25.0,0.9055927746649344,71,365
midas_open_uk,prospective_common,ifs_hres,uniform,200.0,mae,50.0,0.8772384691422219,71,365
midas_open_uk,prospective_common,ifs_hres,uniform,200.0,mae,100.0,0.9590270306641978,71,365
midas_open_uk,prospective_common,ifs_hres,uniform,0.0,rmse,0.0,1.3612664737828533,71,365
midas_open_uk,prospective_common,ifs_hres,uniform,0.0,rmse,12.5,1.3853765622328365,71,365
midas_open_uk,prospective_common,ifs_hres,uniform,0.0,rmse,25.0,1.4579386486813886,71,365
midas_open_uk,prospective_common,ifs_hres,uniform,0.0,rmse,50.0,1.6023129679982728,71,365
midas_open_uk,prospective_common,ifs_hres,uniform,0.0,rmse,100.0,1.857951934102431,71,365
midas_open_uk,prospective_common,ifs_hres,uniform,50.0,rmse,0.0,1.1870687025671003,71,365
midas_open_uk,prospective_common,ifs_hres,uniform,50.0,rmse,12.5,1.1789878579912718,71,365
midas_open_uk,prospective_common,ifs_hres,uniform,50.0,rmse,25.0,1.1823462958952176,71,365
midas_open_uk,prospective_common,ifs_hres,uniform,50.0,rmse,50.0,1.2992817785894546,71,365
midas_open_uk,prospective_common,ifs_hres,uniform,50.0,rmse,100.0,1.5858307757415266,71,365
midas_open_uk,prospective_common,ifs_hres,uniform,100.0,rmse,0.0,1.1812915768116647,71,365
midas_open_uk,prospective_common,ifs_hres,uniform,100.0,rmse,12.5,1.1601756633490756,71,365
midas_open_uk,prospective_common,ifs_hres,uniform,100.0,rmse,25.0,1.1236348526618143,71,365
midas_open_uk,prospective_common,ifs_hres,uniform,100.0,rmse,50.0,1.178423061267748,71,365
midas_open_uk,prospective_common,ifs_hres,uniform,100.0,rmse,100.0,1.4320865405184195,71,365
midas_open_uk,prospective_common,ifs_hres,uniform,200.0,rmse,0.0,1.258465679007138,71,365
midas_open_uk,prospective_common,ifs_hres,uniform,200.0,rmse,12.5,1.2386420564319607,71,365
midas_open_uk,prospective_common,ifs_hres,uniform,200.0,rmse,25.0,1.1895057409403709,71,365
midas_open_uk,prospective_common,ifs_hres,uniform,200.0,rmse,50.0,1.1891522759379216,71,365
midas_open_uk,prospective_common,ifs_hres,uniform,200.0,rmse,100.0,1.3336727330867162,71,365
midas_open_uk,prospective_common,pangu_hres_init,gaussian,0.0,mae,0.0,1.0850663562832328,71,365
midas_open_uk,prospective_common,pangu_hres_init,gaussian,0.0,mae,12.5,1.096818486220686,71,365
midas_open_uk,prospective_common,pangu_hres_init,gaussian,0.0,mae,25.0,1.1460414956114535,71,365
midas_open_uk,prospective_common,pangu_hres_init,gaussian,0.0,mae,50.0,1.2498102227059495,71,365
midas_open_uk,prospective_common,pangu_hres_init,gaussian,0.0,mae,100.0,1.4558806903655324,71,365
midas_open_uk,prospective_common,pangu_hres_init,gaussian,50.0,mae,0.0,0.9137392808310797,71,365
midas_open_uk,prospective_common,pangu_hres_init,gaussian,50.0,mae,12.5,0.9186813863823454,71,365
midas_open_uk,prospective_common,pangu_hres_init,gaussian,50.0,mae,25.0,0.9546129568548117,71,365
midas_open_uk,prospective_common,pangu_hres_init,gaussian,50.0,mae,50.0,1.0584865275355753,71,365
midas_open_uk,prospective_common,pangu_hres_init,gaussian,50.0,mae,100.0,1.294657479597558,71,365
midas_open_uk,prospective_common,pangu_hres_init,gaussian,100.0,mae,0.0,0.8394197482879556,71,365
midas_open_uk,prospective_common,pangu_hres_init,gaussian,100.0,mae,12.5,0.8374548747063799,71,365
midas_open_uk,prospective_common,pangu_hres_init,gaussian,100.0,mae,25.0,0.8497757640889427,71,365
midas_open_uk,prospective_common,pangu_hres_init,gaussian,100.0,mae,50.0,0.9290757785831237,71,365
midas_open_uk,prospective_common,pangu_hres_init,gaussian,100.0,mae,100.0,1.1766918321270274,71,365
midas_open_uk,prospective_common,pangu_hres_init,gaussian,200.0,mae,0.0,0.7979280772534242,71,365
midas_open_uk,prospective_common,pangu_hres_init,gaussian,200.0,mae,12.5,0.7933561385554019,71,365
midas_open_uk,prospective_common,pangu_hres_init,gaussian,200.0,mae,25.0,0.7947400284734194,71,365
midas_open_uk,prospective_common,pangu_hres_init,gaussian,200.0,mae,50.0,0.8453051511057367,71,365
midas_open_uk,prospective_common,pangu_hres_init,gaussian,200.0,mae,100.0,1.0665588135518547,71,365
midas_open_uk,prospective_common,pangu_hres_init,gaussian,0.0,rmse,0.0,1.4289926079862312,71,365
midas_open_uk,prospective_common,pangu_hres_init,gaussian,0.0,rmse,12.5,1.4440599228453903,71,365
midas_open_uk,prospective_common,pangu_hres_init,gaussian,0.0,rmse,25.0,1.5131746395469043,71,365
midas_open_uk,prospective_common,pangu_hres_init,gaussian,0.0,rmse,50.0,1.6624611250062316,71,365
midas_open_uk,prospective_common,pangu_hres_init,gaussian,0.0,rmse,100.0,1.934408803480994,71,365
midas_open_uk,prospective_common,pangu_hres_init,gaussian,50.0,rmse,0.0,1.19928320419514,71,365
midas_open_uk,prospective_common,pangu_hres_init,gaussian,50.0,rmse,12.5,1.2067516371349316,71,365
midas_open_uk,prospective_common,pangu_hres_init,gaussian,50.0,rmse,25.0,1.2629076108703052,71,365
midas_open_uk,prospective_common,pangu_hres_init,gaussian,50.0,rmse,50.0,1.417311329726787,71,365
midas_open_uk,prospective_common,pangu_hres_init,gaussian,50.0,rmse,100.0,1.7191650292731109,71,365
midas_open_uk,prospective_common,pangu_hres_init,gaussian,100.0,rmse,0.0,1.1017427584200146,71,365
midas_open_uk,prospective_common,pangu_hres_init,gaussian,100.0,rmse,12.5,1.1004743721586052,71,365
midas_open_uk,prospective_common,pangu_hres_init,gaussian,100.0,rmse,25.0,1.132003193160574,71,365
midas_open_uk,prospective_common,pangu_hres_init,gaussian,100.0,rmse,50.0,1.2628527881040452,71,365
midas_open_uk,prospective_common,pangu_hres_init,gaussian,100.0,rmse,100.0,1.5668381150738169,71,365
midas_open_uk,prospective_common,pangu_hres_init,gaussian,200.0,rmse,0.0,1.055566954790917,71,365
midas_open_uk,prospective_common,pangu_hres_init,gaussian,200.0,rmse,12.5,1.0513178668307162,71,365
midas_open_uk,prospective_common,pangu_hres_init,gaussian,200.0,rmse,25.0,1.0683821250224617,71,365
midas_open_uk,prospective_common,pangu_hres_init,gaussian,200.0,rmse,50.0,1.1673216055912021,71,365
midas_open_uk,prospective_common,pangu_hres_init,gaussian,200.0,rmse,100.0,1.4316185236811403,71,365
midas_open_uk,prospective_common,pangu_hres_init,uniform,0.0,mae,0.0,1.0850663562832328,71,365
midas_open_uk,prospective_common,pangu_hres_init,uniform,0.0,mae,12.5,1.096818486220686,71,365
midas_open_uk,prospective_common,pangu_hres_init,uniform,0.0,mae,25.0,1.1460414956114535,71,365
midas_open_uk,prospective_common,pangu_hres_init,uniform,0.0,mae,50.0,1.2498102227059495,71,365
midas_open_uk,prospective_common,pangu_hres_init,uniform,0.0,mae,100.0,1.4558806903655324,71,365
midas_open_uk,prospective_common,pangu_hres_init,uniform,50.0,mae,0.0,0.9026863135883131,71,365
midas_open_uk,prospective_common,pangu_hres_init,uniform,50.0,mae,12.5,0.9025374515144561,71,365
midas_open_uk,prospective_common,pangu_hres_init,uniform,50.0,mae,25.0,0.9236045294561914,71,365
midas_open_uk,prospective_common,pangu_hres_init,uniform,50.0,mae,50.0,1.0199525393983615,71,365
midas_open_uk,prospective_common,pangu_hres_init,uniform,50.0,mae,100.0,1.2634024093265523,71,365
midas_open_uk,prospective_common,pangu_hres_init,uniform,100.0,mae,0.0,0.8441038282383759,71,365
midas_open_uk,prospective_common,pangu_hres_init,uniform,100.0,mae,12.5,0.8385498032064522,71,365
midas_open_uk,prospective_common,pangu_hres_init,uniform,100.0,mae,25.0,0.8390647787557018,71,365
midas_open_uk,prospective_common,pangu_hres_init,uniform,100.0,mae,50.0,0.9000949946574649,71,365
midas_open_uk,prospective_common,pangu_hres_init,uniform,100.0,mae,100.0,1.1423860680583764,71,365
midas_open_uk,prospective_common,pangu_hres_init,uniform,200.0,mae,0.0,0.8244472027390202,71,365
midas_open_uk,prospective_common,pangu_hres_init,uniform,200.0,mae,12.5,0.8199776451415353,71,365
midas_open_uk,prospective_common,pangu_hres_init,uniform,200.0,mae,25.0,0.8168816828622053,71,365
midas_open_uk,prospective_common,pangu_hres_init,uniform,200.0,mae,50.0,0.8511165660967557,71,365
midas_open_uk,prospective_common,pangu_hres_init,uniform,200.0,mae,100.0,1.039356803084129,71,365
midas_open_uk,prospective_common,pangu_hres_init,uniform,0.0,rmse,0.0,1.4289926079862312,71,365
midas_open_uk,prospective_common,pangu_hres_init,uniform,0.0,rmse,12.5,1.4440599228453903,71,365
midas_open_uk,prospective_common,pangu_hres_init,uniform,0.0,rmse,25.0,1.5131746395469043,71,365
midas_open_uk,prospective_common,pangu_hres_init,uniform,0.0,rmse,50.0,1.6624611250062316,71,365
midas_open_uk,prospective_common,pangu_hres_init,uniform,0.0,rmse,100.0,1.934408803480994,71,365
midas_open_uk,prospective_common,pangu_hres_init,uniform,50.0,rmse,0.0,1.1807445765559172,71,365
midas_open_uk,prospective_common,pangu_hres_init,uniform,50.0,rmse,12.5,1.1825582435255289,71,365
midas_open_uk,prospective_common,pangu_hres_init,uniform,50.0,rmse,25.0,1.2227331489766986,71,365
midas_open_uk,prospective_common,pangu_hres_init,uniform,50.0,rmse,50.0,1.3669295428428543,71,365
midas_open_uk,prospective_common,pangu_hres_init,uniform,50.0,rmse,100.0,1.674001192056033,71,365
midas_open_uk,prospective_common,pangu_hres_init,uniform,100.0,rmse,0.0,1.106613293583254,71,365
midas_open_uk,prospective_common,pangu_hres_init,uniform,100.0,rmse,12.5,1.1011162319117487,71,365
midas_open_uk,prospective_common,pangu_hres_init,uniform,100.0,rmse,25.0,1.118073305165662,71,365
midas_open_uk,prospective_common,pangu_hres_init,uniform,100.0,rmse,50.0,1.2283407949363467,71,365
midas_open_uk,prospective_common,pangu_hres_init,uniform,100.0,rmse,100.0,1.5223318591603472,71,365
midas_open_uk,prospective_common,pangu_hres_init,uniform,200.0,rmse,0.0,1.0964666935773866,71,365
midas_open_uk,prospective_common,pangu_hres_init,uniform,200.0,rmse,12.5,1.092348411994194,71,365
midas_open_uk,prospective_common,pangu_hres_init,uniform,200.0,rmse,25.0,1.1037810421799894,71,365
midas_open_uk,prospective_common,pangu_hres_init,uniform,200.0,rmse,50.0,1.1807848948839805,71,365
midas_open_uk,prospective_common,pangu_hres_init,uniform,200.0,rmse,100.0,1.4054496702767956,71,365
