network,model,reference,sigma_km,mse_c2,bias_c,bias_squared_c2,centred_mse_c2
inmet_hourly,era5_forecast,era5,0.0,1.0177967463141568,-0.04128861152347537,0.0017047494415364632,1.0160919968726203
inmet_hourly,era5_forecast,era5,12.5,1.0131627813963473,-0.0391193416298921,0.001530322889556209,1.011632458506791
inmet_hourly,era5_forecast,era5,25.0,1.034911839896733,-0.02868179221664011,0.0008226452047585172,1.0340891946919744
inmet_hourly,era5_forecast,era5,50.0,1.253283849942633,0.010395089263684466,0.00010805788079996806,1.2531757920618332
inmet_hourly,era5_forecast,era5,100.0,1.7627491099440211,0.11998322573374007,0.014395974457473626,1.7483531354865476
inmet_hourly,era5_forecast,station,0.0,3.349289241317328,0.19353068809399337,0.03745412723413455,3.3118351140831934
inmet_hourly,era5_forecast,station,12.5,3.355923465879035,0.19569995798757667,0.03829847355633927,3.317624992322696
inmet_hourly,era5_forecast,station,25.0,3.4899028848420452,0.20613750740082865,0.04249267195742668,3.4474102128846185
inmet_hourly,era5_forecast,station,50.0,3.853094763338421,0.24521438888115318,0.06013009651435742,3.7929646668240635
inmet_hourly,era5_forecast,station,100.0,4.506111011732725,0.35480252535120876,0.12588483199559514,4.38022617973713
inmet_hourly,graphcast_era5,era5,0.0,0.7087115585300273,0.2112583338912695,0.0446300836385151,0.6640814748915123
inmet_hourly,graphcast_era5,era5,12.5,0.7105263154859514,0.21402636026849678,0.04580728288978038,0.6647190325961709
inmet_hourly,graphcast_era5,era5,25.0,0.7656397691865398,0.22498637366299337,0.05061886833402408,0.7150209008525157
inmet_hourly,graphcast_era5,era5,50.0,1.0333672640757694,0.2578332638119321,0.06647799192791339,0.966889272147856
inmet_hourly,graphcast_era5,era5,100.0,1.6299426713147125,0.3511384350394213,0.12329820056193391,1.5066444707527786
inmet_hourly,graphcast_era5,station,0.0,3.0980285503673306,0.4460776335087383,0.19898525511675624,2.8990432952505745
inmet_hourly,graphcast_era5,station,12.5,3.1155946662426426,0.4488456598859655,0.2014624263984678,2.9141322398441747
inmet_hourly,graphcast_era5,station,25.0,3.3304307740336365,0.4598056732804622,0.21142125718089913,3.119009516852737
inmet_hourly,graphcast_era5,station,50.0,3.7985964605086373,0.49265256342940084,0.2427065482535598,3.5558899122550773
inmet_hourly,graphcast_era5,station,100.0,4.580401499387418,0.5859577346568902,0.3433464668042345,4.237055032583183
inmet_hourly,graphcast_hres_init,era5,0.0,0.8838484519216377,-0.12067998389729807,0.014563658513452123,0.8692847934081857
inmet_hourly,graphcast_hres_init,era5,12.5,0.8609105187595713,-0.11477555570050697,0.013173428186360178,0.8477370905732111
inmet_hourly,graphcast_hres_init,era5,25.0,0.8291209847202441,-0.09297658768601916,0.00864464585773601,0.820476338862508
inmet_hourly,graphcast_hres_init,era5,50.0,1.0352266918294255,-0.04904496070889713,0.002405408170937263,1.0328212836584882
inmet_hourly,graphcast_hres_init,era5,100.0,1.5365222443270703,0.06495592767919038,0.004219272540664211,1.532302971786406
inmet_hourly,graphcast_hres_init,station,0.0,2.6143125689502447,0.11413931572017068,0.0130277833930688,2.601284785557176
inmet_hourly,graphcast_hres_init,station,12.5,2.641762096117095,0.12004374391696179,0.0144105004536011,2.627351595663494
inmet_hourly,graphcast_hres_init,station,25.0,2.9437481805698797,0.14184271193144962,0.0201193549280682,2.9236288256418117
inmet_hourly,graphcast_hres_init,station,50.0,3.4324844645930175,0.18577433890857165,0.034512104996916836,3.3979723595961007
inmet_hourly,graphcast_hres_init,station,100.0,4.188822831983741,0.2997752272966591,0.08986518690076364,4.098957645082977
inmet_hourly,ifs_ens_mean,era5,0.0,1.1557064448273549,-0.1704971979075155,0.029069294494314505,1.1266371503330403
inmet_hourly,ifs_ens_mean,era5,12.5,1.1426847542034337,-0.16771123495291035,0.0281270583294303,1.1145576958740033
inmet_hourly,ifs_ens_mean,era5,25.0,1.126987067843563,-0.15494071730138592,0.02400662587786799,1.102980441965695
inmet_hourly,ifs_ens_mean,era5,50.0,1.3184938395864518,-0.11531053762521762,0.013296520087416728,1.3051973194990352
inmet_hourly,ifs_ens_mean,era5,100.0,1.7837375904999724,-0.0033408897213909063,1.1161544130495407e-05,1.7837264289558419
inmet_hourly,ifs_ens_mean,station,0.0,2.994235501821989,0.06432210170995328,0.004137332768385575,2.9900981690536033
inmet_hourly,ifs_ens_mean,station,12.5,3.006477442658171,0.06710806466455844,0.004503492343022558,3.0019739503151484
inmet_hourly,ifs_ens_mean,station,25.0,3.2241308255976353,0.07987858231608289,0.00638058791282723,3.217750237684808
inmet_hourly,ifs_ens_mean,station,50.0,3.682673881987022,0.11950876199225113,0.01428234419292053,3.6683915377941014
inmet_hourly,ifs_ens_mean,station,100.0,4.390369992301245,0.23147840989607787,0.053582254248016645,4.3367877380532285
inmet_hourly,ifs_hres,era5,0.0,1.3309691326439785,-0.05419911831230761,0.002937544425831518,1.328031588218147
inmet_hourly,ifs_hres,era5,12.5,1.290507950464717,-0.04900092524510727,0.0024010906748765906,1.2881068597898404
inmet_hourly,ifs_hres,era5,25.0,1.1906893280118833,-0.03244417012847906,0.001052624175325693,1.1896367038365576
inmet_hourly,ifs_hres,era5,50.0,1.3522463001025447,0.007071877015016862,5.0011444515523795e-05,1.3521962886580292
inmet_hourly,ifs_hres,era5,100.0,1.8127489451608598,0.11686175586287903,0.013656669983355142,1.7990922751775047
inmet_hourly,ifs_hres,station,0.0,3.0291199464342453,0.18062018130516116,0.03262364989470929,2.996496296539536
inmet_hourly,ifs_hres,station,12.5,3.048875875531088,0.1858183743723615,0.034528468254387094,3.0143474072767007
inmet_hourly,ifs_hres,station,25.0,3.3204426765234145,0.2023751294889897,0.040955693035685345,3.2794869834877294
inmet_hourly,ifs_hres,station,50.0,3.768427495489403,0.24189117663248563,0.05851134133264836,3.7099161541567542
inmet_hourly,ifs_hres,station,100.0,4.475219017948144,0.3516810554803478,0.12367956478377146,4.3515394531643725
inmet_hourly,pangu_era5,era5,0.0,0.7202015880575229,0.04698003015199894,0.0022071232330827294,0.7179944648244402
inmet_hourly,pangu_era5,era5,12.5,0.7197845297003594,0.04935624652183319,0.0024360390707239706,0.7173484906296355
inmet_hourly,pangu_era5,era5,25.0,0.7615710461800034,0.061387122765908964,0.0037683788414767786,0.7578026673385266
inmet_hourly,pangu_era5,era5,50.0,1.0011110773795682,0.09633685643281692,0.009280789907357178,0.991830287472211
inmet_hourly,pangu_era5,era5,100.0,1.5431868398798274,0.19599527113986734,0.038414146309190114,1.5047726935706374
inmet_hourly,pangu_era5,station,0.0,2.91739206754869,0.2817993297694677,0.0794108622585212,2.837981205290169
inmet_hourly,pangu_era5,station,12.5,2.9332252282259055,0.28417554613930196,0.08075574102357054,2.852469487202335
inmet_hourly,pangu_era5,station,25.0,3.1297304194607865,0.29620642238337774,0.08773824466115998,3.0419921747996264
inmet_hourly,pangu_era5,station,50.0,3.577096140528809,0.3311561560502857,0.10966439969000118,3.467431740838808
inmet_hourly,pangu_era5,station,100.0,4.3265596872151315,0.4308145707573362,0.18560119437682784,4.140958492838304
inmet_hourly,pangu_hres_init,era5,0.0,0.9135561472944774,-0.12145655746669541,0.014751695351660685,0.8988044519428168
inmet_hourly,pangu_hres_init,era5,12.5,0.9025043780479367,-0.11747874519400688,0.013801255572358393,0.8887031224755784
inmet_hourly,pangu_hres_init,era5,25.0,0.9038442045003343,-0.10037050817305872,0.010074238910918047,0.8937699655894162
inmet_hourly,pangu_hres_init,era5,50.0,1.1174229362352806,-0.0620290855630283,0.003847607455785486,1.1135753287794952
inmet_hourly,pangu_hres_init,era5,100.0,1.6203459653039853,0.0448477957752112,0.0020113247858950514,1.6183346405180903
inmet_hourly,pangu_hres_init,station,0.0,2.8120489847478085,0.1133627421507734,0.012851111307942736,2.7991978734398657
inmet_hourly,pangu_hres_init,station,12.5,2.8323553065471683,0.11734055442346193,0.013768805712405432,2.818586500834763
inmet_hourly,pangu_hres_init,station,25.0,3.0815565327944987,0.13444879144441005,0.018076477520862468,3.063480055273636
inmet_hourly,pangu_hres_init,station,50.0,3.551671593646827,0.17279021405444045,0.02985645807297935,3.521815135573848
inmet_hourly,pangu_hres_init,station,100.0,4.2928234628953295,0.27966709539268,0.07821368424537836,4.214609778649951
midas_open_uk,era5_forecast,era5,0.0,0.625639308884072,-0.3038879695485903,0.09234789803636496,0.533291410847707
midas_open_uk,era5_forecast,era5,12.5,0.616357440133549,-0.2959757742547457,0.08760165894569619,0.5287557811878528
midas_open_uk,era5_forecast,era5,25.0,0.6489296721917769,-0.2531925091364049,0.06410644668278848,0.5848232255089885
midas_open_uk,era5_forecast,era5,50.0,0.9479694593561742,-0.1458420129754733,0.021269892748738126,0.926699566607436
midas_open_uk,era5_forecast,era5,100.0,1.8066119853576206,0.04170063395048806,0.0017389428718725972,1.804873042485748
midas_open_uk,era5_forecast,station,0.0,2.4042952620290254,-0.2816725484714351,0.07933942456239294,2.3249558374666326
midas_open_uk,era5_forecast,station,12.5,2.3992303527653016,-0.2737603531775905,0.07494473097191909,2.3242856217933827
midas_open_uk,era5_forecast,station,25.0,2.468048978838307,-0.2309770880592497,0.0533504152083304,2.4146985636299765
midas_open_uk,era5_forecast,station,50.0,2.802756552127382,-0.12362659189831814,0.015283534224393299,2.7874730179029887
midas_open_uk,era5_forecast,station,100.0,3.6527480270166506,0.06391605502764323,0.004085262090296718,3.6486627649263537
midas_open_uk,graphcast_era5,era5,0.0,0.37578663518783106,-0.05455139135070438,0.0029758542982977047,0.37281078088953334
midas_open_uk,graphcast_era5,era5,12.5,0.3809933455129407,-0.053616155649188854,0.002874692146598046,0.37811865336634265
midas_open_uk,graphcast_era5,era5,25.0,0.47966664584210994,-0.030313567379532995,0.0009189123672734869,0.47874773347483646
midas_open_uk,graphcast_era5,era5,50.0,0.9044084910954434,0.0456210664689975,0.002081281705768688,0.9023272093896747
midas_open_uk,graphcast_era5,era5,100.0,1.8819857779811369,0.18571370443448176,0.03448958001477805,1.8474961979663589
midas_open_uk,graphcast_era5,station,0.0,1.8953203810085897,-0.03233597027354919,0.0010456149735318567,1.8942747660350578
midas_open_uk,graphcast_era5,station,12.5,1.9188080039857707,-0.03140073457203366,0.00098600613166331,1.9178219978541073
midas_open_uk,graphcast_era5,station,25.0,2.0907254837109077,-0.00809814630237781,6.557997353471541e-05,2.090659903737373
midas_open_uk,graphcast_era5,station,50.0,2.596114846973107,0.06783648754615272,0.004601789042599333,2.5915130579305075
midas_open_uk,graphcast_era5,station,100.0,3.632084845408252,0.20792912551163711,0.04323452123603414,3.588850324172218
midas_open_uk,graphcast_hres_init,era5,0.0,0.6584839337365616,-0.26991795871767776,0.072855704438318,0.5856282292982435
midas_open_uk,graphcast_hres_init,era5,12.5,0.6268922557225755,-0.2655821513236692,0.07053387910170832,0.5563583766208672
midas_open_uk,graphcast_hres_init,era5,25.0,0.6346945695746858,-0.21826023974719536,0.04763753225450319,0.5870570373201827
midas_open_uk,graphcast_hres_init,era5,50.0,0.9979560651597218,-0.10540754644016406,0.011110750846535344,0.9868453143131865
midas_open_uk,graphcast_hres_init,era5,100.0,1.9498339798041449,0.08149498014702161,0.006641431789163447,1.9431925480149814
midas_open_uk,graphcast_hres_init,station,0.0,2.1222532444273376,-0.2477025376405226,0.06135654715355452,2.060896697273783
midas_open_uk,graphcast_hres_init,station,12.5,2.158623993085164,-0.24336673024651406,0.05922736539087954,2.099396627694284
midas_open_uk,graphcast_hres_init,station,25.0,2.309568882873962,-0.19604481867004012,0.03843357092736891,2.271135311946593
midas_open_uk,graphcast_hres_init,station,50.0,2.783362256517553,-0.08319212536300888,0.006920929722414585,2.776441326795138
midas_open_uk,graphcast_hres_init,station,100.0,3.7843349663681645,0.10371040122417685,0.010755847322079744,3.773579119046085
midas_open_uk,ifs_ens_mean,era5,0.0,0.7970555254392742,-0.370874718222949,0.1375480566169518,0.6595074688223224
midas_open_uk,ifs_ens_mean,era5,12.5,0.766148058775266,-0.3655653486379575,0.1336380241247914,0.6325100346504746
midas_open_uk,ifs_ens_mean,era5,25.0,0.723195794190516,-0.31280886903876104,0.09784938854930876,0.6253464056412072
midas_open_uk,ifs_ens_mean,era5,50.0,0.9850729989294089,-0.1972150254916707,0.038893766279680324,0.9461792326497286
midas_open_uk,ifs_ens_mean,era5,100.0,1.817244947936891,-0.008637911478825663,7.461351471602815e-05,1.817170334422175
midas_open_uk,ifs_ens_mean,station,0.0,2.259476567750975,-0.34865929714579375,0.1215633054861989,2.137913262264776
midas_open_uk,ifs_ens_mean,station,12.5,2.266191525384656,-0.3433499275608023,0.11788917275600819,2.1483023526286478
midas_open_uk,ifs_ens_mean,station,25.0,2.3559551946315116,-0.2905934479616058,0.0844445519982145,2.271510642633297
midas_open_uk,ifs_ens_mean,station,50.0,2.7360815851410187,-0.17499960441451554,0.030624861545236925,2.705456723595782
midas_open_uk,ifs_ens_mean,station,100.0,3.620627563743577,0.01357750959832948,0.00018434876689272915,3.6204432149766843
midas_open_uk,ifs_hres,era5,0.0,0.9422194058348528,-0.3432359253906642,0.11781090047878562,0.8244085053560671
midas_open_uk,ifs_hres,era5,12.5,0.8442639885508877,-0.3424606893542853,0.1172793237530123,0.7269846647978754
midas_open_uk,ifs_hres,era5,25.0,0.7228313254340011,-0.28992017489360866,0.08405370781034063,0.6387776176236605
midas_open_uk,ifs_hres,era5,50.0,0.9696807657579076,-0.17522841203998574,0.03070499638605502,0.9389757693718526
midas_open_uk,ifs_hres,era5,100.0,1.8019906939331265,0.012313360535382671,0.00015161884767431942,1.8018390750854523
midas_open_uk,ifs_hres,station,0.0,2.168718310923615,-0.3210205043135091,0.1030541641896997,2.065664146733915
midas_open_uk,ifs_hres,station,12.5,2.19967124848116,-0.3202452682771301,0.10255703185389105,2.097114216627269
midas_open_uk,ifs_hres,station,25.0,2.31159499981845,-0.2677047538164535,0.07166583521592797,2.2399291646025223
midas_open_uk,ifs_hres,station,50.0,2.7056373058499608,-0.15301299096283053,0.023412975403391257,2.6822243304465694
midas_open_uk,ifs_hres,station,100.0,3.602326904506102,0.03452878161253788,0.0011922367596463343,3.601134667746456
midas_open_uk,pangu_era5,era5,0.0,0.5642381756431634,-0.01758188262121268,0.00030912259650610043,0.5639290530466573
midas_open_uk,pangu_era5,era5,12.5,0.5690737035821178,-0.014703125560583175,0.0002161819012502743,0.5688575216808676
midas_open_uk,pangu_era5,era5,25.0,0.6623566251459821,0.012917630675884709,0.00016686518227855763,0.6621897599637036
midas_open_uk,pangu_era5,era5,50.0,1.0392635923879905,0.08880117012628713,0.00788564781579779,1.0313779445721927
midas_open_uk,pangu_era5,era5,100.0,1.9706927342549756,0.2234209644637421,0.04991692736190871,1.920775806893067
midas_open_uk,pangu_era5,station,0.0,2.186375551376728,0.004633538455942494,2.1469678622697954e-05,2.1863540816981053
midas_open_uk,pangu_era5,station,12.5,2.2026356738356188,0.007512295516571997,5.6434583928307734e-05,2.2025792392516905
midas_open_uk,pangu_era5,station,25.0,2.3362030628940755,0.03513305175303988,0.0012343313254817784,2.3349687315685936
midas_open_uk,pangu_era5,station,50.0,2.7646679847630145,0.11101659120344232,0.012324683522432225,2.752343301240582
midas_open_uk,pangu_era5,station,100.0,3.739525270941969,0.24563638554089726,0.060337233901596315,3.6791880370403724
midas_open_uk,pangu_hres_init,era5,0.0,0.6691905544919673,-0.1432510544652634,0.02052086460540986,0.6486696898865574
midas_open_uk,pangu_hres_init,era5,12.5,0.657540787221737,-0.137471652872382,0.018898455343464696,0.6386423318782724
midas_open_uk,pangu_hres_init,era5,25.0,0.7265214869124673,-0.0961637478293743,0.00924746639659149,0.7172740205158759
midas_open_uk,pangu_hres_init,era5,50.0,1.1142559598692723,-0.004502652194444352,2.027387678413454e-05,1.1142356859924882
midas_open_uk,pangu_hres_init,era5,100.0,2.084694464344452,0.14861358544497152,0.022085997778809853,2.062608466565642
midas_open_uk,pangu_hres_init,station,0.0,2.2347448963116525,-0.12103563338810816,0.014649624549660524,2.220095271761992
midas_open_uk,pangu_hres_init,station,12.5,2.2663787597805096,-0.11525623179522683,0.013283998967635055,2.2530947608128744
midas_open_uk,pangu_hres_init,station,25.0,2.426932750136172,-0.07394832675221912,0.0054683550294529655,2.421464395106719
midas_open_uk,pangu_hres_init,station,50.0,2.888217473059583,0.01771276888271083,0.000313742181492329,2.8879037308780906
midas_open_uk,pangu_hres_init,station,100.0,3.907412578960223,0.1708290065221268,0.02918254946933684,3.8782300294908865
