lead_h,metric,bootstrap,temporal_block_days,reference,model,n_common_cases,n_stations,n_daily_blocks,score,score_ci_low,score_ci_high,bootstrap_winner_frequency,rank,ranking_applicable
24,bias,temporal_circular_blocks,1,avamet,ifs_hres,102976,146,363,-0.5011200228387535,-0.5669853934814307,-0.43563234201583456,,,False
24,bias,temporal_circular_blocks,1,avamet,graphcast_hres_init,102976,146,363,-0.2566189965342073,-0.3084727716988906,-0.20619048768253156,,,False
24,bias,temporal_circular_blocks,1,avamet,pangu_hres_init,102976,146,363,-0.04349458720603219,-0.10414625934991614,0.020241014156381867,,,False
24,bias,temporal_circular_blocks,1,era5_station,ifs_hres,102976,146,363,-0.7161169269407924,-0.7757081197865658,-0.6523219047579945,,,False
24,bias,temporal_circular_blocks,1,era5_station,graphcast_hres_init,102976,146,363,-0.4716159006362466,-0.5178353750820688,-0.4221200242752266,,,False
24,bias,temporal_circular_blocks,1,era5_station,pangu_hres_init,102976,146,363,-0.2584914913080713,-0.3047510273702715,-0.20944137549863412,,,False
24,bias,temporal_circular_blocks,3,avamet,ifs_hres,102976,146,363,-0.5011200228387535,-0.5881264558134096,-0.410526688709882,,,False
24,bias,temporal_circular_blocks,3,avamet,graphcast_hres_init,102976,146,363,-0.2566189965342073,-0.3180880044969094,-0.1949676149351165,,,False
24,bias,temporal_circular_blocks,3,avamet,pangu_hres_init,102976,146,363,-0.04349458720603219,-0.11801332502919765,0.02786193617933873,,,False
24,bias,temporal_circular_blocks,3,era5_station,ifs_hres,102976,146,363,-0.7161169269407924,-0.7926432780848444,-0.6361614940052382,,,False
24,bias,temporal_circular_blocks,3,era5_station,graphcast_hres_init,102976,146,363,-0.4716159006362466,-0.5357918910949868,-0.40584724672136685,,,False
24,bias,temporal_circular_blocks,3,era5_station,pangu_hres_init,102976,146,363,-0.2584914913080713,-0.30808790432787486,-0.20419052981125269,,,False
24,bias,temporal_circular_blocks,5,avamet,ifs_hres,102976,146,363,-0.5011200228387535,-0.604322264693955,-0.4016987614616895,,,False
24,bias,temporal_circular_blocks,5,avamet,graphcast_hres_init,102976,146,363,-0.2566189965342073,-0.324968900326611,-0.1905918284026557,,,False
24,bias,temporal_circular_blocks,5,avamet,pangu_hres_init,102976,146,363,-0.04349458720603219,-0.12145897308045583,0.034705420133366575,,,False
24,bias,temporal_circular_blocks,5,era5_station,ifs_hres,102976,146,363,-0.7161169269407924,-0.7990798188207977,-0.6293616703266571,,,False
24,bias,temporal_circular_blocks,5,era5_station,graphcast_hres_init,102976,146,363,-0.4716159006362466,-0.5393174980082572,-0.3998778062852296,,,False
24,bias,temporal_circular_blocks,5,era5_station,pangu_hres_init,102976,146,363,-0.2584914913080713,-0.314335400896971,-0.2044307646555295,,,False
24,bias,temporal_circular_blocks,7,avamet,ifs_hres,102976,146,363,-0.5011200228387535,-0.6139564476393492,-0.39493396908172884,,,False
24,bias,temporal_circular_blocks,7,avamet,graphcast_hres_init,102976,146,363,-0.2566189965342073,-0.32777826943254523,-0.18874492066715245,,,False
24,bias,temporal_circular_blocks,7,avamet,pangu_hres_init,102976,146,363,-0.04349458720603219,-0.12547607077017842,0.036250771806859566,,,False
24,bias,temporal_circular_blocks,7,era5_station,ifs_hres,102976,146,363,-0.7161169269407924,-0.8089961754741972,-0.62735414874581,,,False
24,bias,temporal_circular_blocks,7,era5_station,graphcast_hres_init,102976,146,363,-0.4716159006362466,-0.5428854599113363,-0.3991926178847912,,,False
24,bias,temporal_circular_blocks,7,era5_station,pangu_hres_init,102976,146,363,-0.2584914913080713,-0.3141392926509488,-0.20727885850171823,,,False
24,mae,temporal_circular_blocks,1,avamet,graphcast_hres_init,102976,146,363,1.6224069212963694,1.5943787679360741,1.6515973905254429,1.0,1.0,True
24,mae,temporal_circular_blocks,1,avamet,pangu_hres_init,102976,146,363,1.693996771231119,1.6613930601236588,1.728378254732515,0.0,2.0,True
24,mae,temporal_circular_blocks,1,avamet,ifs_hres,102976,146,363,1.7072449741875058,1.6748994553886491,1.7395620336374835,0.0,3.0,True
24,mae,temporal_circular_blocks,1,era5_station,pangu_hres_init,102976,146,363,0.8615041657776651,0.8371754669531078,0.8863207617594212,1.0,1.0,True
24,mae,temporal_circular_blocks,1,era5_station,graphcast_hres_init,102976,146,363,0.9342771396841917,0.9115819476737751,0.9575461062590984,0.0,2.0,True
24,mae,temporal_circular_blocks,1,era5_station,ifs_hres,102976,146,363,1.1581661876510214,1.1277735872956915,1.189007353394029,0.0,3.0,True
24,mae,temporal_circular_blocks,3,avamet,graphcast_hres_init,102976,146,363,1.6224069212963694,1.5878386247536007,1.6584400496167497,1.0,1.0,True
24,mae,temporal_circular_blocks,3,avamet,pangu_hres_init,102976,146,363,1.693996771231119,1.6531440290971773,1.7364671154689877,0.0,2.0,True
24,mae,temporal_circular_blocks,3,avamet,ifs_hres,102976,146,363,1.7072449741875058,1.665088485077211,1.752996289707364,0.0,3.0,True
24,mae,temporal_circular_blocks,3,era5_station,pangu_hres_init,102976,146,363,0.8615041657776651,0.835365552825619,0.8893626072347866,1.0,1.0,True
24,mae,temporal_circular_blocks,3,era5_station,graphcast_hres_init,102976,146,363,0.9342771396841917,0.9067827786869457,0.9628205099060676,0.0,2.0,True
24,mae,temporal_circular_blocks,3,era5_station,ifs_hres,102976,146,363,1.1581661876510214,1.1211526704910382,1.196549990481217,0.0,3.0,True
24,mae,temporal_circular_blocks,5,avamet,graphcast_hres_init,102976,146,363,1.6224069212963694,1.5823720592624584,1.6662634679721522,1.0,1.0,True
24,mae,temporal_circular_blocks,5,avamet,pangu_hres_init,102976,146,363,1.693996771231119,1.6485410821096587,1.7416951572866914,0.0,2.0,True
24,mae,temporal_circular_blocks,5,avamet,ifs_hres,102976,146,363,1.7072449741875058,1.658158229365584,1.7592114566870345,0.0,3.0,True
24,mae,temporal_circular_blocks,5,era5_station,pangu_hres_init,102976,146,363,0.8615041657776651,0.8299637246683603,0.8918433722415342,1.0,1.0,True
24,mae,temporal_circular_blocks,5,era5_station,graphcast_hres_init,102976,146,363,0.9342771396841917,0.9041655080756613,0.9644393105179117,0.0,2.0,True
24,mae,temporal_circular_blocks,5,era5_station,ifs_hres,102976,146,363,1.1581661876510214,1.1161848137741277,1.1992378030798814,0.0,3.0,True
24,mae,temporal_circular_blocks,7,avamet,graphcast_hres_init,102976,146,363,1.6224069212963694,1.5813659000768654,1.6657556230097346,1.0,1.0,True
24,mae,temporal_circular_blocks,7,avamet,pangu_hres_init,102976,146,363,1.693996771231119,1.6459761951402483,1.7440478948448634,0.0,2.0,True
24,mae,temporal_circular_blocks,7,avamet,ifs_hres,102976,146,363,1.7072449741875058,1.6572728879781204,1.7631569716052689,0.0,3.0,True
24,mae,temporal_circular_blocks,7,era5_station,pangu_hres_init,102976,146,363,0.8615041657776651,0.8308552786445742,0.8930016249577231,1.0,1.0,True
24,mae,temporal_circular_blocks,7,era5_station,graphcast_hres_init,102976,146,363,0.9342771396841917,0.9013213780524759,0.9644080766644785,0.0,2.0,True
24,mae,temporal_circular_blocks,7,era5_station,ifs_hres,102976,146,363,1.1581661876510214,1.1145018817519154,1.203265954058283,0.0,3.0,True
24,medae,temporal_circular_blocks,1,avamet,graphcast_hres_init,102976,146,363,1.312995581163393,1.2878514752596515,1.3367244613414608,1.0,1.0,True
24,medae,temporal_circular_blocks,1,avamet,pangu_hres_init,102976,146,363,1.3687511148354372,1.340306105168665,1.3982643774062544,0.0,2.0,True
24,medae,temporal_circular_blocks,1,avamet,ifs_hres,102976,146,363,1.3973613941255056,1.3672745793824752,1.428176161361139,0.0,3.0,True
24,medae,temporal_circular_blocks,1,era5_station,pangu_hres_init,102976,146,363,0.7479457885392138,0.7242812571556649,0.7725956164193433,1.0,1.0,True
24,medae,temporal_circular_blocks,1,era5_station,graphcast_hres_init,102976,146,363,0.8140066910141793,0.7908458003483615,0.8389392501503461,0.0,2.0,True
24,medae,temporal_circular_blocks,1,era5_station,ifs_hres,102976,146,363,0.9901764657237362,0.9590274587454705,1.0217360187783557,0.0,3.0,True
24,medae,temporal_circular_blocks,3,avamet,graphcast_hres_init,102976,146,363,1.312995581163393,1.2837168789121982,1.3427894950501427,1.0,1.0,True
24,medae,temporal_circular_blocks,3,avamet,pangu_hres_init,102976,146,363,1.3687511148354372,1.333916758584523,1.4047259282065458,0.0,2.0,True
24,medae,temporal_circular_blocks,3,avamet,ifs_hres,102976,146,363,1.3973613941255056,1.3563673010863542,1.4417117191759956,0.0,3.0,True
24,medae,temporal_circular_blocks,3,era5_station,pangu_hres_init,102976,146,363,0.7479457885392138,0.7218906533937759,0.7739130940152903,1.0,1.0,True
24,medae,temporal_circular_blocks,3,era5_station,graphcast_hres_init,102976,146,363,0.8140066910141793,0.7872596761945748,0.844241130338788,0.0,2.0,True
24,medae,temporal_circular_blocks,3,era5_station,ifs_hres,102976,146,363,0.9901764657237362,0.9541078914853498,1.0297796517394227,0.0,3.0,True
24,medae,temporal_circular_blocks,5,avamet,graphcast_hres_init,102976,146,363,1.312995581163393,1.2828382589392129,1.3451038211092514,1.0,1.0,True
24,medae,temporal_circular_blocks,5,avamet,pangu_hres_init,102976,146,363,1.3687511148354372,1.3326847868494038,1.4069346030376393,0.0,2.0,True
24,medae,temporal_circular_blocks,5,avamet,ifs_hres,102976,146,363,1.3973613941255056,1.3527003678037683,1.4506895619873428,0.0,3.0,True
24,medae,temporal_circular_blocks,5,era5_station,pangu_hres_init,102976,146,363,0.7479457885392138,0.7175168157691646,0.7772691968305633,1.0,1.0,True
24,medae,temporal_circular_blocks,5,era5_station,graphcast_hres_init,102976,146,363,0.8140066910141793,0.7834741899723001,0.8434986318506691,0.0,2.0,True
24,medae,temporal_circular_blocks,5,era5_station,ifs_hres,102976,146,363,0.9901764657237362,0.9498387019523874,1.033767752978402,0.0,3.0,True
24,medae,temporal_circular_blocks,7,avamet,graphcast_hres_init,102976,146,363,1.312995581163393,1.278376028976453,1.3486432362598926,1.0,1.0,True
24,medae,temporal_circular_blocks,7,avamet,pangu_hres_init,102976,146,363,1.3687511148354372,1.3307412973247312,1.4118613334785126,0.0,2.0,True
24,medae,temporal_circular_blocks,7,avamet,ifs_hres,102976,146,363,1.3973613941255056,1.3455714809907775,1.4524323577101106,0.0,3.0,True
24,medae,temporal_circular_blocks,7,era5_station,pangu_hres_init,102976,146,363,0.7479457885392138,0.7168905115765777,0.7809097606738528,1.0,1.0,True
24,medae,temporal_circular_blocks,7,era5_station,graphcast_hres_init,102976,146,363,0.8140066910141793,0.7824471481971218,0.8447767573278752,0.0,2.0,True
24,medae,temporal_circular_blocks,7,era5_station,ifs_hres,102976,146,363,0.9901764657237362,0.9431662057570609,1.0369398128079284,0.0,3.0,True
24,rmse,temporal_circular_blocks,1,avamet,graphcast_hres_init,102976,146,363,2.1697287864986308,2.128841079489709,2.210263881008495,1.0,1.0,True
24,rmse,temporal_circular_blocks,1,avamet,ifs_hres,102976,146,363,2.252304401915769,2.208792213247903,2.295251802128118,0.0,2.0,True
24,rmse,temporal_circular_blocks,1,avamet,pangu_hres_init,102976,146,363,2.256618924694091,2.2119993357318166,2.29840509941729,0.0,3.0,True
24,rmse,temporal_circular_blocks,1,era5_station,pangu_hres_init,102976,146,363,1.0641333655142644,1.0368756759107642,1.0932960263778866,1.0,1.0,True
24,rmse,temporal_circular_blocks,1,era5_station,graphcast_hres_init,102976,146,363,1.1521888892020982,1.125275875289681,1.1799114324229802,0.0,2.0,True
24,rmse,temporal_circular_blocks,1,era5_station,ifs_hres,102976,146,363,1.4478638473613132,1.4121064772827496,1.480411608994438,0.0,3.0,True
24,rmse,temporal_circular_blocks,3,avamet,graphcast_hres_init,102976,146,363,2.1697287864986308,2.118408140208696,2.223686299520242,1.0,1.0,True
24,rmse,temporal_circular_blocks,3,avamet,ifs_hres,102976,146,363,2.252304401915769,2.1988120833861258,2.311476393167972,0.0,2.0,True
24,rmse,temporal_circular_blocks,3,avamet,pangu_hres_init,102976,146,363,2.256618924694091,2.201057500456474,2.3149697500913455,0.0,3.0,True
24,rmse,temporal_circular_blocks,3,era5_station,pangu_hres_init,102976,146,363,1.0641333655142644,1.0336053421607985,1.0963315621972693,1.0,1.0,True
24,rmse,temporal_circular_blocks,3,era5_station,graphcast_hres_init,102976,146,363,1.1521888892020982,1.1200932994510142,1.1844018057365304,0.0,2.0,True
24,rmse,temporal_circular_blocks,3,era5_station,ifs_hres,102976,146,363,1.4478638473613132,1.4060863973216764,1.4911132894056893,0.0,3.0,True
24,rmse,temporal_circular_blocks,5,avamet,graphcast_hres_init,102976,146,363,2.1697287864986308,2.112476253921691,2.232819900376173,1.0,1.0,True
24,rmse,temporal_circular_blocks,5,avamet,ifs_hres,102976,146,363,2.252304401915769,2.190822134380415,2.317242103143013,0.0,2.0,True
24,rmse,temporal_circular_blocks,5,avamet,pangu_hres_init,102976,146,363,2.256618924694091,2.195955770170095,2.32094365916456,0.0,3.0,True
24,rmse,temporal_circular_blocks,5,era5_station,pangu_hres_init,102976,146,363,1.0641333655142644,1.0301488457229657,1.098118130234686,1.0,1.0,True
24,rmse,temporal_circular_blocks,5,era5_station,graphcast_hres_init,102976,146,363,1.1521888892020982,1.1173970851716954,1.1887985883376926,0.0,2.0,True
24,rmse,temporal_circular_blocks,5,era5_station,ifs_hres,102976,146,363,1.4478638473613132,1.3998687901410907,1.4929362409704203,0.0,3.0,True
24,rmse,temporal_circular_blocks,7,avamet,graphcast_hres_init,102976,146,363,2.1697287864986308,2.105539889713788,2.2320477856621834,1.0,1.0,True
24,rmse,temporal_circular_blocks,7,avamet,ifs_hres,102976,146,363,2.252304401915769,2.1870469814068847,2.317707879389397,0.0,2.0,True
24,rmse,temporal_circular_blocks,7,avamet,pangu_hres_init,102976,146,363,2.256618924694091,2.192160477474817,2.322275463297823,0.0,3.0,True
24,rmse,temporal_circular_blocks,7,era5_station,pangu_hres_init,102976,146,363,1.0641333655142644,1.026775336882131,1.1009023177594366,1.0,1.0,True
24,rmse,temporal_circular_blocks,7,era5_station,graphcast_hres_init,102976,146,363,1.1521888892020982,1.1129051505135594,1.1911612987558373,0.0,2.0,True
24,rmse,temporal_circular_blocks,7,era5_station,ifs_hres,102976,146,363,1.4478638473613132,1.3967865912729434,1.498641931928865,0.0,3.0,True
48,bias,temporal_circular_blocks,1,avamet,ifs_hres,102694,146,362,-0.5467459637752591,-0.6175840264147926,-0.4753062950403857,,,False
48,bias,temporal_circular_blocks,1,avamet,graphcast_hres_init,102694,146,362,-0.2411536687632761,-0.298381120137947,-0.1845950819621486,,,False
48,bias,temporal_circular_blocks,1,avamet,pangu_hres_init,102694,146,362,0.08376586783945561,0.01757782621215088,0.150524214406255,,,False
48,bias,temporal_circular_blocks,1,era5_station,ifs_hres,102694,146,362,-0.7627346875403895,-0.8308196766764925,-0.6973631786367902,,,False
48,bias,temporal_circular_blocks,1,era5_station,graphcast_hres_init,102694,146,362,-0.45714239252840716,-0.5172261245929423,-0.39852181356439853,,,False
48,bias,temporal_circular_blocks,1,era5_station,pangu_hres_init,102694,146,362,-0.13222285592567556,-0.1844977150255449,-0.07934635901656442,,,False
48,bias,temporal_circular_blocks,3,avamet,ifs_hres,102694,146,362,-0.5467459637752591,-0.648727637281872,-0.4470536572653736,,,False
48,bias,temporal_circular_blocks,3,avamet,graphcast_hres_init,102694,146,362,-0.2411536687632761,-0.31503232159534755,-0.16578875412442623,,,False
48,bias,temporal_circular_blocks,3,avamet,pangu_hres_init,102694,146,362,0.08376586783945561,0.0027969627159702237,0.16485156504491666,,,False
48,bias,temporal_circular_blocks,3,era5_station,ifs_hres,102694,146,362,-0.7627346875403895,-0.851428880183585,-0.6741631437065541,,,False
48,bias,temporal_circular_blocks,3,era5_station,graphcast_hres_init,102694,146,362,-0.45714239252840716,-0.5339948822892071,-0.3766868114227055,,,False
48,bias,temporal_circular_blocks,3,era5_station,pangu_hres_init,102694,146,362,-0.13222285592567556,-0.19199128640219362,-0.07051542734590467,,,False
48,bias,temporal_circular_blocks,5,avamet,ifs_hres,102694,146,362,-0.5467459637752591,-0.6617263090711171,-0.43282011131982184,,,False
48,bias,temporal_circular_blocks,5,avamet,graphcast_hres_init,102694,146,362,-0.2411536687632761,-0.3216624646980274,-0.15897096307111266,,,False
48,bias,temporal_circular_blocks,5,avamet,pangu_hres_init,102694,146,362,0.08376586783945561,-0.00527353309705728,0.16928822647588448,,,False
48,bias,temporal_circular_blocks,5,era5_station,ifs_hres,102694,146,362,-0.7627346875403895,-0.8597346632080498,-0.6637991185957203,,,False
48,bias,temporal_circular_blocks,5,era5_station,graphcast_hres_init,102694,146,362,-0.45714239252840716,-0.5446733743874624,-0.3740776273364774,,,False
48,bias,temporal_circular_blocks,5,era5_station,pangu_hres_init,102694,146,362,-0.13222285592567556,-0.20061844831860592,-0.06367562117290149,,,False
48,bias,temporal_circular_blocks,7,avamet,ifs_hres,102694,146,362,-0.5467459637752591,-0.6834307178747533,-0.4125186579263976,,,False
48,bias,temporal_circular_blocks,7,avamet,graphcast_hres_init,102694,146,362,-0.2411536687632761,-0.31918367274497905,-0.15704977037413462,,,False
48,bias,temporal_circular_blocks,7,avamet,pangu_hres_init,102694,146,362,0.08376586783945561,-0.006421229479550263,0.17444621009652236,,,False
48,bias,temporal_circular_blocks,7,era5_station,ifs_hres,102694,146,362,-0.7627346875403895,-0.8671575715034161,-0.6557704600068897,,,False
48,bias,temporal_circular_blocks,7,era5_station,graphcast_hres_init,102694,146,362,-0.45714239252840716,-0.5410650885412496,-0.36884823655614535,,,False
48,bias,temporal_circular_blocks,7,era5_station,pangu_hres_init,102694,146,362,-0.13222285592567556,-0.20070636812542383,-0.06210853491321013,,,False
48,mae,temporal_circular_blocks,1,avamet,graphcast_hres_init,102694,146,362,1.6611355877243532,1.63215060854746,1.69223442072159,1.0,1.0,True
48,mae,temporal_circular_blocks,1,avamet,pangu_hres_init,102694,146,362,1.7408572143717278,1.708107793241267,1.7736421812882073,0.0,2.0,True
48,mae,temporal_circular_blocks,1,avamet,ifs_hres,102694,146,362,1.7672090517320183,1.733226250625443,1.8050506700008069,0.0,3.0,True
48,mae,temporal_circular_blocks,1,era5_station,pangu_hres_init,102694,146,362,0.884916587338844,0.8583179967046115,0.9136126629311676,1.0,1.0,True
48,mae,temporal_circular_blocks,1,era5_station,graphcast_hres_init,102694,146,362,0.9735982413351127,0.9453619123685947,1.0026600608874345,0.0,2.0,True
48,mae,temporal_circular_blocks,1,era5_station,ifs_hres,102694,146,362,1.2337861013599463,1.1991547374893134,1.269613323008526,0.0,3.0,True
48,mae,temporal_circular_blocks,3,avamet,graphcast_hres_init,102694,146,362,1.6611355877243532,1.6250956489847546,1.6986720681302516,1.0,1.0,True
48,mae,temporal_circular_blocks,3,avamet,pangu_hres_init,102694,146,362,1.7408572143717278,1.7019640627632695,1.7826261761640185,0.0,2.0,True
48,mae,temporal_circular_blocks,3,avamet,ifs_hres,102694,146,362,1.7672090517320183,1.723129747497156,1.8158433746588067,0.0,3.0,True
48,mae,temporal_circular_blocks,3,era5_station,pangu_hres_init,102694,146,362,0.884916587338844,0.8545493268934886,0.9179080136607228,1.0,1.0,True
48,mae,temporal_circular_blocks,3,era5_station,graphcast_hres_init,102694,146,362,0.9735982413351127,0.9432458174887467,1.00641009136492,0.0,2.0,True
48,mae,temporal_circular_blocks,3,era5_station,ifs_hres,102694,146,362,1.2337861013599463,1.190651027181801,1.2776414256786457,0.0,3.0,True
48,mae,temporal_circular_blocks,5,avamet,graphcast_hres_init,102694,146,362,1.6611355877243532,1.6188879052520002,1.7026059157709896,1.0,1.0,True
48,mae,temporal_circular_blocks,5,avamet,pangu_hres_init,102694,146,362,1.7408572143717278,1.6944642573043907,1.7866174313758223,0.0,2.0,True
48,mae,temporal_circular_blocks,5,avamet,ifs_hres,102694,146,362,1.7672090517320183,1.716433583310925,1.819225557698104,0.0,3.0,True
48,mae,temporal_circular_blocks,5,era5_station,pangu_hres_init,102694,146,362,0.884916587338844,0.8509043233926602,0.9177336526360714,1.0,1.0,True
48,mae,temporal_circular_blocks,5,era5_station,graphcast_hres_init,102694,146,362,0.9735982413351127,0.9415306639581907,1.0072122501119156,0.0,2.0,True
48,mae,temporal_circular_blocks,5,era5_station,ifs_hres,102694,146,362,1.2337861013599463,1.1854025996889388,1.283111635760311,0.0,3.0,True
48,mae,temporal_circular_blocks,7,avamet,graphcast_hres_init,102694,146,362,1.6611355877243532,1.6191295992818266,1.703971864437685,1.0,1.0,True
48,mae,temporal_circular_blocks,7,avamet,pangu_hres_init,102694,146,362,1.7408572143717278,1.6974447393731231,1.7861172247254584,0.0,2.0,True
48,mae,temporal_circular_blocks,7,avamet,ifs_hres,102694,146,362,1.7672090517320183,1.7150986419234338,1.8245899682384226,0.0,3.0,True
48,mae,temporal_circular_blocks,7,era5_station,pangu_hres_init,102694,146,362,0.884916587338844,0.8526401838797205,0.918141133058045,1.0,1.0,True
48,mae,temporal_circular_blocks,7,era5_station,graphcast_hres_init,102694,146,362,0.9735982413351127,0.9385636031248614,1.009018877342726,0.0,2.0,True
48,mae,temporal_circular_blocks,7,era5_station,ifs_hres,102694,146,362,1.2337861013599463,1.1835349695302209,1.2880079535765852,0.0,3.0,True
48,medae,temporal_circular_blocks,1,avamet,graphcast_hres_init,102694,146,362,1.3533321446133146,1.3254794862684176,1.3796196889398153,1.0,1.0,True
48,medae,temporal_circular_blocks,1,avamet,pangu_hres_init,102694,146,362,1.4012089658499765,1.371008421090466,1.4298906836808647,0.0,2.0,True
48,medae,temporal_circular_blocks,1,avamet,ifs_hres,102694,146,362,1.4574526885495174,1.423574213489139,1.4917963762238975,0.0,3.0,True
48,medae,temporal_circular_blocks,1,era5_station,pangu_hres_init,102694,146,362,0.7669250915248075,0.737965528751045,0.7959643038841282,1.0,1.0,True
48,medae,temporal_circular_blocks,1,era5_station,graphcast_hres_init,102694,146,362,0.8579911568974455,0.8297275107188921,0.8857090961334103,0.0,2.0,True
48,medae,temporal_circular_blocks,1,era5_station,ifs_hres,102694,146,362,1.060948372468108,1.0235935893201222,1.0980740284572121,0.0,3.0,True
48,medae,temporal_circular_blocks,3,avamet,graphcast_hres_init,102694,146,362,1.3533321446133146,1.3205083064273615,1.3871978292873712,1.0,1.0,True
48,medae,temporal_circular_blocks,3,avamet,pangu_hres_init,102694,146,362,1.4012089658499765,1.364494817189133,1.437556437066562,0.0,2.0,True
48,medae,temporal_circular_blocks,3,avamet,ifs_hres,102694,146,362,1.4574526885495174,1.4105010109716238,1.5021282386821402,0.0,3.0,True
48,medae,temporal_circular_blocks,3,era5_station,pangu_hres_init,102694,146,362,0.7669250915248075,0.7354436822993473,0.7983947564687193,1.0,1.0,True
48,medae,temporal_circular_blocks,3,era5_station,graphcast_hres_init,102694,146,362,0.8579911568974455,0.8251840076289512,0.8915141276608394,0.0,2.0,True
48,medae,temporal_circular_blocks,3,era5_station,ifs_hres,102694,146,362,1.060948372468108,1.0151362238779909,1.106357716172362,0.0,3.0,True
48,medae,temporal_circular_blocks,5,avamet,graphcast_hres_init,102694,146,362,1.3533321446133146,1.3203092935394032,1.3905344505492208,1.0,1.0,True
48,medae,temporal_circular_blocks,5,avamet,pangu_hres_init,102694,146,362,1.4012089658499765,1.3652168131356415,1.4418592741799936,0.0,2.0,True
48,medae,temporal_circular_blocks,5,avamet,ifs_hres,102694,146,362,1.4574526885495174,1.4080050710548313,1.518094400238071,0.0,3.0,True
48,medae,temporal_circular_blocks,5,era5_station,pangu_hres_init,102694,146,362,0.7669250915248075,0.732026676310867,0.8010447459941518,1.0,1.0,True
48,medae,temporal_circular_blocks,5,era5_station,graphcast_hres_init,102694,146,362,0.8579911568974455,0.8242168310432144,0.8907602885064418,0.0,2.0,True
48,medae,temporal_circular_blocks,5,era5_station,ifs_hres,102694,146,362,1.060948372468108,1.012131734434016,1.1132592719672123,0.0,3.0,True
48,medae,temporal_circular_blocks,7,avamet,graphcast_hres_init,102694,146,362,1.3533321446133146,1.3183625455957304,1.392554415495941,1.0,1.0,True
48,medae,temporal_circular_blocks,7,avamet,pangu_hres_init,102694,146,362,1.4012089658499765,1.3626915784001656,1.4429601833487815,0.0,2.0,True
48,medae,temporal_circular_blocks,7,avamet,ifs_hres,102694,146,362,1.4574526885495174,1.40057126202131,1.521723240221957,0.0,3.0,True
48,medae,temporal_circular_blocks,7,era5_station,pangu_hres_init,102694,146,362,0.7669250915248075,0.7337072345455878,0.803244395761948,1.0,1.0,True
48,medae,temporal_circular_blocks,7,era5_station,graphcast_hres_init,102694,146,362,0.8579911568974455,0.8224724663277594,0.8917059731109939,0.0,2.0,True
48,medae,temporal_circular_blocks,7,era5_station,ifs_hres,102694,146,362,1.060948372468108,1.009068766558148,1.1172825898664502,0.0,3.0,True
48,rmse,temporal_circular_blocks,1,avamet,graphcast_hres_init,102694,146,362,2.211677623668644,2.170838050280308,2.252222530112478,1.0,1.0,True
48,rmse,temporal_circular_blocks,1,avamet,ifs_hres,102694,146,362,2.313877925806015,2.272494886646155,2.354575207785135,0.0,2.0,True
48,rmse,temporal_circular_blocks,1,avamet,pangu_hres_init,102694,146,362,2.323241391378741,2.2804516491988744,2.366206213850301,0.0,3.0,True
48,rmse,temporal_circular_blocks,1,era5_station,pangu_hres_init,102694,146,362,1.0922393416172025,1.0590273993702222,1.1264721501840593,1.0,1.0,True
48,rmse,temporal_circular_blocks,1,era5_station,graphcast_hres_init,102694,146,362,1.1906582113394781,1.1602522852045816,1.2209250372855125,0.0,2.0,True
48,rmse,temporal_circular_blocks,1,era5_station,ifs_hres,102694,146,362,1.528365064651338,1.4885076179783132,1.5695082473689292,0.0,3.0,True
48,rmse,temporal_circular_blocks,3,avamet,graphcast_hres_init,102694,146,362,2.211677623668644,2.1584946440295147,2.266226311313397,1.0,1.0,True
48,rmse,temporal_circular_blocks,3,avamet,ifs_hres,102694,146,362,2.313877925806015,2.255303223363353,2.3721917091183893,0.0,2.0,True
48,rmse,temporal_circular_blocks,3,avamet,pangu_hres_init,102694,146,362,2.323241391378741,2.271180478609426,2.3791205316370343,0.0,3.0,True
48,rmse,temporal_circular_blocks,3,era5_station,pangu_hres_init,102694,146,362,1.0922393416172025,1.0571518145971106,1.1304104329157096,1.0,1.0,True
48,rmse,temporal_circular_blocks,3,era5_station,graphcast_hres_init,102694,146,362,1.1906582113394781,1.1538982349251037,1.2294021369396049,0.0,2.0,True
48,rmse,temporal_circular_blocks,3,era5_station,ifs_hres,102694,146,362,1.528365064651338,1.4790557655431273,1.5754227086168218,0.0,3.0,True
48,rmse,temporal_circular_blocks,5,avamet,graphcast_hres_init,102694,146,362,2.211677623668644,2.1567328808079567,2.2719165733629105,1.0,1.0,True
48,rmse,temporal_circular_blocks,5,avamet,ifs_hres,102694,146,362,2.313877925806015,2.253920202579668,2.3771747842781665,0.0,2.0,True
48,rmse,temporal_circular_blocks,5,avamet,pangu_hres_init,102694,146,362,2.323241391378741,2.2676838829825057,2.38412827530415,0.0,3.0,True
48,rmse,temporal_circular_blocks,5,era5_station,pangu_hres_init,102694,146,362,1.0922393416172025,1.0555762398906146,1.1316745939284611,1.0,1.0,True
48,rmse,temporal_circular_blocks,5,era5_station,graphcast_hres_init,102694,146,362,1.1906582113394781,1.1521448381081734,1.2283765846711925,0.0,2.0,True
48,rmse,temporal_circular_blocks,5,era5_station,ifs_hres,102694,146,362,1.528365064651338,1.474761944733086,1.5831948534065259,0.0,3.0,True
48,rmse,temporal_circular_blocks,7,avamet,graphcast_hres_init,102694,146,362,2.211677623668644,2.1497994149386495,2.2728610916504786,1.0,1.0,True
48,rmse,temporal_circular_blocks,7,avamet,ifs_hres,102694,146,362,2.313877925806015,2.2486318448595344,2.3809354313428495,0.0,2.0,True
48,rmse,temporal_circular_blocks,7,avamet,pangu_hres_init,102694,146,362,2.323241391378741,2.2633127015203045,2.3858147273761667,0.0,3.0,True
48,rmse,temporal_circular_blocks,7,era5_station,pangu_hres_init,102694,146,362,1.0922393416172025,1.0550589459716693,1.13022673051754,1.0,1.0,True
48,rmse,temporal_circular_blocks,7,era5_station,graphcast_hres_init,102694,146,362,1.1906582113394781,1.1500997418587315,1.2315589019053927,0.0,2.0,True
48,rmse,temporal_circular_blocks,7,era5_station,ifs_hres,102694,146,362,1.528365064651338,1.471465100631567,1.5880548883844519,0.0,3.0,True
72,bias,temporal_circular_blocks,1,avamet,ifs_hres,102412,146,361,-0.5806496530626178,-0.6623941027716459,-0.49767225369400764,,,False
72,bias,temporal_circular_blocks,1,avamet,graphcast_hres_init,102412,146,361,-0.22861626572750135,-0.2931597031863828,-0.15724328543621882,,,False
72,bias,temporal_circular_blocks,1,avamet,pangu_hres_init,102412,146,361,0.14320875408455627,0.07175642166088783,0.21631834035618688,,,False
72,bias,temporal_circular_blocks,1,era5_station,ifs_hres,102412,146,361,-0.7984547614739228,-0.872394924223244,-0.723567685375986,,,False
72,bias,temporal_circular_blocks,1,era5_station,graphcast_hres_init,102412,146,361,-0.4464213741388074,-0.5124297995050442,-0.37868226981177644,,,False
72,bias,temporal_circular_blocks,1,era5_station,pangu_hres_init,102412,146,361,-0.07459635432674969,-0.13505080794366486,-0.01468922344681646,,,False
72,bias,temporal_circular_blocks,3,avamet,ifs_hres,102412,146,361,-0.5806496530626178,-0.6992125715636209,-0.4633473099562809,,,False
72,bias,temporal_circular_blocks,3,avamet,graphcast_hres_init,102412,146,361,-0.22861626572750135,-0.3109036472916654,-0.14053711282711578,,,False
72,bias,temporal_circular_blocks,3,avamet,pangu_hres_init,102412,146,361,0.14320875408455627,0.05452971598961185,0.2334866920597024,,,False
72,bias,temporal_circular_blocks,3,era5_station,ifs_hres,102412,146,361,-0.7984547614739228,-0.8980624246208838,-0.6968011221807313,,,False
72,bias,temporal_circular_blocks,3,era5_station,graphcast_hres_init,102412,146,361,-0.4464213741388074,-0.5312120280714505,-0.3602580327262018,,,False
72,bias,temporal_circular_blocks,3,era5_station,pangu_hres_init,102412,146,361,-0.07459635432674969,-0.14872398820516552,0.0016618817430308862,,,False
72,bias,temporal_circular_blocks,5,avamet,ifs_hres,102412,146,361,-0.5806496530626178,-0.7070036719717689,-0.4457950109516321,,,False
72,bias,temporal_circular_blocks,5,avamet,graphcast_hres_init,102412,146,361,-0.22861626572750135,-0.31305248760167104,-0.1362326265208472,,,False
72,bias,temporal_circular_blocks,5,avamet,pangu_hres_init,102412,146,361,0.14320875408455627,0.05034483955867515,0.2454925817316694,,,False
72,bias,temporal_circular_blocks,5,era5_station,ifs_hres,102412,146,361,-0.7984547614739228,-0.9060409406407846,-0.6790467698011692,,,False
72,bias,temporal_circular_blocks,5,era5_station,graphcast_hres_init,102412,146,361,-0.4464213741388074,-0.5372613409183427,-0.35098904711208073,,,False
72,bias,temporal_circular_blocks,5,era5_station,pangu_hres_init,102412,146,361,-0.07459635432674969,-0.15315684056773474,0.008484981672973364,,,False
72,bias,temporal_circular_blocks,7,avamet,ifs_hres,102412,146,361,-0.5806496530626178,-0.7178166442783102,-0.44148970965350276,,,False
72,bias,temporal_circular_blocks,7,avamet,graphcast_hres_init,102412,146,361,-0.22861626572750135,-0.32200746938583075,-0.13475960236440973,,,False
72,bias,temporal_circular_blocks,7,avamet,pangu_hres_init,102412,146,361,0.14320875408455627,0.04201409086810084,0.2503617596579845,,,False
72,bias,temporal_circular_blocks,7,era5_station,ifs_hres,102412,146,361,-0.7984547614739228,-0.920608288624362,-0.6764292229207255,,,False
72,bias,temporal_circular_blocks,7,era5_station,graphcast_hres_init,102412,146,361,-0.4464213741388074,-0.5432771503368204,-0.3513743443914222,,,False
72,bias,temporal_circular_blocks,7,era5_station,pangu_hres_init,102412,146,361,-0.07459635432674969,-0.16569745741541286,0.011844762449930922,,,False
72,mae,temporal_circular_blocks,1,avamet,graphcast_hres_init,102412,146,361,1.7177966078491185,1.6874887819668938,1.7497886330381822,1.0,1.0,True
72,mae,temporal_circular_blocks,1,avamet,pangu_hres_init,102412,146,361,1.7925649531584276,1.7569250083271157,1.8307866705654467,0.0,2.0,True
72,mae,temporal_circular_blocks,1,avamet,ifs_hres,102412,146,361,1.8505160662124778,1.8089541767025623,1.8913636856867353,0.0,3.0,True
72,mae,temporal_circular_blocks,1,era5_station,pangu_hres_init,102412,146,361,0.9546868166518788,0.9204035156425039,0.9914723858576489,1.0,1.0,True
72,mae,temporal_circular_blocks,1,era5_station,graphcast_hres_init,102412,146,361,1.0423339562088638,1.0113375692577484,1.0745442197535766,0.0,2.0,True
72,mae,temporal_circular_blocks,1,era5_station,ifs_hres,102412,146,361,1.322381546503883,1.2755750912709334,1.3683094503460387,0.0,3.0,True
72,mae,temporal_circular_blocks,3,avamet,graphcast_hres_init,102412,146,361,1.7177966078491185,1.6783549131377082,1.7589775389588425,1.0,1.0,True
72,mae,temporal_circular_blocks,3,avamet,pangu_hres_init,102412,146,361,1.7925649531584276,1.7503027243501046,1.8373990135849287,0.0,2.0,True
72,mae,temporal_circular_blocks,3,avamet,ifs_hres,102412,146,361,1.8505160662124778,1.7997776352271382,1.906499783684077,0.0,3.0,True
72,mae,temporal_circular_blocks,3,era5_station,pangu_hres_init,102412,146,361,0.9546868166518788,0.9166994603052453,0.9949801350745535,1.0,1.0,True
72,mae,temporal_circular_blocks,3,era5_station,graphcast_hres_init,102412,146,361,1.0423339562088638,1.0045106801403614,1.0784030126457833,0.0,2.0,True
72,mae,temporal_circular_blocks,3,era5_station,ifs_hres,102412,146,361,1.322381546503883,1.2655802661735174,1.3801076673474502,0.0,3.0,True
72,mae,temporal_circular_blocks,5,avamet,graphcast_hres_init,102412,146,361,1.7177966078491185,1.6749519126002514,1.7599516847188275,1.0,1.0,True
72,mae,temporal_circular_blocks,5,avamet,pangu_hres_init,102412,146,361,1.7925649531584276,1.7497926964201527,1.8362188744882701,0.0,2.0,True
72,mae,temporal_circular_blocks,5,avamet,ifs_hres,102412,146,361,1.8505160662124778,1.7913663257866068,1.9113475408795653,0.0,3.0,True
72,mae,temporal_circular_blocks,5,era5_station,pangu_hres_init,102412,146,361,0.9546868166518788,0.9179984667394488,0.9955273185200934,1.0,1.0,True
72,mae,temporal_circular_blocks,5,era5_station,graphcast_hres_init,102412,146,361,1.0423339562088638,1.0053896058779639,1.079296898262618,0.0,2.0,True
72,mae,temporal_circular_blocks,5,era5_station,ifs_hres,102412,146,361,1.322381546503883,1.257242871474008,1.3896032599532266,0.0,3.0,True
72,mae,temporal_circular_blocks,7,avamet,graphcast_hres_init,102412,146,361,1.7177966078491185,1.6734817695536408,1.7612146144378977,1.0,1.0,True
72,mae,temporal_circular_blocks,7,avamet,pangu_hres_init,102412,146,361,1.7925649531584276,1.7478807978829463,1.8377482245284937,0.0,2.0,True
72,mae,temporal_circular_blocks,7,avamet,ifs_hres,102412,146,361,1.8505160662124778,1.785303631173336,1.9162738820604164,0.0,3.0,True
72,mae,temporal_circular_blocks,7,era5_station,pangu_hres_init,102412,146,361,0.9546868166518788,0.9155912862098816,0.9959216902366453,1.0,1.0,True
72,mae,temporal_circular_blocks,7,era5_station,graphcast_hres_init,102412,146,361,1.0423339562088638,1.003664862800283,1.0814224954365066,0.0,2.0,True
72,mae,temporal_circular_blocks,7,era5_station,ifs_hres,102412,146,361,1.322381546503883,1.2561207286105438,1.397728234461142,0.0,3.0,True
72,medae,temporal_circular_blocks,1,avamet,graphcast_hres_init,102412,146,361,1.4117885772478733,1.3832265533006511,1.4426417382450132,0.965,1.0,True
72,medae,temporal_circular_blocks,1,avamet,pangu_hres_init,102412,146,361,1.4375738133894793,1.4040634219720105,1.4717901141598826,0.035,2.0,True
72,medae,temporal_circular_blocks,1,avamet,ifs_hres,102412,146,361,1.5519582200523074,1.509058371857798,1.5969166365354972,0.0,3.0,True
72,medae,temporal_circular_blocks,1,era5_station,pangu_hres_init,102412,146,361,0.8278024770225683,0.7967161973881475,0.8617589065791583,1.0,1.0,True
72,medae,temporal_circular_blocks,1,era5_station,graphcast_hres_init,102412,146,361,0.9289858900683432,0.8963310151419371,0.9626151122609587,0.0,2.0,True
72,medae,temporal_circular_blocks,1,era5_station,ifs_hres,102412,146,361,1.145351133418381,1.0987490214436946,1.1926280548544372,0.0,3.0,True
72,medae,temporal_circular_blocks,3,avamet,graphcast_hres_init,102412,146,361,1.4117885772478733,1.3787714887397486,1.44687384542142,0.954,1.0,True
72,medae,temporal_circular_blocks,3,avamet,pangu_hres_init,102412,146,361,1.4375738133894793,1.3997887982844617,1.47606387384904,0.046,2.0,True
72,medae,temporal_circular_blocks,3,avamet,ifs_hres,102412,146,361,1.5519582200523074,1.4959520284771926,1.6077651159245736,0.0,3.0,True
72,medae,temporal_circular_blocks,3,era5_station,pangu_hres_init,102412,146,361,0.8278024770225683,0.7921360588278685,0.8629074452880394,1.0,1.0,True
72,medae,temporal_circular_blocks,3,era5_station,graphcast_hres_init,102412,146,361,0.9289858900683432,0.8922803457710167,0.9650475981258786,0.0,2.0,True
72,medae,temporal_circular_blocks,3,era5_station,ifs_hres,102412,146,361,1.145351133418381,1.0864645292020103,1.209195286441652,0.0,3.0,True
72,medae,temporal_circular_blocks,5,avamet,graphcast_hres_init,102412,146,361,1.4117885772478733,1.3760862215585776,1.4504856091779148,0.961,1.0,True
72,medae,temporal_circular_blocks,5,avamet,pangu_hres_init,102412,146,361,1.4375738133894793,1.3964035672915174,1.479426781272733,0.039,2.0,True
72,medae,temporal_circular_blocks,5,avamet,ifs_hres,102412,146,361,1.5519582200523074,1.487174325608363,1.617353409488506,0.0,3.0,True
72,medae,temporal_circular_blocks,5,era5_station,pangu_hres_init,102412,146,361,0.8278024770225683,0.7914244846900026,0.8655921416741139,1.0,1.0,True
72,medae,temporal_circular_blocks,5,era5_station,graphcast_hres_init,102412,146,361,0.9289858900683432,0.8897777718583226,0.9675714611686619,0.0,2.0,True
72,medae,temporal_circular_blocks,5,era5_station,ifs_hres,102412,146,361,1.145351133418381,1.0799514463139697,1.2178343989333043,0.0,3.0,True
72,medae,temporal_circular_blocks,7,avamet,graphcast_hres_init,102412,146,361,1.4117885772478733,1.373480583973589,1.4517257809910211,0.9525,1.0,True
72,medae,temporal_circular_blocks,7,avamet,pangu_hres_init,102412,146,361,1.4375738133894793,1.3976130470354495,1.4829283080242175,0.0475,2.0,True
72,medae,temporal_circular_blocks,7,avamet,ifs_hres,102412,146,361,1.5519582200523074,1.4829163193244692,1.623984949095505,0.0,3.0,True
72,medae,temporal_circular_blocks,7,era5_station,pangu_hres_init,102412,146,361,0.8278024770225683,0.7903792000459564,0.86858180466046,1.0,1.0,True
72,medae,temporal_circular_blocks,7,era5_station,graphcast_hres_init,102412,146,361,0.9289858900683432,0.8889055135921059,0.9694430288905456,0.0,2.0,True
72,medae,temporal_circular_blocks,7,era5_station,ifs_hres,102412,146,361,1.145351133418381,1.073448138928072,1.2174897586935185,0.0,3.0,True
72,rmse,temporal_circular_blocks,1,avamet,graphcast_hres_init,102412,146,361,2.2717126801479424,2.227636355862383,2.314901976768546,1.0,1.0,True
72,rmse,temporal_circular_blocks,1,avamet,pangu_hres_init,102412,146,361,2.39077146893438,2.3431973027977477,2.435716777778979,0.0,2.0,True
72,rmse,temporal_circular_blocks,1,avamet,ifs_hres,102412,146,361,2.4014098685708487,2.3515590966401643,2.4516781183018885,0.0,3.0,True
72,rmse,temporal_circular_blocks,1,era5_station,pangu_hres_init,102412,146,361,1.1771102886506595,1.1391988297492197,1.2161287791544797,0.9995,1.0,True
72,rmse,temporal_circular_blocks,1,era5_station,graphcast_hres_init,102412,146,361,1.2635849762890479,1.2285042757686553,1.2976642806275347,0.0005,2.0,True
72,rmse,temporal_circular_blocks,1,era5_station,ifs_hres,102412,146,361,1.628004513894999,1.5752222666232454,1.6804116915794056,0.0,3.0,True
72,rmse,temporal_circular_blocks,3,avamet,graphcast_hres_init,102412,146,361,2.2717126801479424,2.216037696843604,2.324309778746892,1.0,1.0,True
72,rmse,temporal_circular_blocks,3,avamet,pangu_hres_init,102412,146,361,2.39077146893438,2.3344685879541323,2.4460887846781243,0.0,2.0,True
72,rmse,temporal_circular_blocks,3,avamet,ifs_hres,102412,146,361,2.4014098685708487,2.3393335255680205,2.4669388146404407,0.0,3.0,True
72,rmse,temporal_circular_blocks,3,era5_station,pangu_hres_init,102412,146,361,1.1771102886506595,1.133829696140336,1.2237533286780573,1.0,1.0,True
72,rmse,temporal_circular_blocks,3,era5_station,graphcast_hres_init,102412,146,361,1.2635849762890479,1.2237285297103766,1.3077692429964405,0.0,2.0,True
72,rmse,temporal_circular_blocks,3,era5_station,ifs_hres,102412,146,361,1.628004513894999,1.5626139152499494,1.6941630055608297,0.0,3.0,True
72,rmse,temporal_circular_blocks,5,avamet,graphcast_hres_init,102412,146,361,2.2717126801479424,2.2141530134828584,2.3309643431973455,1.0,1.0,True
72,rmse,temporal_circular_blocks,5,avamet,pangu_hres_init,102412,146,361,2.39077146893438,2.3356926299897687,2.4477926630668017,0.0,2.0,True
72,rmse,temporal_circular_blocks,5,avamet,ifs_hres,102412,146,361,2.4014098685708487,2.3335548924715384,2.4728625799451436,0.0,3.0,True
72,rmse,temporal_circular_blocks,5,era5_station,pangu_hres_init,102412,146,361,1.1771102886506595,1.1324557453956146,1.2219592553359757,1.0,1.0,True
72,rmse,temporal_circular_blocks,5,era5_station,graphcast_hres_init,102412,146,361,1.2635849762890479,1.2208297011699503,1.3061194596872663,0.0,2.0,True
72,rmse,temporal_circular_blocks,5,era5_station,ifs_hres,102412,146,361,1.628004513894999,1.5597352020319804,1.6989783294497187,0.0,3.0,True
72,rmse,temporal_circular_blocks,7,avamet,graphcast_hres_init,102412,146,361,2.2717126801479424,2.21069917817995,2.3315158657447217,1.0,1.0,True
72,rmse,temporal_circular_blocks,7,avamet,pangu_hres_init,102412,146,361,2.39077146893438,2.3353553049419684,2.4486062912839044,0.0,2.0,True
72,rmse,temporal_circular_blocks,7,avamet,ifs_hres,102412,146,361,2.4014098685708487,2.3327555991686166,2.472457260146828,0.0,3.0,True
72,rmse,temporal_circular_blocks,7,era5_station,pangu_hres_init,102412,146,361,1.1771102886506595,1.1333186322184958,1.224463156058221,1.0,1.0,True
72,rmse,temporal_circular_blocks,7,era5_station,graphcast_hres_init,102412,146,361,1.2635849762890479,1.2195882956511497,1.3073399635459542,0.0,2.0,True
72,rmse,temporal_circular_blocks,7,era5_station,ifs_hres,102412,146,361,1.628004513894999,1.551396754136538,1.7021337985666403,0.0,3.0,True
