unit,extraction,stratum,block_days,n_common_cases,n_units,n_daily_blocks,avamet_winner,era5_winner,p_winners_differ,primary_pair,primary_effect_c,primary_effect_ci_low_c,primary_effect_ci_high_c,primary_pair_reversal_probability,lead_h
cell_aggregate,nearest,dense_4_plus,1,8700,12,363,graphcast_hres_init,pangu_hres_init,0.8955,graphcast_hres_init__minus__pangu_hres_init,-0.10648453592103103,-0.1283758910662636,-0.08431921542009037,0.8955,24
cell_aggregate,nearest,dense_4_plus,3,8700,12,363,graphcast_hres_init,pangu_hres_init,0.859,graphcast_hres_init__minus__pangu_hres_init,-0.10578047160330768,-0.13218066864048522,-0.07989949838905021,0.859,24
cell_aggregate,nearest,dense_4_plus,5,8700,12,363,graphcast_hres_init,pangu_hres_init,0.837,graphcast_hres_init__minus__pangu_hres_init,-0.10616621333850373,-0.1321266959608799,-0.07956767505943514,0.837,24
cell_aggregate,nearest,dense_4_plus,7,8700,12,363,graphcast_hres_init,pangu_hres_init,0.8285,graphcast_hres_init__minus__pangu_hres_init,-0.10631539189941216,-0.133371324176411,-0.08014973290115442,0.8285,24
cell_aggregate,nearest,multi_station_cells,1,19233,27,363,graphcast_hres_init,pangu_hres_init,0.9855,graphcast_hres_init__minus__pangu_hres_init,-0.12115176342581077,-0.14112390285573134,-0.1016279431034251,0.9855,24
cell_aggregate,nearest,multi_station_cells,3,19233,27,363,graphcast_hres_init,pangu_hres_init,0.975,graphcast_hres_init__minus__pangu_hres_init,-0.12134677199853716,-0.14299240467112878,-0.10010950542712471,0.975,24
cell_aggregate,nearest,multi_station_cells,5,19233,27,363,graphcast_hres_init,pangu_hres_init,0.965,graphcast_hres_init__minus__pangu_hres_init,-0.12160445919713565,-0.1458300779141991,-0.09829794901617155,0.965,24
cell_aggregate,nearest,multi_station_cells,7,19233,27,363,graphcast_hres_init,pangu_hres_init,0.953,graphcast_hres_init__minus__pangu_hres_init,-0.12139401724919134,-0.14639018006387497,-0.09660705001665745,0.953,24
cell_aggregate,nearest,sparse_2_3,1,10533,15,363,graphcast_hres_init,pangu_hres_init,0.992,graphcast_hres_init__minus__pangu_hres_init,-0.13443862615633925,-0.16112069288404895,-0.11001957105303044,0.992,24
cell_aggregate,nearest,sparse_2_3,3,10533,15,363,graphcast_hres_init,pangu_hres_init,0.984,graphcast_hres_init__minus__pangu_hres_init,-0.13422296169984083,-0.1612631291464931,-0.10894206719786702,0.984,24
cell_aggregate,nearest,sparse_2_3,5,10533,15,363,graphcast_hres_init,pangu_hres_init,0.976,graphcast_hres_init__minus__pangu_hres_init,-0.13416540825714493,-0.16355204831165243,-0.10448558949372007,0.976,24
cell_aggregate,nearest,sparse_2_3,7,10533,15,363,graphcast_hres_init,pangu_hres_init,0.9715,graphcast_hres_init__minus__pangu_hres_init,-0.13484808785876867,-0.16560437296595518,-0.10473386066582985,0.9715,24
station,bilinear,all_eligible,1,102976,146,363,graphcast_hres_init,pangu_hres_init,1.0,graphcast_hres_init__minus__pangu_hres_init,-0.14441457495789922,-0.16333990236880794,-0.12639625139728045,1.0,24
station,bilinear,all_eligible,3,102976,146,363,graphcast_hres_init,pangu_hres_init,1.0,graphcast_hres_init__minus__pangu_hres_init,-0.1445077165586627,-0.1656866973230722,-0.12326812019741396,1.0,24
station,bilinear,all_eligible,5,102976,146,363,graphcast_hres_init,pangu_hres_init,1.0,graphcast_hres_init__minus__pangu_hres_init,-0.14441352744594912,-0.16653892267224937,-0.1233514574543708,1.0,24
station,bilinear,all_eligible,7,102976,146,363,graphcast_hres_init,pangu_hres_init,1.0,graphcast_hres_init__minus__pangu_hres_init,-0.14434851941825566,-0.1668248571726454,-0.12118985629703682,1.0,24
station,bilinear,dense_4_plus,1,66825,95,363,graphcast_hres_init,pangu_hres_init,1.0,graphcast_hres_init__minus__pangu_hres_init,-0.1513346801322069,-0.1718505895008119,-0.13070311093401138,1.0,24
station,bilinear,dense_4_plus,3,66825,95,363,graphcast_hres_init,pangu_hres_init,1.0,graphcast_hres_init__minus__pangu_hres_init,-0.15140452526731993,-0.17429641690779812,-0.12877209097870157,1.0,24
station,bilinear,dense_4_plus,5,66825,95,363,graphcast_hres_init,pangu_hres_init,1.0,graphcast_hres_init__minus__pangu_hres_init,-0.15145994755579892,-0.17473524950670785,-0.12664651482011685,1.0,24
station,bilinear,dense_4_plus,7,66825,95,363,graphcast_hres_init,pangu_hres_init,1.0,graphcast_hres_init__minus__pangu_hres_init,-0.15158529541503135,-0.1762439928658573,-0.12684231588755507,1.0,24
station,bilinear,single_station,1,11336,16,363,ifs_hres,graphcast_hres_init,0.704,graphcast_hres_init__minus__pangu_hres_init,-0.1286712294488845,-0.15808059043164632,-0.09820675061343896,0.166,24
station,bilinear,single_station,3,11336,16,363,ifs_hres,graphcast_hres_init,0.7005,graphcast_hres_init__minus__pangu_hres_init,-0.12808574437940926,-0.1596003409880419,-0.09602304311531674,0.175,24
station,bilinear,single_station,5,11336,16,363,ifs_hres,graphcast_hres_init,0.71,graphcast_hres_init__minus__pangu_hres_init,-0.12773490004516283,-0.16233675876361417,-0.09389288955112746,0.201,24
station,bilinear,single_station,7,11336,16,363,ifs_hres,graphcast_hres_init,0.7015,graphcast_hres_init__minus__pangu_hres_init,-0.1281626261368563,-0.16492104464272656,-0.0918560502999963,0.1955,24
station,bilinear,sparse_2_3,1,24815,35,363,graphcast_hres_init,pangu_hres_init,0.9845,graphcast_hres_init__minus__pangu_hres_init,-0.13315524762113123,-0.15893002464985784,-0.10742998864277356,0.9845,24
station,bilinear,sparse_2_3,3,24815,35,363,graphcast_hres_init,pangu_hres_init,0.974,graphcast_hres_init__minus__pangu_hres_init,-0.13317241308155026,-0.15996910718085186,-0.10583985251107846,0.974,24
station,bilinear,sparse_2_3,5,24815,35,363,graphcast_hres_init,pangu_hres_init,0.9655,graphcast_hres_init__minus__pangu_hres_init,-0.13277857922854838,-0.1620255225530366,-0.10355775513139864,0.9655,24
station,bilinear,sparse_2_3,7,24815,35,363,graphcast_hres_init,pangu_hres_init,0.9615,graphcast_hres_init__minus__pangu_hres_init,-0.1329084246838017,-0.1620890489272918,-0.10325935922889821,0.9615,24
station,nearest,all_eligible,1,102976,146,363,graphcast_hres_init,pangu_hres_init,0.9815,graphcast_hres_init__minus__pangu_hres_init,-0.09754758227929546,-0.116833398904702,-0.07968177097526769,0.9815,24
station,nearest,all_eligible,3,102976,146,363,graphcast_hres_init,pangu_hres_init,0.9665,graphcast_hres_init__minus__pangu_hres_init,-0.09808364888603167,-0.12039794945284749,-0.07598547144870453,0.9665,24
station,nearest,all_eligible,5,102976,146,363,graphcast_hres_init,pangu_hres_init,0.948,graphcast_hres_init__minus__pangu_hres_init,-0.09805437195675173,-0.12173694321224929,-0.07530551956545137,0.948,24
station,nearest,all_eligible,7,102976,146,363,graphcast_hres_init,pangu_hres_init,0.9405,graphcast_hres_init__minus__pangu_hres_init,-0.09775113249378503,-0.12232889144337775,-0.07242501801135329,0.9405,24
station,nearest,dense_4_plus,1,66825,95,363,graphcast_hres_init,pangu_hres_init,0.9875,graphcast_hres_init__minus__pangu_hres_init,-0.09589549033517256,-0.11723897180733218,-0.07598809928820122,0.9875,24
station,nearest,dense_4_plus,3,66825,95,363,graphcast_hres_init,pangu_hres_init,0.967,graphcast_hres_init__minus__pangu_hres_init,-0.09677601348344778,-0.12119722431242468,-0.07268008527950288,0.967,24
station,nearest,dense_4_plus,5,66825,95,363,graphcast_hres_init,pangu_hres_init,0.9515,graphcast_hres_init__minus__pangu_hres_init,-0.0961010899575236,-0.12253482378928407,-0.07126742725970053,0.9515,24
station,nearest,dense_4_plus,7,66825,95,363,graphcast_hres_init,pangu_hres_init,0.9525,graphcast_hres_init__minus__pangu_hres_init,-0.09618710344775183,-0.12421202724045334,-0.06903854545055595,0.9525,24
station,nearest,single_station,1,11336,16,363,graphcast_hres_init,graphcast_hres_init,0.018,graphcast_hres_init__minus__pangu_hres_init,-0.0578057685856206,-0.08680059731161223,-0.030107949477899142,0.018,24
station,nearest,single_station,3,11336,16,363,graphcast_hres_init,graphcast_hres_init,0.034,graphcast_hres_init__minus__pangu_hres_init,-0.057223336627857106,-0.08664921538738563,-0.026126609948685178,0.034,24
station,nearest,single_station,5,11336,16,363,graphcast_hres_init,graphcast_hres_init,0.0455,graphcast_hres_init__minus__pangu_hres_init,-0.057158771477290274,-0.09150177164544826,-0.02048864426313418,0.0455,24
station,nearest,single_station,7,11336,16,363,graphcast_hres_init,graphcast_hres_init,0.0595,graphcast_hres_init__minus__pangu_hres_init,-0.058414870358042804,-0.0912727749776609,-0.023664703124450442,0.0595,24
station,nearest,sparse_2_3,1,24815,35,363,graphcast_hres_init,pangu_hres_init,0.9945,graphcast_hres_init__minus__pangu_hres_init,-0.1203429580102012,-0.1483616145300965,-0.09205333882837488,0.9945,24
station,nearest,sparse_2_3,3,24815,35,363,graphcast_hres_init,pangu_hres_init,0.99,graphcast_hres_init__minus__pangu_hres_init,-0.12051945693790594,-0.15082783862397192,-0.09080140764134711,0.99,24
station,nearest,sparse_2_3,5,24815,35,363,graphcast_hres_init,pangu_hres_init,0.9885,graphcast_hres_init__minus__pangu_hres_init,-0.12051673406456823,-0.15079556588918433,-0.09011830428500266,0.9885,24
station,nearest,sparse_2_3,7,24815,35,363,graphcast_hres_init,pangu_hres_init,0.983,graphcast_hres_init__minus__pangu_hres_init,-0.1214157154207442,-0.15557977839552328,-0.08984112262918707,0.983,24
cell_aggregate,nearest,dense_4_plus,1,8676,12,362,graphcast_hres_init,graphcast_hres_init,0.0895,graphcast_hres_init__minus__pangu_hres_init,-0.13548625117777402,-0.16312748065880944,-0.1090743150208336,0.0895,48
cell_aggregate,nearest,dense_4_plus,3,8676,12,362,graphcast_hres_init,graphcast_hres_init,0.122,graphcast_hres_init__minus__pangu_hres_init,-0.13505363327315859,-0.1644982611884513,-0.10565781938829988,0.122,48
cell_aggregate,nearest,dense_4_plus,5,8676,12,362,graphcast_hres_init,graphcast_hres_init,0.1165,graphcast_hres_init__minus__pangu_hres_init,-0.13515928373869798,-0.16441668418311253,-0.105233015473392,0.1165,48
cell_aggregate,nearest,dense_4_plus,7,8676,12,362,graphcast_hres_init,graphcast_hres_init,0.116,graphcast_hres_init__minus__pangu_hres_init,-0.13548956602535275,-0.1655757638603557,-0.10642308125653127,0.116,48
cell_aggregate,nearest,multi_station_cells,1,19179,27,362,graphcast_hres_init,pangu_hres_init,0.9445,graphcast_hres_init__minus__pangu_hres_init,-0.13288607576144595,-0.15578729774036595,-0.11094819436140994,0.9445,48
cell_aggregate,nearest,multi_station_cells,3,19179,27,362,graphcast_hres_init,pangu_hres_init,0.9205,graphcast_hres_init__minus__pangu_hres_init,-0.1329373308601057,-0.1583245251120969,-0.10822622746189811,0.9205,48
cell_aggregate,nearest,multi_station_cells,5,19179,27,362,graphcast_hres_init,pangu_hres_init,0.935,graphcast_hres_init__minus__pangu_hres_init,-0.13348575759113016,-0.15945391782387236,-0.10766432239594834,0.935,48
cell_aggregate,nearest,multi_station_cells,7,19179,27,362,graphcast_hres_init,pangu_hres_init,0.925,graphcast_hres_init__minus__pangu_hres_init,-0.13286706477170968,-0.1594715307694775,-0.10641043068387962,0.925,48
cell_aggregate,nearest,sparse_2_3,1,10503,15,362,graphcast_hres_init,pangu_hres_init,1.0,graphcast_hres_init__minus__pangu_hres_init,-0.13168277250680238,-0.15995323142450818,-0.10169551688294809,1.0,48
cell_aggregate,nearest,sparse_2_3,3,10503,15,362,graphcast_hres_init,pangu_hres_init,0.9995,graphcast_hres_init__minus__pangu_hres_init,-0.1309675266849381,-0.16142014611225602,-0.10141889457597063,0.9995,48
cell_aggregate,nearest,sparse_2_3,5,10503,15,362,graphcast_hres_init,pangu_hres_init,0.9995,graphcast_hres_init__minus__pangu_hres_init,-0.13143500685352827,-0.1632335416880483,-0.10047262369367836,0.9995,48
cell_aggregate,nearest,sparse_2_3,7,10503,15,362,graphcast_hres_init,pangu_hres_init,0.9985,graphcast_hres_init__minus__pangu_hres_init,-0.13197341223624767,-0.16389782866739205,-0.10177962732725715,0.9985,48
station,bilinear,all_eligible,1,102694,146,362,graphcast_hres_init,pangu_hres_init,1.0,graphcast_hres_init__minus__pangu_hres_init,-0.16815566843637914,-0.1901139436244038,-0.14573442749054785,1.0,48
station,bilinear,all_eligible,3,102694,146,362,graphcast_hres_init,pangu_hres_init,1.0,graphcast_hres_init__minus__pangu_hres_init,-0.16870616258296384,-0.1958040772434566,-0.14371205536103393,1.0,48
station,bilinear,all_eligible,5,102694,146,362,graphcast_hres_init,pangu_hres_init,1.0,graphcast_hres_init__minus__pangu_hres_init,-0.16854780664162802,-0.19457704781411927,-0.14318235624424713,1.0,48
station,bilinear,all_eligible,7,102694,146,362,graphcast_hres_init,pangu_hres_init,1.0,graphcast_hres_init__minus__pangu_hres_init,-0.16818695430468433,-0.19419096942760647,-0.14252319217444817,1.0,48
station,bilinear,dense_4_plus,1,66643,95,362,graphcast_hres_init,pangu_hres_init,1.0,graphcast_hres_init__minus__pangu_hres_init,-0.1733952689674166,-0.19950919394915215,-0.14737006575069753,1.0,48
station,bilinear,dense_4_plus,3,66643,95,362,graphcast_hres_init,pangu_hres_init,1.0,graphcast_hres_init__minus__pangu_hres_init,-0.1732841404797519,-0.2021739270368002,-0.14411115175686715,1.0,48
station,bilinear,dense_4_plus,5,66643,95,362,graphcast_hres_init,pangu_hres_init,1.0,graphcast_hres_init__minus__pangu_hres_init,-0.17357031739629786,-0.2031591688628461,-0.14463526442241884,1.0,48
station,bilinear,dense_4_plus,7,66643,95,362,graphcast_hres_init,pangu_hres_init,1.0,graphcast_hres_init__minus__pangu_hres_init,-0.17340487681997105,-0.20251929964667656,-0.14438495346397537,1.0,48
station,bilinear,single_station,1,11306,16,362,ifs_hres,pangu_hres_init,0.9875,graphcast_hres_init__minus__pangu_hres_init,-0.1684694437817961,-0.20106632833329288,-0.1368567028627272,0.6105,48
station,bilinear,single_station,3,11306,16,362,ifs_hres,pangu_hres_init,0.975,graphcast_hres_init__minus__pangu_hres_init,-0.16833580566045994,-0.2060082366949521,-0.13004513553821156,0.6005,48
station,bilinear,single_station,5,11306,16,362,ifs_hres,pangu_hres_init,0.9745,graphcast_hres_init__minus__pangu_hres_init,-0.16798008490444993,-0.20751249412219724,-0.130690253437196,0.5885,48
station,bilinear,single_station,7,11306,16,362,ifs_hres,pangu_hres_init,0.968,graphcast_hres_init__minus__pangu_hres_init,-0.16839495461119183,-0.2080972380203442,-0.13023496860126058,0.6065,48
station,bilinear,sparse_2_3,1,24745,35,362,graphcast_hres_init,pangu_hres_init,1.0,graphcast_hres_init__minus__pangu_hres_init,-0.15419014470646142,-0.18324196423310818,-0.12698570771335518,1.0,48
station,bilinear,sparse_2_3,3,24745,35,362,graphcast_hres_init,pangu_hres_init,1.0,graphcast_hres_init__minus__pangu_hres_init,-0.15466546658224864,-0.18708716034236864,-0.123625359939417,1.0,48
station,bilinear,sparse_2_3,5,24745,35,362,graphcast_hres_init,pangu_hres_init,0.9995,graphcast_hres_init__minus__pangu_hres_init,-0.1539116973865103,-0.18579682881359535,-0.12215825247197698,0.9995,48
station,bilinear,sparse_2_3,7,24745,35,362,graphcast_hres_init,pangu_hres_init,1.0,graphcast_hres_init__minus__pangu_hres_init,-0.154200047803831,-0.18596607781816316,-0.1223364897447843,1.0,48
station,nearest,all_eligible,1,102694,146,362,graphcast_hres_init,pangu_hres_init,0.7615,graphcast_hres_init__minus__pangu_hres_init,-0.11296979188156536,-0.1363981187649215,-0.0900184852790859,0.7615,48
station,nearest,all_eligible,3,102694,146,362,graphcast_hres_init,pangu_hres_init,0.7125,graphcast_hres_init__minus__pangu_hres_init,-0.11307763714480455,-0.13930037105659154,-0.08675362112186438,0.7125,48
station,nearest,all_eligible,5,102694,146,362,graphcast_hres_init,pangu_hres_init,0.716,graphcast_hres_init__minus__pangu_hres_init,-0.11294565152453709,-0.14134823124560364,-0.08580414078153188,0.716,48
station,nearest,all_eligible,7,102694,146,362,graphcast_hres_init,pangu_hres_init,0.7005,graphcast_hres_init__minus__pangu_hres_init,-0.11276679138235954,-0.1393310618590997,-0.08456244799454704,0.7005,48
station,nearest,dense_4_plus,1,66643,95,362,graphcast_hres_init,graphcast_hres_init,0.2945,graphcast_hres_init__minus__pangu_hres_init,-0.10560748614395256,-0.13336947414303066,-0.07995469567813666,0.2945,48
station,nearest,dense_4_plus,3,66643,95,362,graphcast_hres_init,graphcast_hres_init,0.337,graphcast_hres_init__minus__pangu_hres_init,-0.10644239944339709,-0.13767374659897166,-0.0781348825201564,0.337,48
station,nearest,dense_4_plus,5,66643,95,362,graphcast_hres_init,graphcast_hres_init,0.3245,graphcast_hres_init__minus__pangu_hres_init,-0.10545680074022505,-0.13773327814197425,-0.07431933836824754,0.3245,48
station,nearest,dense_4_plus,7,66643,95,362,graphcast_hres_init,graphcast_hres_init,0.3555,graphcast_hres_init__minus__pangu_hres_init,-0.1059188880563748,-0.13890674439157663,-0.07418237230475459,0.3555,48
station,nearest,single_station,1,11306,16,362,graphcast_hres_init,pangu_hres_init,0.6885,graphcast_hres_init__minus__pangu_hres_init,-0.11558979641316201,-0.1450977222418337,-0.08591923207697968,0.6885,48
station,nearest,single_station,3,11306,16,362,graphcast_hres_init,pangu_hres_init,0.6345,graphcast_hres_init__minus__pangu_hres_init,-0.11493686381293386,-0.1497750543906234,-0.07986767825520798,0.6345,48
station,nearest,single_station,5,11306,16,362,graphcast_hres_init,pangu_hres_init,0.6165,graphcast_hres_init__minus__pangu_hres_init,-0.114460975599237,-0.15318073026784612,-0.07567895093382015,0.6165,48
station,nearest,single_station,7,11306,16,362,graphcast_hres_init,pangu_hres_init,0.6355,graphcast_hres_init__minus__pangu_hres_init,-0.11600765242283803,-0.15174048848500063,-0.07874124766800172,0.6355,48
station,nearest,sparse_2_3,1,24745,35,362,graphcast_hres_init,pangu_hres_init,1.0,graphcast_hres_init__minus__pangu_hres_init,-0.1312488287640445,-0.16238604070424514,-0.1010283403176412,1.0,48
station,nearest,sparse_2_3,3,24745,35,362,graphcast_hres_init,pangu_hres_init,0.998,graphcast_hres_init__minus__pangu_hres_init,-0.13092657438038924,-0.16662273379283352,-0.09673055381637526,0.998,48
station,nearest,sparse_2_3,5,24745,35,362,graphcast_hres_init,pangu_hres_init,0.997,graphcast_hres_init__minus__pangu_hres_init,-0.13088507569752594,-0.1680240852687179,-0.09562156340820263,0.997,48
station,nearest,sparse_2_3,7,24745,35,362,graphcast_hres_init,pangu_hres_init,0.9965,graphcast_hres_init__minus__pangu_hres_init,-0.13182270123051298,-0.16956338523233752,-0.09529793373992512,0.9965,48
cell_aggregate,nearest,dense_4_plus,1,8652,12,361,graphcast_hres_init,graphcast_hres_init,0.0535,graphcast_hres_init__minus__pangu_hres_init,-0.14248208576446586,-0.16792229519893995,-0.11794494640617957,0.0535,72
cell_aggregate,nearest,dense_4_plus,3,8652,12,361,graphcast_hres_init,graphcast_hres_init,0.0695,graphcast_hres_init__minus__pangu_hres_init,-0.1420715456507791,-0.17115386210180922,-0.11330876552778736,0.0695,72
cell_aggregate,nearest,dense_4_plus,5,8652,12,361,graphcast_hres_init,graphcast_hres_init,0.0525,graphcast_hres_init__minus__pangu_hres_init,-0.1422967515902181,-0.17107039287079237,-0.1148063186268842,0.0525,72
cell_aggregate,nearest,dense_4_plus,7,8652,12,361,graphcast_hres_init,graphcast_hres_init,0.0665,graphcast_hres_init__minus__pangu_hres_init,-0.1424122672195923,-0.17021451944978563,-0.11580016693253375,0.0665,72
cell_aggregate,nearest,multi_station_cells,1,19125,27,361,graphcast_hres_init,pangu_hres_init,0.851,graphcast_hres_init__minus__pangu_hres_init,-0.12918436628690552,-0.15071395772839943,-0.10770551602726244,0.851,72
cell_aggregate,nearest,multi_station_cells,3,19125,27,361,graphcast_hres_init,pangu_hres_init,0.816,graphcast_hres_init__minus__pangu_hres_init,-0.12907330597715094,-0.15546555366591167,-0.10418555503956914,0.816,72
cell_aggregate,nearest,multi_station_cells,5,19125,27,361,graphcast_hres_init,pangu_hres_init,0.8485,graphcast_hres_init__minus__pangu_hres_init,-0.12982640217806918,-0.15603436835532664,-0.10529835739003593,0.8485,72
cell_aggregate,nearest,multi_station_cells,7,19125,27,361,graphcast_hres_init,pangu_hres_init,0.8395,graphcast_hres_init__minus__pangu_hres_init,-0.129421855286848,-0.15537031329608383,-0.10276314209102941,0.8395,72
cell_aggregate,nearest,sparse_2_3,1,10473,15,361,graphcast_hres_init,pangu_hres_init,0.9975,graphcast_hres_init__minus__pangu_hres_init,-0.1185168963283477,-0.14650549960959744,-0.08997037799774191,0.9975,72
cell_aggregate,nearest,sparse_2_3,3,10473,15,361,graphcast_hres_init,pangu_hres_init,0.9915,graphcast_hres_init__minus__pangu_hres_init,-0.11822411489523685,-0.14916076898221864,-0.08758603493091059,0.9915,72
cell_aggregate,nearest,sparse_2_3,5,10473,15,361,graphcast_hres_init,pangu_hres_init,0.9905,graphcast_hres_init__minus__pangu_hres_init,-0.11867660353343414,-0.1515582945359187,-0.08572464809937771,0.9905,72
cell_aggregate,nearest,sparse_2_3,7,10473,15,361,graphcast_hres_init,pangu_hres_init,0.9885,graphcast_hres_init__minus__pangu_hres_init,-0.11910159149824823,-0.15384660466896696,-0.08510943175351292,0.9885,72
station,bilinear,all_eligible,1,102412,146,361,graphcast_hres_init,pangu_hres_init,1.0,graphcast_hres_init__minus__pangu_hres_init,-0.16196322319832104,-0.18307092557489316,-0.13993445931979534,1.0,72
station,bilinear,all_eligible,3,102412,146,361,graphcast_hres_init,pangu_hres_init,1.0,graphcast_hres_init__minus__pangu_hres_init,-0.16262404030710403,-0.18770356761870427,-0.13741032263241834,1.0,72
station,bilinear,all_eligible,5,102412,146,361,graphcast_hres_init,pangu_hres_init,1.0,graphcast_hres_init__minus__pangu_hres_init,-0.1626944709556528,-0.1877567458960859,-0.1376002824585578,1.0,72
station,bilinear,all_eligible,7,102412,146,361,graphcast_hres_init,pangu_hres_init,1.0,graphcast_hres_init__minus__pangu_hres_init,-0.16197058142766652,-0.1866783054540917,-0.1382046500336132,1.0,72
station,bilinear,dense_4_plus,1,66461,95,361,graphcast_hres_init,pangu_hres_init,1.0,graphcast_hres_init__minus__pangu_hres_init,-0.16546963625568403,-0.19275633043818055,-0.14155078187831588,1.0,72
station,bilinear,dense_4_plus,3,66461,95,361,graphcast_hres_init,pangu_hres_init,0.9995,graphcast_hres_init__minus__pangu_hres_init,-0.16500974321067968,-0.19181930494491356,-0.13675793672453565,0.9995,72
station,bilinear,dense_4_plus,5,66461,95,361,graphcast_hres_init,pangu_hres_init,1.0,graphcast_hres_init__minus__pangu_hres_init,-0.16544407559458554,-0.1932867523871631,-0.13688230248603434,1.0,72
station,bilinear,dense_4_plus,7,66461,95,361,graphcast_hres_init,pangu_hres_init,1.0,graphcast_hres_init__minus__pangu_hres_init,-0.16542084281038671,-0.19198586143408936,-0.13872504514943668,1.0,72
station,bilinear,single_station,1,11276,16,361,ifs_hres,pangu_hres_init,0.9175,graphcast_hres_init__minus__pangu_hres_init,-0.17491714245098916,-0.20691971868607975,-0.14117111966475193,0.7025,72
station,bilinear,single_station,3,11276,16,361,ifs_hres,pangu_hres_init,0.9075,graphcast_hres_init__minus__pangu_hres_init,-0.17541432086884987,-0.21517602961737914,-0.1371430634844977,0.6835,72
station,bilinear,single_station,5,11276,16,361,ifs_hres,pangu_hres_init,0.9,graphcast_hres_init__minus__pangu_hres_init,-0.1746189543617996,-0.21657069817191751,-0.1340762036093358,0.6695,72
station,bilinear,single_station,7,11276,16,361,ifs_hres,pangu_hres_init,0.908,graphcast_hres_init__minus__pangu_hres_init,-0.1750446041827408,-0.21952141017490573,-0.13269229509902203,0.68,72
station,bilinear,sparse_2_3,1,24675,35,361,graphcast_hres_init,pangu_hres_init,1.0,graphcast_hres_init__minus__pangu_hres_init,-0.1470354944941081,-0.17542564192605756,-0.11785369721500484,1.0,72
station,bilinear,sparse_2_3,3,24675,35,361,graphcast_hres_init,pangu_hres_init,1.0,graphcast_hres_init__minus__pangu_hres_init,-0.14750371423688216,-0.18177609576669768,-0.11540854894525678,1.0,72
station,bilinear,sparse_2_3,5,24675,35,361,graphcast_hres_init,pangu_hres_init,0.999,graphcast_hres_init__minus__pangu_hres_init,-0.14701564512400028,-0.18153998039469846,-0.11362803865262819,0.999,72
station,bilinear,sparse_2_3,7,24675,35,361,graphcast_hres_init,pangu_hres_init,0.9995,graphcast_hres_init__minus__pangu_hres_init,-0.14723043466630137,-0.18078094645075968,-0.11266355165245934,0.9995,72
station,nearest,all_eligible,1,102412,146,361,graphcast_hres_init,pangu_hres_init,0.5,graphcast_hres_init__minus__pangu_hres_init,-0.10602167059103292,-0.12757213417227567,-0.08512099711717908,0.5,72
station,nearest,all_eligible,3,102412,146,361,graphcast_hres_init,pangu_hres_init,0.486,graphcast_hres_init__minus__pangu_hres_init,-0.10602155782425146,-0.13253158673679805,-0.0805442077372876,0.486,72
station,nearest,all_eligible,5,102412,146,361,graphcast_hres_init,pangu_hres_init,0.487,graphcast_hres_init__minus__pangu_hres_init,-0.10591660722712287,-0.13229985004315523,-0.0789046361397579,0.487,72
station,nearest,all_eligible,7,102412,146,361,graphcast_hres_init,pangu_hres_init,0.4855,graphcast_hres_init__minus__pangu_hres_init,-0.10619524306296085,-0.13091423572825403,-0.08003453881362768,0.4855,72
station,nearest,dense_4_plus,1,66461,95,361,graphcast_hres_init,graphcast_hres_init,0.097,graphcast_hres_init__minus__pangu_hres_init,-0.09747756279858737,-0.12199906154067822,-0.07173049323238595,0.097,72
station,nearest,dense_4_plus,3,66461,95,361,graphcast_hres_init,graphcast_hres_init,0.134,graphcast_hres_init__minus__pangu_hres_init,-0.0979004898013349,-0.1291924941443098,-0.0695647313770128,0.134,72
station,nearest,dense_4_plus,5,66461,95,361,graphcast_hres_init,graphcast_hres_init,0.1365,graphcast_hres_init__minus__pangu_hres_init,-0.09733771617896175,-0.1274071030461205,-0.06922999723965795,0.1365,72
station,nearest,dense_4_plus,7,66461,95,361,graphcast_hres_init,graphcast_hres_init,0.135,graphcast_hres_init__minus__pangu_hres_init,-0.09763872022804611,-0.12831537783339345,-0.06898272740636845,0.135,72
station,nearest,single_station,1,11276,16,361,graphcast_hres_init,pangu_hres_init,0.856,graphcast_hres_init__minus__pangu_hres_init,-0.13699138942786737,-0.16791027615157428,-0.10706514570358018,0.856,72
station,nearest,single_station,3,11276,16,361,graphcast_hres_init,pangu_hres_init,0.829,graphcast_hres_init__minus__pangu_hres_init,-0.13641360719305265,-0.17282536101625282,-0.10069058703154751,0.829,72
station,nearest,single_station,5,11276,16,361,graphcast_hres_init,pangu_hres_init,0.824,graphcast_hres_init__minus__pangu_hres_init,-0.13605641843095787,-0.17583930752735027,-0.09595792296650844,0.824,72
station,nearest,single_station,7,11276,16,361,graphcast_hres_init,pangu_hres_init,0.819,graphcast_hres_init__minus__pangu_hres_init,-0.13708926603613844,-0.17665787680974956,-0.09762888517214555,0.819,72
station,nearest,sparse_2_3,1,24675,35,361,graphcast_hres_init,pangu_hres_init,0.9935,graphcast_hres_init__minus__pangu_hres_init,-0.11553249874612348,-0.1491472922275972,-0.08374410422711358,0.9935,72
station,nearest,sparse_2_3,3,24675,35,361,graphcast_hres_init,pangu_hres_init,0.9855,graphcast_hres_init__minus__pangu_hres_init,-0.11475355692749659,-0.15198336077563523,-0.0785050548252432,0.9855,72
station,nearest,sparse_2_3,5,24675,35,361,graphcast_hres_init,pangu_hres_init,0.988,graphcast_hres_init__minus__pangu_hres_init,-0.11456971480649278,-0.15481594520191888,-0.07554973818203335,0.988,72
station,nearest,sparse_2_3,7,24675,35,361,graphcast_hres_init,pangu_hres_init,0.9855,graphcast_hres_init__minus__pangu_hres_init,-0.11519405751501169,-0.15288842986369647,-0.07754112290987189,0.9855,72
