unit,extraction,stratum,block_days,model_a,model_b,era5_delta_mae_a_minus_b_c,avamet_delta_mae_a_minus_b_c,avamet_minus_era5_delta_mae_c,switch_ci_low_c,switch_ci_high_c,p_switch_gt_zero,p_pairwise_order_reverses,lead_h
cell_aggregate,nearest,dense_4_plus,1,graphcast_hres_init,pangu_hres_init,0.015508115291595459,-0.0905399201887378,-0.10648453592103103,-0.1283758910662636,-0.08431921542009037,0.0,0.8955,24
cell_aggregate,nearest,dense_4_plus,1,ifs_hres,graphcast_hres_init,0.27858197689056396,0.1871005078493717,-0.09137385601204401,-0.11715592438038282,-0.066392774808301,0.0,0.0,24
cell_aggregate,nearest,dense_4_plus,1,ifs_hres,pangu_hres_init,0.2940900921821594,0.09656058766063391,-0.19785839193307503,-0.2280648004279995,-0.16723319861453595,0.0,0.0,24
cell_aggregate,nearest,dense_4_plus,3,graphcast_hres_init,pangu_hres_init,0.015508115291595459,-0.0905399201887378,-0.10578047160330768,-0.13218066864048522,-0.07989949838905021,0.0,0.859,24
cell_aggregate,nearest,dense_4_plus,3,ifs_hres,graphcast_hres_init,0.27858197689056396,0.1871005078493717,-0.09201824622819169,-0.11982280353265877,-0.06523379614787343,0.0,0.0,24
cell_aggregate,nearest,dense_4_plus,3,ifs_hres,pangu_hres_init,0.2940900921821594,0.09656058766063391,-0.19779871783149935,-0.23015716374523748,-0.16511331728452744,0.0,0.0,24
cell_aggregate,nearest,dense_4_plus,5,graphcast_hres_init,pangu_hres_init,0.015508115291595459,-0.0905399201887378,-0.10616621333850373,-0.1321266959608799,-0.07956767505943514,0.0,0.837,24
cell_aggregate,nearest,dense_4_plus,5,ifs_hres,graphcast_hres_init,0.27858197689056396,0.1871005078493717,-0.09180615842290356,-0.12008553168013873,-0.0629027711173664,0.0,0.0,24
cell_aggregate,nearest,dense_4_plus,5,ifs_hres,pangu_hres_init,0.2940900921821594,0.09656058766063391,-0.1979723717614073,-0.2310905476996248,-0.16483556310303252,0.0,0.0,24
cell_aggregate,nearest,dense_4_plus,7,graphcast_hres_init,pangu_hres_init,0.015508115291595459,-0.0905399201887378,-0.10631539189941216,-0.133371324176411,-0.08014973290115442,0.0,0.8285,24
cell_aggregate,nearest,dense_4_plus,7,ifs_hres,graphcast_hres_init,0.27858197689056396,0.1871005078493717,-0.09129617571898804,-0.12038801652785269,-0.061980363142167004,0.0,0.0,24
cell_aggregate,nearest,dense_4_plus,7,ifs_hres,pangu_hres_init,0.2940900921821594,0.09656058766063391,-0.1976115676184002,-0.23345577577605262,-0.16268774928649465,0.0,0.0,24
cell_aggregate,nearest,multi_station_cells,1,graphcast_hres_init,pangu_hres_init,0.02644503116607666,-0.09493394705314939,-0.12115176342581077,-0.14112390285573134,-0.1016279431034251,0.0,0.9855,24
cell_aggregate,nearest,multi_station_cells,1,ifs_hres,graphcast_hres_init,0.26086366176605225,0.16642187320269874,-0.09436975767764968,-0.1125805761539076,-0.07612863208488645,0.0,0.0,24
cell_aggregate,nearest,multi_station_cells,1,ifs_hres,pangu_hres_init,0.2873086929321289,0.07148792614954935,-0.21552152110346046,-0.2429040529173914,-0.18973062470040505,0.0,0.0,24
cell_aggregate,nearest,multi_station_cells,3,graphcast_hres_init,pangu_hres_init,0.02644503116607666,-0.09493394705314939,-0.12134677199853716,-0.14299240467112878,-0.10010950542712471,0.0,0.975,24
cell_aggregate,nearest,multi_station_cells,3,ifs_hres,graphcast_hres_init,0.26086366176605225,0.16642187320269874,-0.09478307095557773,-0.11555502387797581,-0.07491727101273639,0.0,0.0,24
cell_aggregate,nearest,multi_station_cells,3,ifs_hres,pangu_hres_init,0.2873086929321289,0.07148792614954935,-0.21612984295411491,-0.2444355465702485,-0.18826600129302806,0.0,0.0,24
cell_aggregate,nearest,multi_station_cells,5,graphcast_hres_init,pangu_hres_init,0.02644503116607666,-0.09493394705314939,-0.12160445919713565,-0.1458300779141991,-0.09829794901617155,0.0,0.965,24
cell_aggregate,nearest,multi_station_cells,5,ifs_hres,graphcast_hres_init,0.26086366176605225,0.16642187320269874,-0.09424222928995672,-0.11540987492242288,-0.074512893204008,0.0,0.0,24
cell_aggregate,nearest,multi_station_cells,5,ifs_hres,pangu_hres_init,0.2873086929321289,0.07148792614954935,-0.2158466884870924,-0.248041416702466,-0.1854638507791114,0.0,0.0,24
cell_aggregate,nearest,multi_station_cells,7,graphcast_hres_init,pangu_hres_init,0.02644503116607666,-0.09493394705314939,-0.12139401724919134,-0.14639018006387497,-0.09660705001665745,0.0,0.953,24
cell_aggregate,nearest,multi_station_cells,7,ifs_hres,graphcast_hres_init,0.26086366176605225,0.16642187320269874,-0.09394058148995343,-0.11548721563611096,-0.07457539036995993,0.0,0.0,24
cell_aggregate,nearest,multi_station_cells,7,ifs_hres,pangu_hres_init,0.2873086929321289,0.07148792614954935,-0.2153345987391448,-0.2473125261941658,-0.18473368711459365,0.0,0.0,24
cell_aggregate,nearest,sparse_2_3,1,graphcast_hres_init,pangu_hres_init,0.035651564598083496,-0.09880722407457099,-0.13443862615633925,-0.16112069288404895,-0.11001957105303044,0.0,0.992,24
cell_aggregate,nearest,sparse_2_3,1,ifs_hres,graphcast_hres_init,0.24685490131378174,0.14906877784311745,-0.09784388696266229,-0.12021470165933922,-0.0753713336654229,0.0,0.0,24
cell_aggregate,nearest,sparse_2_3,1,ifs_hres,pangu_hres_init,0.28250646591186523,0.05026155376854646,-0.2322825131190015,-0.26417813654977507,-0.2013493650778783,0.0,0.001,24
cell_aggregate,nearest,sparse_2_3,3,graphcast_hres_init,pangu_hres_init,0.035651564598083496,-0.09880722407457099,-0.13422296169984083,-0.1612631291464931,-0.10894206719786702,0.0,0.984,24
cell_aggregate,nearest,sparse_2_3,3,ifs_hres,graphcast_hres_init,0.24685490131378174,0.14906877784311745,-0.09743453028816382,-0.1239543501286474,-0.07108619145243815,0.0,0.0,24
cell_aggregate,nearest,sparse_2_3,3,ifs_hres,pangu_hres_init,0.28250646591186523,0.05026155376854646,-0.23165749198800462,-0.2674876065536709,-0.19640725431682152,0.0,0.0025,24
cell_aggregate,nearest,sparse_2_3,5,graphcast_hres_init,pangu_hres_init,0.035651564598083496,-0.09880722407457099,-0.13416540825714493,-0.16355204831165243,-0.10448558949372007,0.0,0.976,24
cell_aggregate,nearest,sparse_2_3,5,ifs_hres,graphcast_hres_init,0.24685490131378174,0.14906877784311745,-0.09785125089090664,-0.12769370913133507,-0.06982565804938412,0.0,0.0,24
cell_aggregate,nearest,sparse_2_3,5,ifs_hres,pangu_hres_init,0.28250646591186523,0.05026155376854646,-0.23201665914805156,-0.27404413630709085,-0.19098498759703827,0.0,0.0065,24
cell_aggregate,nearest,sparse_2_3,7,graphcast_hres_init,pangu_hres_init,0.035651564598083496,-0.09880722407457099,-0.13484808785876867,-0.16560437296595518,-0.10473386066582985,0.0,0.9715,24
cell_aggregate,nearest,sparse_2_3,7,ifs_hres,graphcast_hres_init,0.24685490131378174,0.14906877784311745,-0.09730997700049175,-0.12978052684723634,-0.06723520105672948,0.0,0.0,24
cell_aggregate,nearest,sparse_2_3,7,ifs_hres,pangu_hres_init,0.28250646591186523,0.05026155376854646,-0.23215806485926044,-0.27690458419425534,-0.19069903403166544,0.0,0.0085,24
station,bilinear,all_eligible,1,graphcast_hres_init,pangu_hres_init,0.07277297390652593,-0.0715898499347487,-0.14441457495789922,-0.16333990236880794,-0.12639625139728045,0.0,1.0,24
station,bilinear,all_eligible,1,ifs_hres,graphcast_hres_init,0.22388904796683173,0.08483805289113566,-0.13911336952104053,-0.15809435507608063,-0.12028725257271776,0.0,0.0,24
station,bilinear,all_eligible,1,ifs_hres,pangu_hres_init,0.29666202187335766,0.013248202956386956,-0.28352794447893986,-0.30883681765053195,-0.2594481220592191,0.0,0.122,24
station,bilinear,all_eligible,3,graphcast_hres_init,pangu_hres_init,0.07277297390652593,-0.0715898499347487,-0.1445077165586627,-0.1656866973230722,-0.12326812019741396,0.0,1.0,24
station,bilinear,all_eligible,3,ifs_hres,graphcast_hres_init,0.22388904796683173,0.08483805289113566,-0.13929215573917467,-0.16012159007538887,-0.11875059356364435,0.0,0.0,24
station,bilinear,all_eligible,3,ifs_hres,pangu_hres_init,0.29666202187335766,0.013248202956386956,-0.2837998722978374,-0.3109642594602549,-0.25790830302292495,0.0,0.176,24
station,bilinear,all_eligible,5,graphcast_hres_init,pangu_hres_init,0.07277297390652593,-0.0715898499347487,-0.14441352744594912,-0.16653892267224937,-0.1233514574543708,0.0,1.0,24
station,bilinear,all_eligible,5,ifs_hres,graphcast_hres_init,0.22388904796683173,0.08483805289113566,-0.1393497959518926,-0.15966441925411218,-0.11804489178376482,0.0,0.0,24
station,bilinear,all_eligible,5,ifs_hres,pangu_hres_init,0.29666202187335766,0.013248202956386956,-0.28376332339784177,-0.31117168558543007,-0.2570600489983823,0.0,0.196,24
station,bilinear,all_eligible,7,graphcast_hres_init,pangu_hres_init,0.07277297390652593,-0.0715898499347487,-0.14434851941825566,-0.1668248571726454,-0.12118985629703682,0.0,1.0,24
station,bilinear,all_eligible,7,ifs_hres,graphcast_hres_init,0.22388904796683173,0.08483805289113566,-0.13863427487847205,-0.1597901898919219,-0.11789675018322117,0.0,0.0,24
station,bilinear,all_eligible,7,ifs_hres,pangu_hres_init,0.29666202187335766,0.013248202956386956,-0.2829827942967277,-0.31012386880751064,-0.2567403707301467,0.0,0.214,24
station,bilinear,dense_4_plus,1,graphcast_hres_init,pangu_hres_init,0.10334814934356573,-0.04795954612140774,-0.1513346801322069,-0.1718505895008119,-0.13070311093401138,0.0,1.0,24
station,bilinear,dense_4_plus,1,ifs_hres,graphcast_hres_init,0.23559851454038028,0.1006548574366255,-0.13483572520543335,-0.15751804417828863,-0.11138777236995763,0.0,0.0,24
station,bilinear,dense_4_plus,1,ifs_hres,pangu_hres_init,0.338946663883946,0.05269531131521776,-0.28617040533764027,-0.31271698651230573,-0.26001382736899614,0.0,0.0005,24
station,bilinear,dense_4_plus,3,graphcast_hres_init,pangu_hres_init,0.10334814934356573,-0.04795954612140774,-0.15140452526731993,-0.17429641690779812,-0.12877209097870157,0.0,1.0,24
station,bilinear,dense_4_plus,3,ifs_hres,graphcast_hres_init,0.23559851454038028,0.1006548574366255,-0.13469871864708338,-0.16037897590758204,-0.11012838732277756,0.0,0.0,24
station,bilinear,dense_4_plus,3,ifs_hres,pangu_hres_init,0.338946663883946,0.05269531131521776,-0.28610324391440334,-0.3148991562786242,-0.258182057900952,0.0,0.0,24
station,bilinear,dense_4_plus,5,graphcast_hres_init,pangu_hres_init,0.10334814934356573,-0.04795954612140774,-0.15145994755579892,-0.17473524950670785,-0.12664651482011685,0.0,1.0,24
station,bilinear,dense_4_plus,5,ifs_hres,graphcast_hres_init,0.23559851454038028,0.1006548574366255,-0.13448451755397967,-0.16048377606725614,-0.10982228547794255,0.0,0.0,24
station,bilinear,dense_4_plus,5,ifs_hres,pangu_hres_init,0.338946663883946,0.05269531131521776,-0.28594446510977856,-0.3157882208392036,-0.256662506304108,0.0,0.0005,24
station,bilinear,dense_4_plus,7,graphcast_hres_init,pangu_hres_init,0.10334814934356573,-0.04795954612140774,-0.15158529541503135,-0.1762439928658573,-0.12684231588755507,0.0,1.0,24
station,bilinear,dense_4_plus,7,ifs_hres,graphcast_hres_init,0.23559851454038028,0.1006548574366255,-0.13452094338656734,-0.16078591892683863,-0.10922506708361103,0.0,0.0,24
station,bilinear,dense_4_plus,7,ifs_hres,pangu_hres_init,0.338946663883946,0.05269531131521776,-0.2861062388015987,-0.31418877880179474,-0.2592594917793497,0.0,0.001,24
station,bilinear,single_station,1,graphcast_hres_init,pangu_hres_init,-0.014702297716248536,-0.14298010646848347,-0.1286712294488845,-0.15808059043164632,-0.09820675061343896,0.0,0.166,24
station,bilinear,single_station,1,ifs_hres,graphcast_hres_init,0.18039105970363312,-0.00296894236202494,-0.1832282239006025,-0.2115791175636509,-0.15320752845767827,0.0,0.632,24
station,bilinear,single_station,1,ifs_hres,pangu_hres_init,0.16568876198738458,-0.1459490488305084,-0.311899453349487,-0.3467005148318628,-0.27461812808963115,0.0,1.0,24
station,bilinear,single_station,3,graphcast_hres_init,pangu_hres_init,-0.014702297716248536,-0.14298010646848347,-0.12808574437940926,-0.1596003409880419,-0.09602304311531674,0.0,0.175,24
station,bilinear,single_station,3,ifs_hres,graphcast_hres_init,0.18039105970363312,-0.00296894236202494,-0.1831652480151746,-0.21864255424832188,-0.14668068295496448,0.0,0.632,24
station,bilinear,single_station,3,ifs_hres,pangu_hres_init,0.16568876198738458,-0.1459490488305084,-0.3112509923945838,-0.35188886531354063,-0.27359270719798184,0.0,1.0,24
station,bilinear,single_station,5,graphcast_hres_init,pangu_hres_init,-0.014702297716248536,-0.14298010646848347,-0.12773490004516283,-0.16233675876361417,-0.09389288955112746,0.0,0.201,24
station,bilinear,single_station,5,ifs_hres,graphcast_hres_init,0.18039105970363312,-0.00296894236202494,-0.18314103404870632,-0.22263045666228404,-0.1434383009792776,0.0,0.637,24
station,bilinear,single_station,5,ifs_hres,pangu_hres_init,0.16568876198738458,-0.1459490488305084,-0.31087593409386916,-0.35447019253031514,-0.2681422752048663,0.0,1.0,24
station,bilinear,single_station,7,graphcast_hres_init,pangu_hres_init,-0.014702297716248536,-0.14298010646848347,-0.1281626261368563,-0.16492104464272656,-0.0918560502999963,0.0,0.1955,24
station,bilinear,single_station,7,ifs_hres,graphcast_hres_init,0.18039105970363312,-0.00296894236202494,-0.18298109395430182,-0.22730457405732896,-0.14163427153144914,0.0,0.625,24
station,bilinear,single_station,7,ifs_hres,pangu_hres_init,0.16568876198738458,-0.1459490488305084,-0.3111437200911581,-0.35840072759171715,-0.26880923082488667,0.0,1.0,24
station,bilinear,sparse_2_3,1,graphcast_hres_init,pangu_hres_init,0.03042625091774165,-0.10247362997131115,-0.13315524762113123,-0.15893002464985784,-0.10742998864277356,0.0,0.9845,24
station,bilinear,sparse_2_3,1,ifs_hres,graphcast_hres_init,0.2121943488284338,0.08235023867612123,-0.12986651161743032,-0.15183099395158528,-0.1077396145959691,0.0,0.0,24
station,bilinear,sparse_2_3,1,ifs_hres,pangu_hres_init,0.24262059974617545,-0.02012339129518992,-0.2630217592385615,-0.2929115314967871,-0.23229029272356863,0.0,0.939,24
station,bilinear,sparse_2_3,3,graphcast_hres_init,pangu_hres_init,0.03042625091774165,-0.10247362997131115,-0.13317241308155026,-0.15996910718085186,-0.10583985251107846,0.0,0.974,24
station,bilinear,sparse_2_3,3,ifs_hres,graphcast_hres_init,0.2121943488284338,0.08235023867612123,-0.1302326373107595,-0.15635279315774242,-0.1055266204644569,0.0,0.0,24
station,bilinear,sparse_2_3,3,ifs_hres,pangu_hres_init,0.24262059974617545,-0.02012339129518992,-0.2634050503923097,-0.2965150609740173,-0.22974886408815456,0.0,0.922,24
station,bilinear,sparse_2_3,5,graphcast_hres_init,pangu_hres_init,0.03042625091774165,-0.10247362997131115,-0.13277857922854838,-0.1620255225530366,-0.10355775513139864,0.0,0.9655,24
station,bilinear,sparse_2_3,5,ifs_hres,graphcast_hres_init,0.2121943488284338,0.08235023867612123,-0.12968568978983316,-0.15890085329924664,-0.1020422838063295,0.0,0.0,24
station,bilinear,sparse_2_3,5,ifs_hres,pangu_hres_init,0.24262059974617545,-0.02012339129518992,-0.2624642690183815,-0.29782143517013365,-0.22662109068883707,0.0,0.8995,24
station,bilinear,sparse_2_3,7,graphcast_hres_init,pangu_hres_init,0.03042625091774165,-0.10247362997131115,-0.1329084246838017,-0.1620890489272918,-0.10325935922889821,0.0,0.9615,24
station,bilinear,sparse_2_3,7,ifs_hres,graphcast_hres_init,0.2121943488284338,0.08235023867612123,-0.12973360673932657,-0.16143951908510834,-0.10103585176074113,0.0,0.0,24
station,bilinear,sparse_2_3,7,ifs_hres,pangu_hres_init,0.24262059974617545,-0.02012339129518992,-0.2626420314231283,-0.30023893404391727,-0.22722598340192068,0.0,0.874,24
station,nearest,all_eligible,1,graphcast_hres_init,pangu_hres_init,0.027864694595336914,-0.07031046212006742,-0.09754758227929546,-0.116833398904702,-0.07968177097526769,0.0,0.9815,24
station,nearest,all_eligible,1,ifs_hres,graphcast_hres_init,0.2888585329055786,0.13908771304409084,-0.14953887868201735,-0.16841833122102134,-0.13007660054228998,0.0,0.0,24
station,nearest,all_eligible,1,ifs_hres,pangu_hres_init,0.3167232275009155,0.06877725092402343,-0.24708646096131281,-0.2724459929493741,-0.2216338569621404,0.0,0.0,24
station,nearest,all_eligible,3,graphcast_hres_init,pangu_hres_init,0.027864694595336914,-0.07031046212006742,-0.09808364888603167,-0.12039794945284749,-0.07598547144870453,0.0,0.9665,24
station,nearest,all_eligible,3,ifs_hres,graphcast_hres_init,0.2888585329055786,0.13908771304409084,-0.1494529857098964,-0.17088853861383654,-0.12814031504882661,0.0,0.0,24
station,nearest,all_eligible,3,ifs_hres,pangu_hres_init,0.3167232275009155,0.06877725092402343,-0.2475366345959281,-0.27719094311410913,-0.21854700319568202,0.0,0.0,24
station,nearest,all_eligible,5,graphcast_hres_init,pangu_hres_init,0.027864694595336914,-0.07031046212006742,-0.09805437195675173,-0.12173694321224929,-0.07530551956545137,0.0,0.948,24
station,nearest,all_eligible,5,ifs_hres,graphcast_hres_init,0.2888585329055786,0.13908771304409084,-0.14980130392997568,-0.17196360446130687,-0.12762829800680414,0.0,0.0,24
station,nearest,all_eligible,5,ifs_hres,pangu_hres_init,0.3167232275009155,0.06877725092402343,-0.24785567588672744,-0.2792010885893526,-0.21838742322890367,0.0,0.0,24
station,nearest,all_eligible,7,graphcast_hres_init,pangu_hres_init,0.027864694595336914,-0.07031046212006742,-0.09775113249378503,-0.12232889144337775,-0.07242501801135329,0.0,0.9405,24
station,nearest,all_eligible,7,ifs_hres,graphcast_hres_init,0.2888585329055786,0.13908771304409084,-0.1498140806746494,-0.17222994052702295,-0.12782402981757907,0.0,0.0,24
station,nearest,all_eligible,7,ifs_hres,pangu_hres_init,0.3167232275009155,0.06877725092402343,-0.24756521316843444,-0.2781864900052343,-0.21716090080978848,0.0,0.0,24
station,nearest,dense_4_plus,1,graphcast_hres_init,pangu_hres_init,0.032436370849609375,-0.06401664044791544,-0.09589549033517256,-0.11723897180733218,-0.07598809928820122,0.0,0.9875,24
station,nearest,dense_4_plus,1,ifs_hres,graphcast_hres_init,0.29884815216064453,0.14606579879344062,-0.15303658936991024,-0.17812084307188608,-0.1280310493715114,0.0,0.0,24
station,nearest,dense_4_plus,1,ifs_hres,pangu_hres_init,0.3312845230102539,0.08204915834552517,-0.2489320797050828,-0.28016185308106345,-0.21901838923234238,0.0,0.0,24
station,nearest,dense_4_plus,3,graphcast_hres_init,pangu_hres_init,0.032436370849609375,-0.06401664044791544,-0.09677601348344778,-0.12119722431242468,-0.07268008527950288,0.0,0.967,24
station,nearest,dense_4_plus,3,ifs_hres,graphcast_hres_init,0.29884815216064453,0.14606579879344062,-0.15263436692607224,-0.1785945533712582,-0.12676609630896135,0.0,0.0,24
station,nearest,dense_4_plus,3,ifs_hres,pangu_hres_init,0.3312845230102539,0.08204915834552517,-0.24941038040952,-0.28014059063357827,-0.21851467010440068,0.0,0.0,24
station,nearest,dense_4_plus,5,graphcast_hres_init,pangu_hres_init,0.032436370849609375,-0.06401664044791544,-0.0961010899575236,-0.12253482378928407,-0.07126742725970053,0.0,0.9515,24
station,nearest,dense_4_plus,5,ifs_hres,graphcast_hres_init,0.29884815216064453,0.14606579879344062,-0.15260258738652077,-0.17918217186596752,-0.1269798805970553,0.0,0.0,24
station,nearest,dense_4_plus,5,ifs_hres,pangu_hres_init,0.3312845230102539,0.08204915834552517,-0.24870367734404436,-0.2821258695033829,-0.21717381437712938,0.0,0.0,24
station,nearest,dense_4_plus,7,graphcast_hres_init,pangu_hres_init,0.032436370849609375,-0.06401664044791544,-0.09618710344775183,-0.12421202724045334,-0.06903854545055595,0.0,0.9525,24
station,nearest,dense_4_plus,7,ifs_hres,graphcast_hres_init,0.29884815216064453,0.14606579879344062,-0.1527675474274931,-0.18068164166733783,-0.1260350286568506,0.0,0.0,24
station,nearest,dense_4_plus,7,ifs_hres,pangu_hres_init,0.3312845230102539,0.08204915834552517,-0.2489546508752449,-0.28143786365202134,-0.21559208954646,0.0,0.0,24
station,nearest,single_station,1,graphcast_hres_init,pangu_hres_init,-0.0286102294921875,-0.08609807033209949,-0.0578057685856206,-0.08680059731161223,-0.030107949477899142,0.0,0.018,24
station,nearest,single_station,1,ifs_hres,graphcast_hres_init,0.3005523681640625,0.12505539585169578,-0.1752957222159181,-0.20360397128382246,-0.14711797636070229,0.0,0.0,24
station,nearest,single_station,1,ifs_hres,pangu_hres_init,0.271942138671875,0.0389573255195963,-0.23310149080153866,-0.2664531316388253,-0.19763495150149168,0.0,0.001,24
station,nearest,single_station,3,graphcast_hres_init,pangu_hres_init,-0.0286102294921875,-0.08609807033209949,-0.057223336627857106,-0.08664921538738563,-0.026126609948685178,0.0005,0.034,24
station,nearest,single_station,3,ifs_hres,graphcast_hres_init,0.3005523681640625,0.12505539585169578,-0.17562190764632324,-0.2118175763749779,-0.14128526346725384,0.0,0.0,24
station,nearest,single_station,3,ifs_hres,pangu_hres_init,0.271942138671875,0.0389573255195963,-0.23284524427418038,-0.2707398639702441,-0.19610610345590188,0.0,0.002,24
station,nearest,single_station,5,graphcast_hres_init,pangu_hres_init,-0.0286102294921875,-0.08609807033209949,-0.057158771477290274,-0.09150177164544826,-0.02048864426313418,0.0015,0.0455,24
station,nearest,single_station,5,ifs_hres,graphcast_hres_init,0.3005523681640625,0.12505539585169578,-0.17611899752512136,-0.21759495642637008,-0.13516332948477416,0.0,0.0,24
station,nearest,single_station,5,ifs_hres,pangu_hres_init,0.271942138671875,0.0389573255195963,-0.23327776900241165,-0.2759795133671799,-0.19179184875961353,0.0,0.001,24
station,nearest,single_station,7,graphcast_hres_init,pangu_hres_init,-0.0286102294921875,-0.08609807033209949,-0.058414870358042804,-0.0912727749776609,-0.023664703124450442,0.0,0.0595,24
station,nearest,single_station,7,ifs_hres,graphcast_hres_init,0.3005523681640625,0.12505539585169578,-0.17435598804580787,-0.220161099582894,-0.12939838768706202,0.0,0.0,24
station,nearest,single_station,7,ifs_hres,pangu_hres_init,0.271942138671875,0.0389573255195963,-0.23277085840385064,-0.2787207443235171,-0.18988321720687532,0.0,0.002,24
station,nearest,sparse_2_3,1,graphcast_hres_init,pangu_hres_init,0.041150450706481934,-0.07996114821571165,-0.1203429580102012,-0.1483616145300965,-0.09205333882837488,0.0,0.9945,24
station,nearest,sparse_2_3,1,ifs_hres,graphcast_hres_init,0.256817102432251,0.12693211469552956,-0.1293932442913767,-0.15382902179898028,-0.10647519575642413,0.0,0.0,24
station,nearest,sparse_2_3,1,ifs_hres,pangu_hres_init,0.2979675531387329,0.04697096647981791,-0.24973620230157792,-0.2831356214785316,-0.21683325528737535,0.0,0.0,24
station,nearest,sparse_2_3,3,graphcast_hres_init,pangu_hres_init,0.041150450706481934,-0.07996114821571165,-0.12051945693790594,-0.15082783862397192,-0.09080140764134711,0.0,0.99,24
station,nearest,sparse_2_3,3,ifs_hres,graphcast_hres_init,0.256817102432251,0.12693211469552956,-0.12932282743285517,-0.15706069602167524,-0.1010946963496184,0.0,0.0,24
station,nearest,sparse_2_3,3,ifs_hres,pangu_hres_init,0.2979675531387329,0.04697096647981791,-0.24984228437076111,-0.2873515975557608,-0.2107677958639984,0.0,0.002,24
station,nearest,sparse_2_3,5,graphcast_hres_init,pangu_hres_init,0.041150450706481934,-0.07996114821571165,-0.12051673406456823,-0.15079556588918433,-0.09011830428500266,0.0,0.9885,24
station,nearest,sparse_2_3,5,ifs_hres,graphcast_hres_init,0.256817102432251,0.12693211469552956,-0.1299946518653835,-0.16263157412534446,-0.098214631848963,0.0,0.0,24
station,nearest,sparse_2_3,5,ifs_hres,pangu_hres_init,0.2979675531387329,0.04697096647981791,-0.2505113859299517,-0.2941448190493383,-0.20862495219028465,0.0,0.0015,24
station,nearest,sparse_2_3,7,graphcast_hres_init,pangu_hres_init,0.041150450706481934,-0.07996114821571165,-0.1214157154207442,-0.15557977839552328,-0.08984112262918707,0.0,0.983,24
station,nearest,sparse_2_3,7,ifs_hres,graphcast_hres_init,0.256817102432251,0.12693211469552956,-0.12983768311616253,-0.1632715865376319,-0.09723707115257596,0.0,0.0,24
station,nearest,sparse_2_3,7,ifs_hres,pangu_hres_init,0.2979675531387329,0.04697096647981791,-0.2512533985369067,-0.2964760579028951,-0.20584003966388995,0.0,0.0065,24
cell_aggregate,nearest,dense_4_plus,1,graphcast_hres_init,pangu_hres_init,-0.020073294639587402,-0.15518175214546903,-0.13548625117777402,-0.16312748065880944,-0.1090743150208336,0.0,0.0895,48
cell_aggregate,nearest,dense_4_plus,1,ifs_hres,graphcast_hres_init,0.3235069513320923,0.21739505191016884,-0.10560080889949282,-0.13284116976667693,-0.07886997831982952,0.0,0.0,48
cell_aggregate,nearest,dense_4_plus,1,ifs_hres,pangu_hres_init,0.3034336566925049,0.0622132997646998,-0.24108706007726685,-0.2776530002477566,-0.20524864015509756,0.0,0.0005,48
cell_aggregate,nearest,dense_4_plus,3,graphcast_hres_init,pangu_hres_init,-0.020073294639587402,-0.15518175214546903,-0.13505363327315859,-0.1644982611884513,-0.10565781938829988,0.0,0.122,48
cell_aggregate,nearest,dense_4_plus,3,ifs_hres,graphcast_hres_init,0.3235069513320923,0.21739505191016884,-0.1066254440689834,-0.13668746318120645,-0.07673337014297918,0.0,0.0,48
cell_aggregate,nearest,dense_4_plus,3,ifs_hres,pangu_hres_init,0.3034336566925049,0.0622132997646998,-0.241679077342142,-0.2820160158440865,-0.20271239749193115,0.0,0.0025,48
cell_aggregate,nearest,dense_4_plus,5,graphcast_hres_init,pangu_hres_init,-0.020073294639587402,-0.15518175214546903,-0.13515928373869798,-0.16441668418311253,-0.105233015473392,0.0,0.1165,48
cell_aggregate,nearest,dense_4_plus,5,ifs_hres,graphcast_hres_init,0.3235069513320923,0.21739505191016884,-0.10632937259991306,-0.13934467498283137,-0.07383746735685606,0.0,0.0,48
cell_aggregate,nearest,dense_4_plus,5,ifs_hres,pangu_hres_init,0.3034336566925049,0.0622132997646998,-0.241488656338611,-0.2834461838626475,-0.2005580829472436,0.0,0.0055,48
cell_aggregate,nearest,dense_4_plus,7,graphcast_hres_init,pangu_hres_init,-0.020073294639587402,-0.15518175214546903,-0.13548956602535275,-0.1655757638603557,-0.10642308125653127,0.0,0.116,48
cell_aggregate,nearest,dense_4_plus,7,ifs_hres,graphcast_hres_init,0.3235069513320923,0.21739505191016884,-0.10595681533099517,-0.1413551307952216,-0.07318236391008617,0.0,0.0,48
cell_aggregate,nearest,dense_4_plus,7,ifs_hres,pangu_hres_init,0.3034336566925049,0.0622132997646998,-0.24144638135634794,-0.2847357898838585,-0.20047081604686431,0.0,0.0085,48
cell_aggregate,nearest,multi_station_cells,1,graphcast_hres_init,pangu_hres_init,0.02406144142150879,-0.10901950703537366,-0.13288607576144595,-0.15578729774036595,-0.11094819436140994,0.0,0.9445,48
cell_aggregate,nearest,multi_station_cells,1,ifs_hres,graphcast_hres_init,0.29039430618286133,0.17742737471637504,-0.11324203072087795,-0.1330732960803049,-0.0930312369404765,0.0,0.0,48
cell_aggregate,nearest,multi_station_cells,1,ifs_hres,pangu_hres_init,0.3144557476043701,0.06840786768100138,-0.24612810648232392,-0.27709611664686246,-0.21772485910476785,0.0,0.0,48
cell_aggregate,nearest,multi_station_cells,3,graphcast_hres_init,pangu_hres_init,0.02406144142150879,-0.10901950703537366,-0.1329373308601057,-0.1583245251120969,-0.10822622746189811,0.0,0.9205,48
cell_aggregate,nearest,multi_station_cells,3,ifs_hres,graphcast_hres_init,0.29039430618286133,0.17742737471637504,-0.11309587969817782,-0.1357871281011904,-0.09081786663001963,0.0,0.0,48
cell_aggregate,nearest,multi_station_cells,3,ifs_hres,pangu_hres_init,0.3144557476043701,0.06840786768100138,-0.2460332105582835,-0.27995795844711935,-0.21459053464831596,0.0,0.0,48
cell_aggregate,nearest,multi_station_cells,5,graphcast_hres_init,pangu_hres_init,0.02406144142150879,-0.10901950703537366,-0.13348575759113016,-0.15945391782387236,-0.10766432239594834,0.0,0.935,48
cell_aggregate,nearest,multi_station_cells,5,ifs_hres,graphcast_hres_init,0.29039430618286133,0.17742737471637504,-0.11285672236810579,-0.13582316672817868,-0.08998555243956448,0.0,0.0,48
cell_aggregate,nearest,multi_station_cells,5,ifs_hres,pangu_hres_init,0.3144557476043701,0.06840786768100138,-0.24634247995923594,-0.2807822538060999,-0.21176923841761597,0.0,0.0005,48
cell_aggregate,nearest,multi_station_cells,7,graphcast_hres_init,pangu_hres_init,0.02406144142150879,-0.10901950703537366,-0.13286706477170968,-0.1594715307694775,-0.10641043068387962,0.0,0.925,48
cell_aggregate,nearest,multi_station_cells,7,ifs_hres,graphcast_hres_init,0.29039430618286133,0.17742737471637504,-0.11241053288314923,-0.13755988711699854,-0.08979571071979933,0.0,0.0,48
cell_aggregate,nearest,multi_station_cells,7,ifs_hres,pangu_hres_init,0.3144557476043701,0.06840786768100138,-0.24527759765485888,-0.2806275448534711,-0.21216363853394918,0.0,0.0,48
cell_aggregate,nearest,sparse_2_3,1,graphcast_hres_init,pangu_hres_init,0.06068640947341919,-0.07090811012298714,-0.13168277250680238,-0.15995323142450818,-0.10169551688294809,0.0,1.0,48
cell_aggregate,nearest,sparse_2_3,1,ifs_hres,graphcast_hres_init,0.26325464248657227,0.14363656607278008,-0.1202262246809691,-0.1484445964367932,-0.09418814348551194,0.0,0.0,48
cell_aggregate,nearest,sparse_2_3,1,ifs_hres,pangu_hres_init,0.32394105195999146,0.07272845594979294,-0.25190899718777154,-0.288748469429899,-0.2151425834643988,0.0,0.0,48
cell_aggregate,nearest,sparse_2_3,3,graphcast_hres_init,pangu_hres_init,0.06068640947341919,-0.07090811012298714,-0.1309675266849381,-0.16142014611225602,-0.10141889457597063,0.0,0.9995,48
cell_aggregate,nearest,sparse_2_3,3,ifs_hres,graphcast_hres_init,0.26325464248657227,0.14363656607278008,-0.11964918633602234,-0.15308600740489767,-0.08592608586307501,0.0,0.0,48
cell_aggregate,nearest,sparse_2_3,3,ifs_hres,pangu_hres_init,0.32394105195999146,0.07272845594979294,-0.25061671302096045,-0.294279471230293,-0.2081280507758908,0.0,0.0,48
cell_aggregate,nearest,sparse_2_3,5,graphcast_hres_init,pangu_hres_init,0.06068640947341919,-0.07090811012298714,-0.13143500685352827,-0.1632335416880483,-0.10047262369367836,0.0,0.9995,48
cell_aggregate,nearest,sparse_2_3,5,ifs_hres,graphcast_hres_init,0.26325464248657227,0.14363656607278008,-0.1197275986274617,-0.15541471390082065,-0.084880577980761,0.0,0.0,48
cell_aggregate,nearest,sparse_2_3,5,ifs_hres,pangu_hres_init,0.32394105195999146,0.07272845594979294,-0.25116260548099,-0.30024909787794934,-0.2053778585185725,0.0,0.0,48
cell_aggregate,nearest,sparse_2_3,7,graphcast_hres_init,pangu_hres_init,0.06068640947341919,-0.07090811012298714,-0.13197341223624767,-0.16389782866739205,-0.10177962732725715,0.0,0.9985,48
cell_aggregate,nearest,sparse_2_3,7,ifs_hres,graphcast_hres_init,0.26325464248657227,0.14363656607278008,-0.1195012912554822,-0.159065288060053,-0.08218053110585058,0.0,0.0,48
cell_aggregate,nearest,sparse_2_3,7,ifs_hres,pangu_hres_init,0.32394105195999146,0.07272845594979294,-0.2514747034917299,-0.3048226367039258,-0.20077232495421157,0.0,0.0005,48
station,bilinear,all_eligible,1,graphcast_hres_init,pangu_hres_init,0.08868165399626793,-0.07972162664737259,-0.16815566843637914,-0.1901139436244038,-0.14573442749054785,0.0,1.0,48
station,bilinear,all_eligible,1,ifs_hres,graphcast_hres_init,0.2601878600248341,0.10607346400766171,-0.15391608801615717,-0.17449419886058218,-0.13402204453577496,0.0,0.0,48
station,bilinear,all_eligible,1,ifs_hres,pangu_hres_init,0.348869514021102,0.02635183736028912,-0.32207175645253633,-0.3501579625044089,-0.29404932132436024,0.0,0.0455,48
station,bilinear,all_eligible,3,graphcast_hres_init,pangu_hres_init,0.08868165399626793,-0.07972162664737259,-0.16870616258296384,-0.1958040772434566,-0.14371205536103393,0.0,1.0,48
station,bilinear,all_eligible,3,ifs_hres,graphcast_hres_init,0.2601878600248341,0.10607346400766171,-0.15429775926134967,-0.17882519373005373,-0.13048357177928424,0.0,0.0,48
station,bilinear,all_eligible,3,ifs_hres,pangu_hres_init,0.348869514021102,0.02635183736028912,-0.3230039218443135,-0.3577942825083234,-0.2900792537401423,0.0,0.071,48
station,bilinear,all_eligible,5,graphcast_hres_init,pangu_hres_init,0.08868165399626793,-0.07972162664737259,-0.16854780664162802,-0.19457704781411927,-0.14318235624424713,0.0,1.0,48
station,bilinear,all_eligible,5,ifs_hres,graphcast_hres_init,0.2601878600248341,0.10607346400766171,-0.1546218976263554,-0.17899197552193377,-0.13132642738685427,0.0,0.0,48
station,bilinear,all_eligible,5,ifs_hres,pangu_hres_init,0.348869514021102,0.02635183736028912,-0.3231697042679834,-0.35591498311708136,-0.2907146808568944,0.0,0.0775,48
station,bilinear,all_eligible,7,graphcast_hres_init,pangu_hres_init,0.08868165399626793,-0.07972162664737259,-0.16818695430468433,-0.19419096942760647,-0.14252319217444817,0.0,1.0,48
station,bilinear,all_eligible,7,ifs_hres,graphcast_hres_init,0.2601878600248341,0.10607346400766171,-0.15403339797637045,-0.17817022096160717,-0.1300495298502733,0.0,0.0,48
station,bilinear,all_eligible,7,ifs_hres,pangu_hres_init,0.348869514021102,0.02635183736028912,-0.3222203522810548,-0.3557303805420411,-0.2896901213580617,0.0,0.0995,48
station,bilinear,dense_4_plus,1,graphcast_hres_init,pangu_hres_init,0.10915213242070532,-0.06428291364946448,-0.1733952689674166,-0.19950919394915215,-0.14737006575069753,0.0,1.0,48
station,bilinear,dense_4_plus,1,ifs_hres,graphcast_hres_init,0.28830325620922925,0.13944299267270788,-0.14899505834632576,-0.17308036535595406,-0.12214991219759662,0.0,0.0,48
station,bilinear,dense_4_plus,1,ifs_hres,pangu_hres_init,0.39745538862993457,0.0751600790232434,-0.32239032731374234,-0.3578335522302462,-0.2870397193191437,0.0,0.0,48
station,bilinear,dense_4_plus,3,graphcast_hres_init,pangu_hres_init,0.10915213242070532,-0.06428291364946448,-0.1732841404797519,-0.2021739270368002,-0.14411115175686715,0.0,1.0,48
station,bilinear,dense_4_plus,3,ifs_hres,graphcast_hres_init,0.28830325620922925,0.13944299267270788,-0.14924914478860898,-0.17900824207421556,-0.1192282017299719,0.0,0.0,48
station,bilinear,dense_4_plus,3,ifs_hres,pangu_hres_init,0.39745538862993457,0.0751600790232434,-0.3225332852683609,-0.36146080085647303,-0.2855537313442524,0.0,0.0005,48
station,bilinear,dense_4_plus,5,graphcast_hres_init,pangu_hres_init,0.10915213242070532,-0.06428291364946448,-0.17357031739629786,-0.2031591688628461,-0.14463526442241884,0.0,1.0,48
station,bilinear,dense_4_plus,5,ifs_hres,graphcast_hres_init,0.28830325620922925,0.13944299267270788,-0.14841873047248835,-0.17904473233838875,-0.11850022527171356,0.0,0.0,48
station,bilinear,dense_4_plus,5,ifs_hres,pangu_hres_init,0.39745538862993457,0.0751600790232434,-0.3219890478687862,-0.35943329408827895,-0.28560838709520286,0.0,0.0,48
station,bilinear,dense_4_plus,7,graphcast_hres_init,pangu_hres_init,0.10915213242070532,-0.06428291364946448,-0.17340487681997105,-0.20251929964667656,-0.14438495346397537,0.0,1.0,48
station,bilinear,dense_4_plus,7,ifs_hres,graphcast_hres_init,0.28830325620922925,0.13944299267270788,-0.14862973811705568,-0.17749627966826076,-0.1205724516899799,0.0,0.0,48
station,bilinear,dense_4_plus,7,ifs_hres,pangu_hres_init,0.39745538862993457,0.0751600790232434,-0.32203461493702673,-0.35737199736084635,-0.2850056305647276,0.0,0.001,48
station,bilinear,single_station,1,graphcast_hres_init,pangu_hres_init,0.005131685557522858,-0.16327325841803453,-0.1684694437817961,-0.20106632833329288,-0.1368567028627272,0.0,0.6105,48
station,bilinear,single_station,1,ifs_hres,graphcast_hres_init,0.19631156279996265,-0.017494717559586315,-0.21393985156513554,-0.2484500265747556,-0.18034862437788943,0.0,0.9485,48
station,bilinear,single_station,1,ifs_hres,pangu_hres_init,0.2014432483574855,-0.18076797597762084,-0.3824092953469316,-0.41909718083351843,-0.3460433902425091,0.0,1.0,48
station,bilinear,single_station,3,graphcast_hres_init,pangu_hres_init,0.005131685557522858,-0.16327325841803453,-0.16833580566045994,-0.2060082366949521,-0.13004513553821156,0.0,0.6005,48
station,bilinear,single_station,3,ifs_hres,graphcast_hres_init,0.19631156279996265,-0.017494717559586315,-0.21349018600452477,-0.25777851737764235,-0.17135849214048193,0.0,0.9275,48
station,bilinear,single_station,3,ifs_hres,pangu_hres_init,0.2014432483574855,-0.18076797597762084,-0.3818259916649847,-0.4264633331585951,-0.33854711551473354,0.0,1.0,48
station,bilinear,single_station,5,graphcast_hres_init,pangu_hres_init,0.005131685557522858,-0.16327325841803453,-0.16798008490444993,-0.20751249412219724,-0.130690253437196,0.0,0.5885,48
station,bilinear,single_station,5,ifs_hres,graphcast_hres_init,0.19631156279996265,-0.017494717559586315,-0.2135545876462939,-0.2597533450880431,-0.1669718854136191,0.0,0.908,48
station,bilinear,single_station,5,ifs_hres,pangu_hres_init,0.2014432483574855,-0.18076797597762084,-0.38153467255074386,-0.4266949633191124,-0.334966519014275,0.0,1.0,48
station,bilinear,single_station,7,graphcast_hres_init,pangu_hres_init,0.005131685557522858,-0.16327325841803453,-0.16839495461119183,-0.2080972380203442,-0.13023496860126058,0.0,0.6065,48
station,bilinear,single_station,7,ifs_hres,graphcast_hres_init,0.19631156279996265,-0.017494717559586315,-0.21333012225174983,-0.26645651916221286,-0.16242961810282458,0.0,0.8985,48
station,bilinear,single_station,7,ifs_hres,pangu_hres_init,0.2014432483574855,-0.18076797597762084,-0.3817250768629417,-0.4304936510800778,-0.33452361025373406,0.0,1.0,48
station,bilinear,sparse_2_3,1,graphcast_hres_init,pangu_hres_init,0.07156623846971466,-0.08256594000140294,-0.15419014470646142,-0.18324196423310818,-0.12698570771335518,0.0,1.0,48
station,bilinear,sparse_2_3,1,ifs_hres,graphcast_hres_init,0.21337821950193914,0.07238280407965991,-0.14154736491419168,-0.1678777947052606,-0.11697186191066758,0.0,0.0,48
station,bilinear,sparse_2_3,1,ifs_hres,pangu_hres_init,0.2849444579716538,-0.010183135921743025,-0.2957375096206531,-0.33016576126129393,-0.26103333723806876,0.0,0.7345,48
station,bilinear,sparse_2_3,3,graphcast_hres_init,pangu_hres_init,0.07156623846971466,-0.08256594000140294,-0.15466546658224864,-0.18708716034236864,-0.123625359939417,0.0,1.0,48
station,bilinear,sparse_2_3,3,ifs_hres,graphcast_hres_init,0.21337821950193914,0.07238280407965991,-0.14135568719948588,-0.17180678982635375,-0.11351780635707107,0.0,0.0,48
station,bilinear,sparse_2_3,3,ifs_hres,pangu_hres_init,0.2849444579716538,-0.010183135921743025,-0.2960211537817345,-0.336841532499465,-0.25785857084928576,0.0,0.728,48
station,bilinear,sparse_2_3,5,graphcast_hres_init,pangu_hres_init,0.07156623846971466,-0.08256594000140294,-0.1539116973865103,-0.18579682881359535,-0.12215825247197698,0.0,0.9995,48
station,bilinear,sparse_2_3,5,ifs_hres,graphcast_hres_init,0.21337821950193914,0.07238280407965991,-0.14079652392761038,-0.17241159518439692,-0.11100376915545661,0.0,0.0,48
station,bilinear,sparse_2_3,5,ifs_hres,pangu_hres_init,0.2849444579716538,-0.010183135921743025,-0.29470822131412067,-0.337721243157512,-0.2551193476975219,0.0,0.721,48
station,bilinear,sparse_2_3,7,graphcast_hres_init,pangu_hres_init,0.07156623846971466,-0.08256594000140294,-0.154200047803831,-0.18596607781816316,-0.1223364897447843,0.0,1.0,48
station,bilinear,sparse_2_3,7,ifs_hres,graphcast_hres_init,0.21337821950193914,0.07238280407965991,-0.14114285240196922,-0.17410942115258857,-0.11002919320535416,0.0,0.0,48
station,bilinear,sparse_2_3,7,ifs_hres,pangu_hres_init,0.2849444579716538,-0.010183135921743025,-0.2953429002058002,-0.34049304945184133,-0.253654948879013,0.0,0.6735,48
station,nearest,all_eligible,1,graphcast_hres_init,pangu_hres_init,0.010169386863708496,-0.10316209319687752,-0.11296979188156536,-0.1363981187649215,-0.0900184852790859,0.0,0.7615,48
station,nearest,all_eligible,1,ifs_hres,graphcast_hres_init,0.32881784439086914,0.15690846461861874,-0.1718696176724975,-0.19243658665201305,-0.15112243094533975,0.0,0.0,48
station,nearest,all_eligible,1,ifs_hres,pangu_hres_init,0.33898723125457764,0.05374637142174121,-0.28483940955406284,-0.31532467504490674,-0.2548591747830432,0.0,0.0,48
station,nearest,all_eligible,3,graphcast_hres_init,pangu_hres_init,0.010169386863708496,-0.10316209319687752,-0.11307763714480455,-0.13930037105659154,-0.08675362112186438,0.0,0.7125,48
station,nearest,all_eligible,3,ifs_hres,graphcast_hres_init,0.32881784439086914,0.15690846461861874,-0.1716547056992544,-0.19498476761480074,-0.1475259342984983,0.0,0.0,48
station,nearest,all_eligible,3,ifs_hres,pangu_hres_init,0.33898723125457764,0.05374637142174121,-0.28473234284405896,-0.31773167120298146,-0.2513777477832756,0.0,0.0,48
station,nearest,all_eligible,5,graphcast_hres_init,pangu_hres_init,0.010169386863708496,-0.10316209319687752,-0.11294565152453709,-0.14134823124560364,-0.08580414078153188,0.0,0.716,48
station,nearest,all_eligible,5,ifs_hres,graphcast_hres_init,0.32881784439086914,0.15690846461861874,-0.17200407706543422,-0.19766261963317042,-0.1467345181386924,0.0,0.0,48
station,nearest,all_eligible,5,ifs_hres,pangu_hres_init,0.33898723125457764,0.05374637142174121,-0.28494972858997136,-0.3192843646553734,-0.24884592662029567,0.0,0.0015,48
station,nearest,all_eligible,7,graphcast_hres_init,pangu_hres_init,0.010169386863708496,-0.10316209319687752,-0.11276679138235954,-0.1393310618590997,-0.08456244799454704,0.0,0.7005,48
station,nearest,all_eligible,7,ifs_hres,graphcast_hres_init,0.32881784439086914,0.15690846461861874,-0.1719303192413199,-0.1967658681664778,-0.14614469261788024,0.0,0.0,48
station,nearest,all_eligible,7,ifs_hres,pangu_hres_init,0.33898723125457764,0.05374637142174121,-0.2846971106236795,-0.3203252144363635,-0.24834320121446354,0.0,0.0015,48
station,nearest,dense_4_plus,1,graphcast_hres_init,pangu_hres_init,-0.008678317070007324,-0.11460410819891398,-0.10560748614395256,-0.13336947414303066,-0.07995469567813666,0.0,0.2945,48
station,nearest,dense_4_plus,1,ifs_hres,graphcast_hres_init,0.3479191064834595,0.1718406056323376,-0.1765885700110815,-0.2040398947417707,-0.14892870728373014,0.0,0.0,48
station,nearest,dense_4_plus,1,ifs_hres,pangu_hres_init,0.33924078941345215,0.05723649743342363,-0.28219605615503407,-0.32203528702380635,-0.2496337524158554,0.0,0.0005,48
station,nearest,dense_4_plus,3,graphcast_hres_init,pangu_hres_init,-0.008678317070007324,-0.11460410819891398,-0.10644239944339709,-0.13767374659897166,-0.0781348825201564,0.0,0.337,48
station,nearest,dense_4_plus,3,ifs_hres,graphcast_hres_init,0.3479191064834595,0.1718406056323376,-0.17654469558774696,-0.2075978902009297,-0.14587206258686514,0.0,0.0,48
station,nearest,dense_4_plus,3,ifs_hres,pangu_hres_init,0.33924078941345215,0.05723649743342363,-0.2829870950311441,-0.32450011540692586,-0.24483203886880067,0.0,0.0015,48
station,nearest,dense_4_plus,5,graphcast_hres_init,pangu_hres_init,-0.008678317070007324,-0.11460410819891398,-0.10545680074022505,-0.13773327814197425,-0.07431933836824754,0.0,0.3245,48
station,nearest,dense_4_plus,5,ifs_hres,graphcast_hres_init,0.3479191064834595,0.1718406056323376,-0.17606308860161937,-0.2067514770928882,-0.1447661467402374,0.0,0.0,48
station,nearest,dense_4_plus,5,ifs_hres,pangu_hres_init,0.33924078941345215,0.05723649743342363,-0.2815198893418444,-0.32596871019880563,-0.24102275784913882,0.0,0.0065,48
station,nearest,dense_4_plus,7,graphcast_hres_init,pangu_hres_init,-0.008678317070007324,-0.11460410819891398,-0.1059188880563748,-0.13890674439157663,-0.07418237230475459,0.0,0.3555,48
station,nearest,dense_4_plus,7,ifs_hres,graphcast_hres_init,0.3479191064834595,0.1718406056323376,-0.17635318328113106,-0.20774622002597665,-0.1440473065470629,0.0,0.0,48
station,nearest,dense_4_plus,7,ifs_hres,pangu_hres_init,0.33924078941345215,0.05723649743342363,-0.28227207133750587,-0.32421026210516923,-0.24029628232440306,0.0,0.0055,48
station,nearest,single_station,1,graphcast_hres_init,pangu_hres_init,0.00637054443359375,-0.10868979777687748,-0.11558979641316201,-0.1450977222418337,-0.08591923207697968,0.0,0.6885,48
station,nearest,single_station,1,ifs_hres,graphcast_hres_init,0.3322674036026001,0.13056594391957121,-0.20186382963817606,-0.23501281387460787,-0.16875081634202876,0.0,0.0,48
station,nearest,single_station,1,ifs_hres,pangu_hres_init,0.33863794803619385,0.02187614614269373,-0.3174536260513381,-0.3555151906164488,-0.2799699362600772,0.0,0.06,48
station,nearest,single_station,3,graphcast_hres_init,pangu_hres_init,0.00637054443359375,-0.10868979777687748,-0.11493686381293386,-0.1497750543906234,-0.07986767825520798,0.0,0.6345,48
station,nearest,single_station,3,ifs_hres,graphcast_hres_init,0.3322674036026001,0.13056594391957121,-0.2012399714793547,-0.24372061757899957,-0.16082064493533405,0.0,0.0,48
station,nearest,single_station,3,ifs_hres,pangu_hres_init,0.33863794803619385,0.02187614614269373,-0.3161768352922886,-0.35909460094282175,-0.27613516335050486,0.0,0.0805,48
station,nearest,single_station,5,graphcast_hres_init,pangu_hres_init,0.00637054443359375,-0.10868979777687748,-0.114460975599237,-0.15318073026784612,-0.07567895093382015,0.0,0.6165,48
station,nearest,single_station,5,ifs_hres,graphcast_hres_init,0.3322674036026001,0.13056594391957121,-0.20245202683383717,-0.2511870319548836,-0.1557073461031019,0.0,0.0,48
station,nearest,single_station,5,ifs_hres,pangu_hres_init,0.33863794803619385,0.02187614614269373,-0.3169130024330742,-0.3622044035177635,-0.27069193646221396,0.0,0.0985,48
station,nearest,single_station,7,graphcast_hres_init,pangu_hres_init,0.00637054443359375,-0.10868979777687748,-0.11600765242283803,-0.15174048848500063,-0.07874124766800172,0.0,0.6355,48
station,nearest,single_station,7,ifs_hres,graphcast_hres_init,0.3322674036026001,0.13056594391957121,-0.20087671602757334,-0.2545855560832488,-0.14982081229321587,0.0,0.0,48
station,nearest,single_station,7,ifs_hres,pangu_hres_init,0.33863794803619385,0.02187614614269373,-0.3168843684504114,-0.3650124278140942,-0.27077229377285633,0.0,0.0965,48
station,nearest,sparse_2_3,1,graphcast_hres_init,pangu_hres_init,0.06224203109741211,-0.06928928458274486,-0.1312488287640445,-0.16238604070424514,-0.1010283403176412,0.0,1.0,48
station,nearest,sparse_2_3,1,ifs_hres,graphcast_hres_init,0.2756969928741455,0.12858886984929607,-0.1470606576836054,-0.17524818661582706,-0.11855171020881121,0.0,0.0,48
station,nearest,sparse_2_3,1,ifs_hres,pangu_hres_init,0.3379390239715576,0.059299585266551214,-0.27830948644764986,-0.31391736458359654,-0.24110081345569864,0.0,0.0,48
station,nearest,sparse_2_3,3,graphcast_hres_init,pangu_hres_init,0.06224203109741211,-0.06928928458274486,-0.13092657438038924,-0.16662273379283352,-0.09673055381637526,0.0,0.998,48
station,nearest,sparse_2_3,3,ifs_hres,graphcast_hres_init,0.2756969928741455,0.12858886984929607,-0.14662274374592704,-0.18042586752785048,-0.11271583659224065,0.0,0.0,48
station,nearest,sparse_2_3,3,ifs_hres,pangu_hres_init,0.3379390239715576,0.059299585266551214,-0.2775493181263163,-0.3216058886588345,-0.23421853044699825,0.0,0.0005,48
station,nearest,sparse_2_3,5,graphcast_hres_init,pangu_hres_init,0.06224203109741211,-0.06928928458274486,-0.13088507569752594,-0.1680240852687179,-0.09562156340820263,0.0,0.997,48
station,nearest,sparse_2_3,5,ifs_hres,graphcast_hres_init,0.2756969928741455,0.12858886984929607,-0.14740362023281897,-0.18617520171774607,-0.11036003155077524,0.0,0.0,48
station,nearest,sparse_2_3,5,ifs_hres,pangu_hres_init,0.3379390239715576,0.059299585266551214,-0.27828869593034494,-0.3308473369157603,-0.2294950944330638,0.0,0.0,48
station,nearest,sparse_2_3,7,graphcast_hres_init,pangu_hres_init,0.06224203109741211,-0.06928928458274486,-0.13182270123051298,-0.16956338523233752,-0.09529793373992512,0.0,0.9965,48
station,nearest,sparse_2_3,7,ifs_hres,graphcast_hres_init,0.2756969928741455,0.12858886984929607,-0.1470133701212281,-0.18623296937742806,-0.10893444210783745,0.0,0.0,48
station,nearest,sparse_2_3,7,ifs_hres,pangu_hres_init,0.3379390239715576,0.059299585266551214,-0.2788360713517411,-0.334955440164326,-0.22660168292372265,0.0,0.0025,48
cell_aggregate,nearest,dense_4_plus,1,graphcast_hres_init,pangu_hres_init,-0.029723644256591797,-0.17194004257448525,-0.14248208576446586,-0.16792229519893995,-0.11794494640617957,0.0,0.0535,72
cell_aggregate,nearest,dense_4_plus,1,ifs_hres,graphcast_hres_init,0.3468148708343506,0.24254612615546378,-0.10428830247628335,-0.13231109524247772,-0.07515531515256539,0.0,0.0,72
cell_aggregate,nearest,dense_4_plus,1,ifs_hres,pangu_hres_init,0.3170912265777588,0.07060608358097853,-0.2467703882407492,-0.28217129787907325,-0.21230436920754212,0.0,0.0035,72
cell_aggregate,nearest,dense_4_plus,3,graphcast_hres_init,pangu_hres_init,-0.029723644256591797,-0.17194004257448525,-0.1420715456507791,-0.17115386210180922,-0.11330876552778736,0.0,0.0695,72
cell_aggregate,nearest,dense_4_plus,3,ifs_hres,graphcast_hres_init,0.3468148708343506,0.24254612615546378,-0.10467693000483143,-0.1391192580945521,-0.0705466150171342,0.0,0.0,72
cell_aggregate,nearest,dense_4_plus,3,ifs_hres,pangu_hres_init,0.3170912265777588,0.07060608358097853,-0.24674847565561056,-0.2865698154242015,-0.2076203145753026,0.0,0.0085,72
cell_aggregate,nearest,dense_4_plus,5,graphcast_hres_init,pangu_hres_init,-0.029723644256591797,-0.17194004257448525,-0.1422967515902181,-0.17107039287079237,-0.1148063186268842,0.0,0.0525,72
cell_aggregate,nearest,dense_4_plus,5,ifs_hres,graphcast_hres_init,0.3468148708343506,0.24254612615546378,-0.10455819182532362,-0.14066852869309185,-0.06818915686928158,0.0,0.0,72
cell_aggregate,nearest,dense_4_plus,5,ifs_hres,pangu_hres_init,0.3170912265777588,0.07060608358097853,-0.24685494341554173,-0.2904082072783955,-0.20363921658545997,0.0,0.0095,72
cell_aggregate,nearest,dense_4_plus,7,graphcast_hres_init,pangu_hres_init,-0.029723644256591797,-0.17194004257448525,-0.1424122672195923,-0.17021451944978563,-0.11580016693253375,0.0,0.0665,72
cell_aggregate,nearest,dense_4_plus,7,ifs_hres,graphcast_hres_init,0.3468148708343506,0.24254612615546378,-0.10422728339303411,-0.14604913073357564,-0.06607419485089251,0.0,0.0,72
cell_aggregate,nearest,dense_4_plus,7,ifs_hres,pangu_hres_init,0.3170912265777588,0.07060608358097853,-0.2466395506126264,-0.29321056417232744,-0.20168943355314856,0.0,0.011,72
cell_aggregate,nearest,multi_station_cells,1,graphcast_hres_init,pangu_hres_init,0.018929362297058105,-0.11030472917320777,-0.12918436628690552,-0.15071395772839943,-0.10770551602726244,0.0,0.851,72
cell_aggregate,nearest,multi_station_cells,1,ifs_hres,graphcast_hres_init,0.3045952320098877,0.1947368083049723,-0.11016216190224572,-0.1320941656132655,-0.08825446612838,0.0,0.0,72
cell_aggregate,nearest,multi_station_cells,1,ifs_hres,pangu_hres_init,0.3235245943069458,0.08443207913176454,-0.23934652818915123,-0.2676246536650791,-0.20985066936138852,0.0,0.0,72
cell_aggregate,nearest,multi_station_cells,3,graphcast_hres_init,pangu_hres_init,0.018929362297058105,-0.11030472917320777,-0.12907330597715094,-0.15546555366591167,-0.10418555503956914,0.0,0.816,72
cell_aggregate,nearest,multi_station_cells,3,ifs_hres,graphcast_hres_init,0.3045952320098877,0.1947368083049723,-0.10966348990186411,-0.13355173855927838,-0.08522684483599566,0.0,0.0,72
cell_aggregate,nearest,multi_station_cells,3,ifs_hres,pangu_hres_init,0.3235245943069458,0.08443207913176454,-0.238736795879015,-0.2721581333221799,-0.20734366185770448,0.0,0.0005,72
cell_aggregate,nearest,multi_station_cells,5,graphcast_hres_init,pangu_hres_init,0.018929362297058105,-0.11030472917320777,-0.12982640217806918,-0.15603436835532664,-0.10529835739003593,0.0,0.8485,72
cell_aggregate,nearest,multi_station_cells,5,ifs_hres,graphcast_hres_init,0.3045952320098877,0.1947368083049723,-0.10972222991374338,-0.1358237814001745,-0.08347014998164877,0.0,0.0,72
cell_aggregate,nearest,multi_station_cells,5,ifs_hres,pangu_hres_init,0.3235245943069458,0.08443207913176454,-0.23954863209181254,-0.2742741124341104,-0.20426352213081347,0.0,0.0005,72
cell_aggregate,nearest,multi_station_cells,7,graphcast_hres_init,pangu_hres_init,0.018929362297058105,-0.11030472917320777,-0.129421855286848,-0.15537031329608383,-0.10276314209102941,0.0,0.8395,72
cell_aggregate,nearest,multi_station_cells,7,ifs_hres,graphcast_hres_init,0.3045952320098877,0.1947368083049723,-0.10926139565480864,-0.1359750823805904,-0.08306413002160935,0.0,0.0,72
cell_aggregate,nearest,multi_station_cells,7,ifs_hres,pangu_hres_init,0.3235245943069458,0.08443207913176454,-0.23868325094165663,-0.27328775873875627,-0.20363577653864737,0.0,0.0,72
cell_aggregate,nearest,sparse_2_3,1,graphcast_hres_init,pangu_hres_init,0.05920910835266113,-0.05952362381708265,-0.1185168963283477,-0.14650549960959744,-0.08997037799774191,0.0,0.9975,72
cell_aggregate,nearest,sparse_2_3,1,ifs_hres,graphcast_hres_init,0.27002501487731934,0.15518348642623536,-0.11508589678924673,-0.14350602900869372,-0.08838256128260236,0.0,0.0,72
cell_aggregate,nearest,sparse_2_3,1,ifs_hres,pangu_hres_init,0.32923412322998047,0.09565986260915271,-0.23360279311759446,-0.268674640435615,-0.198284741958849,0.0,0.0,72
cell_aggregate,nearest,sparse_2_3,3,graphcast_hres_init,pangu_hres_init,0.05920910835266113,-0.05952362381708265,-0.11822411489523685,-0.14916076898221864,-0.08758603493091059,0.0,0.9915,72
cell_aggregate,nearest,sparse_2_3,3,ifs_hres,graphcast_hres_init,0.27002501487731934,0.15518348642623536,-0.11522829724529848,-0.14629634765997526,-0.08113631895075316,0.0,0.0,72
cell_aggregate,nearest,sparse_2_3,3,ifs_hres,pangu_hres_init,0.32923412322998047,0.09565986260915271,-0.23345241214053533,-0.2749809782170131,-0.19146588535563352,0.0,0.0,72
cell_aggregate,nearest,sparse_2_3,5,graphcast_hres_init,pangu_hres_init,0.05920910835266113,-0.05952362381708265,-0.11867660353343414,-0.1515582945359187,-0.08572464809937771,0.0,0.9905,72
cell_aggregate,nearest,sparse_2_3,5,ifs_hres,graphcast_hres_init,0.27002501487731934,0.15518348642623536,-0.1148408441488189,-0.1494125942389709,-0.08089676117326067,0.0,0.0,72
cell_aggregate,nearest,sparse_2_3,5,ifs_hres,pangu_hres_init,0.32923412322998047,0.09565986260915271,-0.23351744768225308,-0.27976756627755506,-0.18759589151848055,0.0,0.0,72
cell_aggregate,nearest,sparse_2_3,7,graphcast_hres_init,pangu_hres_init,0.05920910835266113,-0.05952362381708265,-0.11910159149824823,-0.15384660466896696,-0.08510943175351292,0.0,0.9885,72
cell_aggregate,nearest,sparse_2_3,7,ifs_hres,graphcast_hres_init,0.27002501487731934,0.15518348642623536,-0.11451923068664573,-0.14866410409388847,-0.08017343828846454,0.0,0.0,72
cell_aggregate,nearest,sparse_2_3,7,ifs_hres,pangu_hres_init,0.32923412322998047,0.09565986260915271,-0.23362082218489394,-0.2810203692473799,-0.18633591614706002,0.0,0.0005,72
station,bilinear,all_eligible,1,graphcast_hres_init,pangu_hres_init,0.08764713955698478,-0.07476834530930665,-0.16196322319832104,-0.18307092557489316,-0.13993445931979534,0.0,1.0,72
station,bilinear,all_eligible,1,ifs_hres,graphcast_hres_init,0.280047590295019,0.13271945836335908,-0.1474087688019568,-0.17142754308568534,-0.12504530177648998,0.0,0.0,72
station,bilinear,all_eligible,1,ifs_hres,pangu_hres_init,0.3676947298520038,0.05795111305405243,-0.3093719920002778,-0.3389891368824814,-0.28039782620494713,0.0,0.0005,72
station,bilinear,all_eligible,3,graphcast_hres_init,pangu_hres_init,0.08764713955698478,-0.07476834530930665,-0.16262404030710403,-0.18770356761870427,-0.13741032263241834,0.0,1.0,72
station,bilinear,all_eligible,3,ifs_hres,graphcast_hres_init,0.280047590295019,0.13271945836335908,-0.14760798332957428,-0.17566577644185552,-0.12009368126188824,0.0,0.0,72
station,bilinear,all_eligible,3,ifs_hres,pangu_hres_init,0.3676947298520038,0.05795111305405243,-0.31023202363667834,-0.34326053512677834,-0.27703801162493014,0.0,0.007,72
station,bilinear,all_eligible,5,graphcast_hres_init,pangu_hres_init,0.08764713955698478,-0.07476834530930665,-0.1626944709556528,-0.1877567458960859,-0.1376002824585578,0.0,1.0,72
station,bilinear,all_eligible,5,ifs_hres,graphcast_hres_init,0.280047590295019,0.13271945836335908,-0.14769327445635907,-0.17592291008052913,-0.11899060859632205,0.0,0.0,72
station,bilinear,all_eligible,5,ifs_hres,pangu_hres_init,0.3676947298520038,0.05795111305405243,-0.31038774541201186,-0.3475610702182572,-0.2743251070857514,0.0,0.0065,72
station,bilinear,all_eligible,7,graphcast_hres_init,pangu_hres_init,0.08764713955698478,-0.07476834530930665,-0.16197058142766652,-0.1866783054540917,-0.1382046500336132,0.0,1.0,72
station,bilinear,all_eligible,7,ifs_hres,graphcast_hres_init,0.280047590295019,0.13271945836335908,-0.14738882059387162,-0.17577402757210894,-0.11979838239575073,0.0,0.0,72
station,bilinear,all_eligible,7,ifs_hres,pangu_hres_init,0.3676947298520038,0.05795111305405243,-0.3093594020215381,-0.3462858435554218,-0.2750782056250172,0.0,0.0115,72
station,bilinear,dense_4_plus,1,graphcast_hres_init,pangu_hres_init,0.10317539042133406,-0.06242888492697607,-0.16546963625568403,-0.19275633043818055,-0.14155078187831588,0.0,1.0,72
station,bilinear,dense_4_plus,1,ifs_hres,graphcast_hres_init,0.31604105261685445,0.17413704771068628,-0.14189717432133278,-0.16891520142681993,-0.11319148097624519,0.0,0.0,72
station,bilinear,dense_4_plus,1,ifs_hres,pangu_hres_init,0.4192164430381885,0.11170816278371021,-0.3073668105770168,-0.34163417768754545,-0.2725396052133299,0.0,0.0,72
station,bilinear,dense_4_plus,3,graphcast_hres_init,pangu_hres_init,0.10317539042133406,-0.06242888492697607,-0.16500974321067968,-0.19181930494491356,-0.13675793672453565,0.0,0.9995,72
station,bilinear,dense_4_plus,3,ifs_hres,graphcast_hres_init,0.31604105261685445,0.17413704771068628,-0.14218428383026974,-0.17675802281928407,-0.10924582028562992,0.0,0.0,72
station,bilinear,dense_4_plus,3,ifs_hres,pangu_hres_init,0.4192164430381885,0.11170816278371021,-0.30719402704094945,-0.3483602615171498,-0.2667469861978613,0.0,0.0,72
station,bilinear,dense_4_plus,5,graphcast_hres_init,pangu_hres_init,0.10317539042133406,-0.06242888492697607,-0.16544407559458554,-0.1932867523871631,-0.13688230248603434,0.0,1.0,72
station,bilinear,dense_4_plus,5,ifs_hres,graphcast_hres_init,0.31604105261685445,0.17413704771068628,-0.14169648487334296,-0.17459207998884732,-0.10925306285686107,0.0,0.0,72
station,bilinear,dense_4_plus,5,ifs_hres,pangu_hres_init,0.4192164430381885,0.11170816278371021,-0.3071405604679285,-0.34700842102027935,-0.2674153441723192,0.0,0.0,72
station,bilinear,dense_4_plus,7,graphcast_hres_init,pangu_hres_init,0.10317539042133406,-0.06242888492697607,-0.16542084281038671,-0.19198586143408936,-0.13872504514943668,0.0,1.0,72
station,bilinear,dense_4_plus,7,ifs_hres,graphcast_hres_init,0.31604105261685445,0.17413704771068628,-0.14133397881281892,-0.1764185801086638,-0.10790575712685768,0.0,0.0,72
station,bilinear,dense_4_plus,7,ifs_hres,pangu_hres_init,0.4192164430381885,0.11170816278371021,-0.3067548216232056,-0.34826738439729205,-0.2658231013436366,0.0,0.0,72
station,bilinear,single_station,1,graphcast_hres_init,pangu_hres_init,0.010193355967243023,-0.16482228134585508,-0.17491714245098916,-0.20691971868607975,-0.14117111966475193,0.0,0.7025,72
station,bilinear,single_station,1,ifs_hres,graphcast_hres_init,0.18941472008937232,-0.009810030945683668,-0.1993043935527317,-0.2356149088262391,-0.16193837989131443,0.0,0.748,72
station,bilinear,single_station,1,ifs_hres,pangu_hres_init,0.19960807605661535,-0.17463231229153875,-0.3742215360037209,-0.413494430513396,-0.33672510701802866,0.0,1.0,72
station,bilinear,single_station,3,graphcast_hres_init,pangu_hres_init,0.010193355967243023,-0.16482228134585508,-0.17541432086884987,-0.21517602961737914,-0.1371430634844977,0.0,0.6835,72
station,bilinear,single_station,3,ifs_hres,graphcast_hres_init,0.18941472008937232,-0.009810030945683668,-0.1985091990189533,-0.24702506008074074,-0.15215988290449847,0.0,0.7365,72
station,bilinear,single_station,3,ifs_hres,pangu_hres_init,0.19960807605661535,-0.17463231229153875,-0.37392351988780315,-0.42065616197414296,-0.32866021570397264,0.0,1.0,72
station,bilinear,single_station,5,graphcast_hres_init,pangu_hres_init,0.010193355967243023,-0.16482228134585508,-0.1746189543617996,-0.21657069817191751,-0.1340762036093358,0.0,0.6695,72
station,bilinear,single_station,5,ifs_hres,graphcast_hres_init,0.18941472008937232,-0.009810030945683668,-0.19840511103853048,-0.24736734360022733,-0.147661456960348,0.0,0.7155,72
station,bilinear,single_station,5,ifs_hres,pangu_hres_init,0.19960807605661535,-0.17463231229153875,-0.3730240654003301,-0.4192414870173249,-0.3249576238389729,0.0,1.0,72
station,bilinear,single_station,7,graphcast_hres_init,pangu_hres_init,0.010193355967243023,-0.16482228134585508,-0.1750446041827408,-0.21952141017490573,-0.13269229509902203,0.0,0.68,72
station,bilinear,single_station,7,ifs_hres,graphcast_hres_init,0.18941472008937232,-0.009810030945683668,-0.1988490210547859,-0.25411238891024196,-0.14571850680497533,0.0,0.714,72
station,bilinear,single_station,7,ifs_hres,pangu_hres_init,0.19960807605661535,-0.17463231229153875,-0.3738936252375266,-0.4254060491612497,-0.3240154054218421,0.0,1.0,72
station,bilinear,sparse_2_3,1,graphcast_hres_init,pangu_hres_init,0.08114624916401225,-0.0659956771105108,-0.1470354944941081,-0.17542564192605756,-0.11785369721500484,0.0,1.0,72
station,bilinear,sparse_2_3,1,ifs_hres,graphcast_hres_init,0.2240179135906437,0.08565263857072303,-0.13881357137501538,-0.1657386228995999,-0.11216307919693927,0.0,0.0,72
station,bilinear,sparse_2_3,1,ifs_hres,pangu_hres_init,0.30516416275465597,0.01965696146021223,-0.28584906586912345,-0.3201525438413239,-0.25182267827321825,0.0,0.172,72
station,bilinear,sparse_2_3,3,graphcast_hres_init,pangu_hres_init,0.08114624916401225,-0.0659956771105108,-0.14750371423688216,-0.18177609576669768,-0.11540854894525678,0.0,1.0,72
station,bilinear,sparse_2_3,3,ifs_hres,graphcast_hres_init,0.2240179135906437,0.08565263857072303,-0.138666156111166,-0.16987429500364395,-0.10777267619601766,0.0,0.0,72
station,bilinear,sparse_2_3,3,ifs_hres,pangu_hres_init,0.30516416275465597,0.01965696146021223,-0.28616987034804814,-0.32504175086184783,-0.24533601160739046,0.0,0.2015,72
station,bilinear,sparse_2_3,5,graphcast_hres_init,pangu_hres_init,0.08114624916401225,-0.0659956771105108,-0.14701564512400028,-0.18153998039469846,-0.11362803865262819,0.0,0.999,72
station,bilinear,sparse_2_3,5,ifs_hres,graphcast_hres_init,0.2240179135906437,0.08565263857072303,-0.1386419852305734,-0.16898663345871665,-0.10903717777064474,0.0,0.0,72
station,bilinear,sparse_2_3,5,ifs_hres,pangu_hres_init,0.30516416275465597,0.01965696146021223,-0.2856576303545737,-0.3250307961958526,-0.24450232162534177,0.0,0.2085,72
station,bilinear,sparse_2_3,7,graphcast_hres_init,pangu_hres_init,0.08114624916401225,-0.0659956771105108,-0.14723043466630137,-0.18078094645075968,-0.11266355165245934,0.0,0.9995,72
station,bilinear,sparse_2_3,7,ifs_hres,graphcast_hres_init,0.2240179135906437,0.08565263857072303,-0.13859836738401193,-0.17002906040528426,-0.10754038307923293,0.0,0.0,72
station,bilinear,sparse_2_3,7,ifs_hres,pangu_hres_init,0.30516416275465597,0.01965696146021223,-0.2858288020503133,-0.3289525814138672,-0.24606434345783026,0.0,0.218,72
station,nearest,all_eligible,1,graphcast_hres_init,pangu_hres_init,0.00013816356658935547,-0.1063095853861824,-0.10602167059103292,-0.12757213417227567,-0.08512099711717908,0.0,0.5,72
station,nearest,all_eligible,1,ifs_hres,graphcast_hres_init,0.34881091117858887,0.178490847771672,-0.17053179997645368,-0.1931750668373066,-0.145647615384588,0.0,0.0,72
station,nearest,all_eligible,1,ifs_hres,pangu_hres_init,0.3489490747451782,0.07218126238548961,-0.2765534705674866,-0.3063060632224447,-0.2471956992280971,0.0,0.0,72
station,nearest,all_eligible,3,graphcast_hres_init,pangu_hres_init,0.00013816356658935547,-0.1063095853861824,-0.10602155782425146,-0.13253158673679805,-0.0805442077372876,0.0,0.486,72
station,nearest,all_eligible,3,ifs_hres,graphcast_hres_init,0.34881091117858887,0.178490847771672,-0.1701443814726116,-0.19716464884157991,-0.1426809287932167,0.0,0.0,72
station,nearest,all_eligible,3,ifs_hres,pangu_hres_init,0.3489490747451782,0.07218126238548961,-0.2761659392968631,-0.30992739253332385,-0.24201319450121622,0.0,0.0,72
station,nearest,all_eligible,5,graphcast_hres_init,pangu_hres_init,0.00013816356658935547,-0.1063095853861824,-0.10591660722712287,-0.13229985004315523,-0.0789046361397579,0.0,0.487,72
station,nearest,all_eligible,5,ifs_hres,graphcast_hres_init,0.34881091117858887,0.178490847771672,-0.17057268496041986,-0.20052720660729922,-0.14205260485876892,0.0,0.0,72
station,nearest,all_eligible,5,ifs_hres,pangu_hres_init,0.3489490747451782,0.07218126238548961,-0.27648929218754276,-0.3137160214446437,-0.24126815245484604,0.0,0.0,72
station,nearest,all_eligible,7,graphcast_hres_init,pangu_hres_init,0.00013816356658935547,-0.1063095853861824,-0.10619524306296085,-0.13091423572825403,-0.08003453881362768,0.0,0.4855,72
station,nearest,all_eligible,7,ifs_hres,graphcast_hres_init,0.34881091117858887,0.178490847771672,-0.17016014106353086,-0.1991994046170926,-0.14045080365317017,0.0,0.0,72
station,nearest,all_eligible,7,ifs_hres,pangu_hres_init,0.3489490747451782,0.07218126238548961,-0.2763553841264917,-0.3146530060525526,-0.23838669457515102,0.0,0.0015,72
station,nearest,dense_4_plus,1,graphcast_hres_init,pangu_hres_init,-0.024418950080871582,-0.12200831483453656,-0.09747756279858737,-0.12199906154067822,-0.07173049323238595,0.0,0.097,72
station,nearest,dense_4_plus,1,ifs_hres,graphcast_hres_init,0.3762331008911133,0.19989956794237074,-0.1767144997188402,-0.20634686326672308,-0.14834685263315672,0.0,0.0,72
station,nearest,dense_4_plus,1,ifs_hres,pangu_hres_init,0.3518141508102417,0.07789125310783418,-0.2741920625174275,-0.3100674116573005,-0.23837688296168116,0.0,0.0,72
station,nearest,dense_4_plus,3,graphcast_hres_init,pangu_hres_init,-0.024418950080871582,-0.12200831483453656,-0.0979004898013349,-0.1291924941443098,-0.0695647313770128,0.0,0.134,72
station,nearest,dense_4_plus,3,ifs_hres,graphcast_hres_init,0.3762331008911133,0.19989956794237074,-0.1768321338865967,-0.21213379404515886,-0.1433812111847916,0.0,0.0,72
station,nearest,dense_4_plus,3,ifs_hres,pangu_hres_init,0.3518141508102417,0.07789125310783418,-0.2747326236879316,-0.3178865257341935,-0.23379316389812652,0.0,0.002,72
station,nearest,dense_4_plus,5,graphcast_hres_init,pangu_hres_init,-0.024418950080871582,-0.12200831483453656,-0.09733771617896175,-0.1274071030461205,-0.06922999723965795,0.0,0.1365,72
station,nearest,dense_4_plus,5,ifs_hres,graphcast_hres_init,0.3762331008911133,0.19989956794237074,-0.1760891481314074,-0.21177483073436967,-0.14144409769771438,0.0,0.0,72
station,nearest,dense_4_plus,5,ifs_hres,pangu_hres_init,0.3518141508102417,0.07789125310783418,-0.27342686431036917,-0.3170995827523173,-0.23082505203572276,0.0,0.0025,72
station,nearest,dense_4_plus,7,graphcast_hres_init,pangu_hres_init,-0.024418950080871582,-0.12200831483453656,-0.09763872022804611,-0.12831537783339345,-0.06898272740636845,0.0,0.135,72
station,nearest,dense_4_plus,7,ifs_hres,graphcast_hres_init,0.3762331008911133,0.19989956794237074,-0.1763326121346951,-0.2135161313018012,-0.13727991390012168,0.0,0.0,72
station,nearest,dense_4_plus,7,ifs_hres,pangu_hres_init,0.3518141508102417,0.07789125310783418,-0.2739713323627412,-0.31893494061749667,-0.2306878058023603,0.0,0.0035,72
station,nearest,single_station,1,graphcast_hres_init,pangu_hres_init,0.019311189651489258,-0.11731837852992721,-0.13699138942786737,-0.16791027615157428,-0.10706514570358018,0.0,0.856,72
station,nearest,single_station,1,ifs_hres,graphcast_hres_init,0.3286243677139282,0.1377291115705006,-0.19104725697774935,-0.2251434877892243,-0.15607316785767036,0.0,0.0,72
station,nearest,single_station,1,ifs_hres,pangu_hres_init,0.3479355573654175,0.020410733040573392,-0.32803864640561675,-0.36528550626803213,-0.29056757917325016,0.0,0.1245,72
station,nearest,single_station,3,graphcast_hres_init,pangu_hres_init,0.019311189651489258,-0.11731837852992721,-0.13641360719305265,-0.17282536101625282,-0.10069058703154751,0.0,0.829,72
station,nearest,single_station,3,ifs_hres,graphcast_hres_init,0.3286243677139282,0.1377291115705006,-0.19067853793861503,-0.23377365288962199,-0.14883325933301506,0.0,0.0,72
station,nearest,single_station,3,ifs_hres,pangu_hres_init,0.3479355573654175,0.020410733040573392,-0.32709214513166773,-0.3708782842643168,-0.28727246533682654,0.0,0.133,72
station,nearest,single_station,5,graphcast_hres_init,pangu_hres_init,0.019311189651489258,-0.11731837852992721,-0.13605641843095787,-0.17583930752735027,-0.09595792296650844,0.0,0.824,72
station,nearest,single_station,5,ifs_hres,graphcast_hres_init,0.3286243677139282,0.1377291115705006,-0.19154129034792047,-0.23970291228983595,-0.14145676498005133,0.0,0.0,72
station,nearest,single_station,5,ifs_hres,pangu_hres_init,0.3479355573654175,0.020410733040573392,-0.32759770877887834,-0.37304736467253286,-0.2804201395424362,0.0,0.1385,72
station,nearest,single_station,7,graphcast_hres_init,pangu_hres_init,0.019311189651489258,-0.11731837852992721,-0.13708926603613844,-0.17665787680974956,-0.09762888517214555,0.0,0.819,72
station,nearest,single_station,7,ifs_hres,graphcast_hres_init,0.3286243677139282,0.1377291115705006,-0.1899022578605261,-0.24256508574884417,-0.13703314005996378,0.0,0.0,72
station,nearest,single_station,7,ifs_hres,pangu_hres_init,0.3479355573654175,0.020410733040573392,-0.3269915238966645,-0.3769696376195313,-0.27859278683678323,0.0,0.149,72
station,nearest,sparse_2_3,1,graphcast_hres_init,pangu_hres_init,0.057150959968566895,-0.05823345166621463,-0.11553249874612348,-0.1491472922275972,-0.08374410422711358,0.0,0.9935,72
station,nearest,sparse_2_3,1,ifs_hres,graphcast_hres_init,0.28380680084228516,0.1390397377788537,-0.1444471065530197,-0.17348755988145229,-0.11424420053877009,0.0,0.0,72
station,nearest,sparse_2_3,1,ifs_hres,pangu_hres_init,0.34095776081085205,0.08080628611263907,-0.25997960529914316,-0.297674615143459,-0.22126113714992307,0.0,0.0,72
station,nearest,sparse_2_3,3,graphcast_hres_init,pangu_hres_init,0.057150959968566895,-0.05823345166621463,-0.11475355692749659,-0.15198336077563523,-0.0785050548252432,0.0,0.9855,72
station,nearest,sparse_2_3,3,ifs_hres,graphcast_hres_init,0.28380680084228516,0.1390397377788537,-0.14424824979234413,-0.1792895734921528,-0.11010671366595584,0.0,0.0,72
station,nearest,sparse_2_3,3,ifs_hres,pangu_hres_init,0.34095776081085205,0.08080628611263907,-0.2590018067198407,-0.3065854853862751,-0.21216651211890877,0.0,0.0,72
station,nearest,sparse_2_3,5,graphcast_hres_init,pangu_hres_init,0.057150959968566895,-0.05823345166621463,-0.11456971480649278,-0.15481594520191888,-0.07554973818203335,0.0,0.988,72
station,nearest,sparse_2_3,5,ifs_hres,graphcast_hres_init,0.28380680084228516,0.1390397377788537,-0.14488730714920042,-0.1811637776230722,-0.10801412500120619,0.0,0.0,72
station,nearest,sparse_2_3,5,ifs_hres,pangu_hres_init,0.34095776081085205,0.08080628611263907,-0.2594570219556932,-0.3096414624088899,-0.21058837532985858,0.0,0.0005,72
station,nearest,sparse_2_3,7,graphcast_hres_init,pangu_hres_init,0.057150959968566895,-0.05823345166621463,-0.11519405751501169,-0.15288842986369647,-0.07754112290987189,0.0,0.9855,72
station,nearest,sparse_2_3,7,ifs_hres,graphcast_hres_init,0.28380680084228516,0.1390397377788537,-0.14502937808641325,-0.1839599140069558,-0.10880980991940674,0.0,0.0,72
station,nearest,sparse_2_3,7,ifs_hres,pangu_hres_init,0.34095776081085205,0.08080628611263907,-0.2602234356014249,-0.31388371120913433,-0.20855743371758892,0.0,0.0005,72
