lead_h,stratum_type,stratum,block_days,model_a,model_b,era5_delta_mae_a_minus_b_c,avamet_delta_mae_a_minus_b_c,avamet_minus_era5_delta_mae_c,switch_ci_low_c,switch_ci_high_c,p_switch_gt_zero,p_pairwise_order_reverses
24,all_eligible,all,1,graphcast_hres_init,pangu_hres_init,0.07277297390652593,-0.0715898499347487,-0.143945371817876,-0.16258459992760113,-0.12580102130216306,0.0,1.0
24,all_eligible,all,1,ifs_hres,graphcast_hres_init,0.22388904796683173,0.08483805289113566,-0.13865324292702155,-0.15809060287437765,-0.11949366401290978,0.0,0.0
24,all_eligible,all,1,ifs_hres,pangu_hres_init,0.29666202187335766,0.013248202956386956,-0.28259861474489756,-0.3068024023183138,-0.2570609858179254,0.0,0.139
24,all_eligible,all,3,graphcast_hres_init,pangu_hres_init,0.07277297390652593,-0.0715898499347487,-0.14414192208072174,-0.16511657893984724,-0.12373871610843662,0.0,1.0
24,all_eligible,all,3,ifs_hres,graphcast_hres_init,0.22388904796683173,0.08483805289113566,-0.13933309815244982,-0.1598575778835072,-0.11978643636021723,0.0,0.0
24,all_eligible,all,3,ifs_hres,pangu_hres_init,0.29666202187335766,0.013248202956386956,-0.28347502023317156,-0.30914372988313193,-0.25809078552990766,0.0,0.1645
24,all_eligible,all,5,graphcast_hres_init,pangu_hres_init,0.07277297390652593,-0.0715898499347487,-0.14430457658717785,-0.16773189640810315,-0.122388112746844,0.0,1.0
24,all_eligible,all,5,ifs_hres,graphcast_hres_init,0.22388904796683173,0.08483805289113566,-0.13946234704501792,-0.16031461492949378,-0.11879353082763751,0.0,0.0
24,all_eligible,all,5,ifs_hres,pangu_hres_init,0.29666202187335766,0.013248202956386956,-0.2837669236321957,-0.31047897120910617,-0.25796940854605643,0.0,0.1895
24,all_eligible,all,7,graphcast_hres_init,pangu_hres_init,0.07277297390652593,-0.0715898499347487,-0.14451883510155789,-0.16756274048965525,-0.12137239374752473,0.0,1.0
24,all_eligible,all,7,ifs_hres,graphcast_hres_init,0.22388904796683173,0.08483805289113566,-0.13879970707316625,-0.160305932241054,-0.11721286182432393,0.0,0.0
24,all_eligible,all,7,ifs_hres,pangu_hres_init,0.29666202187335766,0.013248202956386956,-0.28331854217472413,-0.3099904246093743,-0.25650369252969457,0.0,0.2195
24,altitude_stratum,altitude_high,1,graphcast_hres_init,pangu_hres_init,0.13405080368499955,-0.1661495332723535,-0.3006573433800838,-0.339989230703459,-0.26190774213975543,0.0,1.0
24,altitude_stratum,altitude_high,1,ifs_hres,graphcast_hres_init,0.2864452122032968,0.026141564525719474,-0.26038443528910105,-0.292934955258818,-0.2269736085978657,0.0,0.003
24,altitude_stratum,altitude_high,1,ifs_hres,pangu_hres_init,0.4204960158882963,-0.14000796874663402,-0.5610417786691848,-0.606340750101277,-0.5159654345647812,0.0,1.0
24,altitude_stratum,altitude_high,3,graphcast_hres_init,pangu_hres_init,0.13405080368499955,-0.1661495332723535,-0.30058708252000965,-0.3531742238136115,-0.2524200155370068,0.0,1.0
24,altitude_stratum,altitude_high,3,ifs_hres,graphcast_hres_init,0.2864452122032968,0.026141564525719474,-0.26046211878307385,-0.2972394543189006,-0.2228304161640999,0.0,0.0025
24,altitude_stratum,altitude_high,3,ifs_hres,pangu_hres_init,0.4204960158882963,-0.14000796874663402,-0.5610492013030836,-0.6157300094859448,-0.5079283827028787,0.0,1.0
24,altitude_stratum,altitude_high,5,graphcast_hres_init,pangu_hres_init,0.13405080368499955,-0.1661495332723535,-0.29939777675476226,-0.3561329448386238,-0.2477096532198614,0.0,1.0
24,altitude_stratum,altitude_high,5,ifs_hres,graphcast_hres_init,0.2864452122032968,0.026141564525719474,-0.26129662989945984,-0.30370760304535344,-0.22066896254077062,0.0,0.007
24,altitude_stratum,altitude_high,5,ifs_hres,pangu_hres_init,0.4204960158882963,-0.14000796874663402,-0.5606944066542221,-0.6207453725486637,-0.5045422673412202,0.0,1.0
24,altitude_stratum,altitude_high,7,graphcast_hres_init,pangu_hres_init,0.13405080368499955,-0.1661495332723535,-0.30002719045462684,-0.3582789640654131,-0.2458715266706578,0.0,1.0
24,altitude_stratum,altitude_high,7,ifs_hres,graphcast_hres_init,0.2864452122032968,0.026141564525719474,-0.25974259310673675,-0.30228712582239536,-0.21476473380083827,0.0,0.0095
24,altitude_stratum,altitude_high,7,ifs_hres,pangu_hres_init,0.4204960158882963,-0.14000796874663402,-0.5597697835613638,-0.6223060583782158,-0.5025838483344363,0.0,1.0
24,altitude_stratum,altitude_low,1,graphcast_hres_init,pangu_hres_init,-0.009813993342495553,-0.04475439641403356,-0.035271628104574244,-0.05254489310144133,-0.01864982784654622,0.0,0.1955
24,altitude_stratum,altitude_low,1,ifs_hres,graphcast_hres_init,0.16698684199793912,0.07797667533651853,-0.08854939176909066,-0.10825525656742165,-0.06955184390471872,0.0,0.0
24,altitude_stratum,altitude_low,1,ifs_hres,pangu_hres_init,0.15717284865544356,0.03322227892248497,-0.1238210198736649,-0.14586792473653482,-0.10157442719664708,0.0,0.011
24,altitude_stratum,altitude_low,3,graphcast_hres_init,pangu_hres_init,-0.009813993342495553,-0.04475439641403356,-0.03498592135253569,-0.053239349937492075,-0.01679195051740502,0.0,0.2305
24,altitude_stratum,altitude_low,3,ifs_hres,graphcast_hres_init,0.16698684199793912,0.07797667533651853,-0.08876507719821675,-0.11028953056407755,-0.06718898380041556,0.0,0.0
24,altitude_stratum,altitude_low,3,ifs_hres,pangu_hres_init,0.15717284865544356,0.03322227892248497,-0.12375099855075246,-0.14637561169471228,-0.10083029554167046,0.0,0.0165
24,altitude_stratum,altitude_low,5,graphcast_hres_init,pangu_hres_init,-0.009813993342495553,-0.04475439641403356,-0.035025819384611315,-0.054314226316812535,-0.016710368290142767,0.0,0.247
24,altitude_stratum,altitude_low,5,ifs_hres,graphcast_hres_init,0.16698684199793912,0.07797667533651853,-0.08903816223633956,-0.11326089919719896,-0.0659407534270227,0.0,0.0
24,altitude_stratum,altitude_low,5,ifs_hres,pangu_hres_init,0.15717284865544356,0.03322227892248497,-0.12406398162095086,-0.1473494004373204,-0.10053520583488663,0.0,0.031
24,altitude_stratum,altitude_low,7,graphcast_hres_init,pangu_hres_init,-0.009813993342495553,-0.04475439641403356,-0.035038004862622305,-0.054178861109906565,-0.01645513124487192,0.0,0.2545
24,altitude_stratum,altitude_low,7,ifs_hres,graphcast_hres_init,0.16698684199793912,0.07797667533651853,-0.08890693370365216,-0.11301892055293497,-0.06494825948445934,0.0,0.0
24,altitude_stratum,altitude_low,7,ifs_hres,pangu_hres_init,0.15717284865544356,0.03322227892248497,-0.12394493856627446,-0.14768278311716465,-0.09775242423180402,0.0,0.034
24,altitude_stratum,altitude_mid,1,graphcast_hres_init,pangu_hres_init,0.09451602926525249,-0.002313066008749365,-0.09695442246356215,-0.12023909176505011,-0.07465140147355878,0.0,0.5925
24,altitude_stratum,altitude_mid,1,ifs_hres,graphcast_hres_init,0.2174938319857983,0.1517782450147913,-0.06528023757102586,-0.08911507676054367,-0.040628183547738485,0.0,0.0
24,altitude_stratum,altitude_mid,1,ifs_hres,pangu_hres_init,0.3120098612510508,0.14946517900604195,-0.162234660034588,-0.18967324342097064,-0.13396297077112088,0.0,0.0
24,altitude_stratum,altitude_mid,3,graphcast_hres_init,pangu_hres_init,0.09451602926525249,-0.002313066008749365,-0.09660557527531219,-0.12212588735840538,-0.07131554285887333,0.0,0.5355
24,altitude_stratum,altitude_mid,3,ifs_hres,graphcast_hres_init,0.2174938319857983,0.1517782450147913,-0.06596793311777163,-0.09194148703146006,-0.04037561294590885,0.0,0.0
24,altitude_stratum,altitude_mid,3,ifs_hres,pangu_hres_init,0.3120098612510508,0.14946517900604195,-0.16257350839308385,-0.18970215846852523,-0.13618215778609538,0.0,0.0
24,altitude_stratum,altitude_mid,5,graphcast_hres_init,pangu_hres_init,0.09451602926525249,-0.002313066008749365,-0.09671153365122767,-0.1235015334193995,-0.07116843118014163,0.0,0.5445
24,altitude_stratum,altitude_mid,5,ifs_hres,graphcast_hres_init,0.2174938319857983,0.1517782450147913,-0.06583061524032405,-0.09423391762454349,-0.0368544309820332,0.0,0.0
24,altitude_stratum,altitude_mid,5,ifs_hres,pangu_hres_init,0.3120098612510508,0.14946517900604195,-0.16254214889155175,-0.19131607795678449,-0.13537151353598495,0.0,0.0
24,altitude_stratum,altitude_mid,7,graphcast_hres_init,pangu_hres_init,0.09451602926525249,-0.002313066008749365,-0.0966950548581421,-0.12331560791563767,-0.06952871393396222,0.0,0.5425
24,altitude_stratum,altitude_mid,7,ifs_hres,graphcast_hres_init,0.2174938319857983,0.1517782450147913,-0.0657827288974533,-0.0952392996012679,-0.03836841434596447,0.0,0.0
24,altitude_stratum,altitude_mid,7,ifs_hres,pangu_hres_init,0.3120098612510508,0.14946517900604195,-0.1624777837555954,-0.1901500646381201,-0.13689745361550354,0.0,0.0
24,coast_stratum,coast_0_25km,1,graphcast_hres_init,pangu_hres_init,0.05212950304585251,-0.06363659067875793,-0.11569039862036593,-0.13536215294622114,-0.0950440796195202,0.0,1.0
24,coast_stratum,coast_0_25km,1,ifs_hres,graphcast_hres_init,0.2603252494310616,0.09682405102266523,-0.16370762876808015,-0.18386672729976558,-0.14323990930894526,0.0,0.0
24,coast_stratum,coast_0_25km,1,ifs_hres,pangu_hres_init,0.3124547524769141,0.033187460343907293,-0.27939802738844605,-0.30426555055676263,-0.25498953584836814,0.0,0.009
24,coast_stratum,coast_0_25km,3,graphcast_hres_init,pangu_hres_init,0.05212950304585251,-0.06363659067875793,-0.11553882306853268,-0.13871332386646695,-0.09165979145678756,0.0,1.0
24,coast_stratum,coast_0_25km,3,ifs_hres,graphcast_hres_init,0.2603252494310616,0.09682405102266523,-0.16329231745719075,-0.18679077827152482,-0.13945710123899754,0.0,0.0
24,coast_stratum,coast_0_25km,3,ifs_hres,pangu_hres_init,0.3124547524769141,0.033187460343907293,-0.2788311405257234,-0.3051742304614816,-0.25235397683729155,0.0,0.0195
24,coast_stratum,coast_0_25km,5,graphcast_hres_init,pangu_hres_init,0.05212950304585251,-0.06363659067875793,-0.11580918327528371,-0.13908777671355566,-0.09241313873335168,0.0,0.9995
24,coast_stratum,coast_0_25km,5,ifs_hres,graphcast_hres_init,0.2603252494310616,0.09682405102266523,-0.1634648473367393,-0.18888148389932502,-0.1389131403734134,0.0,0.0
24,coast_stratum,coast_0_25km,5,ifs_hres,pangu_hres_init,0.3124547524769141,0.033187460343907293,-0.279274030612023,-0.306294420045382,-0.25215195777291727,0.0,0.0235
24,coast_stratum,coast_0_25km,7,graphcast_hres_init,pangu_hres_init,0.05212950304585251,-0.06363659067875793,-0.11552444973284239,-0.14048520930529138,-0.09127643356554706,0.0,0.999
24,coast_stratum,coast_0_25km,7,ifs_hres,graphcast_hres_init,0.2603252494310616,0.09682405102266523,-0.16359132621072484,-0.18800246606573057,-0.1393134881718674,0.0,0.0
24,coast_stratum,coast_0_25km,7,ifs_hres,pangu_hres_init,0.3124547524769141,0.033187460343907293,-0.27911577594356723,-0.306090705756485,-0.2539743226524985,0.0,0.0255
24,coast_stratum,interior_gt25km,1,graphcast_hres_init,pangu_hres_init,0.09624405180126128,-0.0807708364963684,-0.1766687007755975,-0.20392636869528924,-0.15069401701436588,0.0,1.0
24,coast_stratum,interior_gt25km,1,ifs_hres,graphcast_hres_init,0.1819428605525093,0.0714816413418704,-0.11025245649626789,-0.13531309188357857,-0.08481599079716035,0.0,0.0
24,coast_stratum,interior_gt25km,1,ifs_hres,pangu_hres_init,0.2781869123537706,-0.009289195154497998,-0.28692115727186535,-0.323016065509872,-0.25245020297743476,0.0,0.7635
24,coast_stratum,interior_gt25km,3,graphcast_hres_init,pangu_hres_init,0.09624405180126128,-0.0807708364963684,-0.17739444129463744,-0.20758440228147368,-0.1484177996783946,0.0,1.0
24,coast_stratum,interior_gt25km,3,ifs_hres,graphcast_hres_init,0.1819428605525093,0.0714816413418704,-0.11049191465122528,-0.14048697269818788,-0.08102875803270856,0.0,0.0
24,coast_stratum,interior_gt25km,3,ifs_hres,pangu_hres_init,0.2781869123537706,-0.009289195154497998,-0.28788635594586265,-0.32578625908877706,-0.25022624465242327,0.0,0.738
24,coast_stratum,interior_gt25km,5,graphcast_hres_init,pangu_hres_init,0.09624405180126128,-0.0807708364963684,-0.17712353777196432,-0.20986020266548208,-0.14511468292632507,0.0,1.0
24,coast_stratum,interior_gt25km,5,ifs_hres,graphcast_hres_init,0.1819428605525093,0.0714816413418704,-0.11064186760345444,-0.1430219319945237,-0.07705900920663254,0.0,0.0
24,coast_stratum,interior_gt25km,5,ifs_hres,pangu_hres_init,0.2781869123537706,-0.009289195154497998,-0.28776540537541884,-0.32987680021757415,-0.24755564178146872,0.0,0.7105
24,coast_stratum,interior_gt25km,7,graphcast_hres_init,pangu_hres_init,0.09624405180126128,-0.0807708364963684,-0.17751512975117079,-0.2109953619956777,-0.1435579525197893,0.0,1.0
24,coast_stratum,interior_gt25km,7,ifs_hres,graphcast_hres_init,0.1819428605525093,0.0714816413418704,-0.11042537592960426,-0.14457222121728555,-0.07652393140439745,0.0,0.0
24,coast_stratum,interior_gt25km,7,ifs_hres,pangu_hres_init,0.2781869123537706,-0.009289195154497998,-0.287940505680775,-0.33101566084227035,-0.24431317260679938,0.0,0.6965
48,all_eligible,all,1,graphcast_hres_init,pangu_hres_init,0.08868165399626793,-0.07972162664737259,-0.16840159207111371,-0.191016821323135,-0.1455131446157248,0.0,1.0
48,all_eligible,all,1,ifs_hres,graphcast_hres_init,0.2601878600248341,0.10607346400766171,-0.15411808806238705,-0.17464414152025512,-0.13392144059500305,0.0,0.0
48,all_eligible,all,1,ifs_hres,pangu_hres_init,0.348869514021102,0.02635183736028912,-0.32251968013350074,-0.35195314478544615,-0.29352624282532913,0.0,0.0505
48,all_eligible,all,3,graphcast_hres_init,pangu_hres_init,0.08868165399626793,-0.07972162664737259,-0.16858811753747108,-0.19390483739065822,-0.1434711689675242,0.0,1.0
48,all_eligible,all,3,ifs_hres,graphcast_hres_init,0.2601878600248341,0.10607346400766171,-0.15455817926343757,-0.17845619755458939,-0.1307458182092628,0.0,0.0
48,all_eligible,all,3,ifs_hres,pangu_hres_init,0.348869514021102,0.02635183736028912,-0.3231462968009088,-0.35696655627243923,-0.2896291892784326,0.0,0.0645
48,all_eligible,all,5,graphcast_hres_init,pangu_hres_init,0.08868165399626793,-0.07972162664737259,-0.1680301045075582,-0.1943621253809081,-0.14176337886867205,0.0,1.0
48,all_eligible,all,5,ifs_hres,graphcast_hres_init,0.2601878600248341,0.10607346400766171,-0.15410090609320312,-0.1792134916749693,-0.13031830600788613,0.0,0.0
48,all_eligible,all,5,ifs_hres,pangu_hres_init,0.348869514021102,0.02635183736028912,-0.3221310106007613,-0.3558169941528817,-0.2896533173603221,0.0,0.079
48,all_eligible,all,7,graphcast_hres_init,pangu_hres_init,0.08868165399626793,-0.07972162664737259,-0.16843786041042608,-0.19638196724068485,-0.1417290374994929,0.0,1.0
48,all_eligible,all,7,ifs_hres,graphcast_hres_init,0.2601878600248341,0.10607346400766171,-0.15452774257881666,-0.18009348145394477,-0.13142533149968377,0.0,0.0
48,all_eligible,all,7,ifs_hres,pangu_hres_init,0.348869514021102,0.02635183736028912,-0.3229656029892427,-0.35770734567412626,-0.28963148491933033,0.0,0.0975
48,altitude_stratum,altitude_high,1,graphcast_hres_init,pangu_hres_init,0.18839026936370695,-0.20376900251693386,-0.3924940685091889,-0.43836764631915354,-0.34728503534257443,0.0,1.0
48,altitude_stratum,altitude_high,1,ifs_hres,graphcast_hres_init,0.32957199753617417,0.034733560289005316,-0.2946461840497518,-0.3341988899374875,-0.2575508182060875,0.0,0.005
48,altitude_stratum,altitude_high,1,ifs_hres,pangu_hres_init,0.5179622668998811,-0.16903544222792855,-0.6871402525589408,-0.7390873642391321,-0.6359203963110016,0.0,1.0
48,altitude_stratum,altitude_high,3,graphcast_hres_init,pangu_hres_init,0.18839026936370695,-0.20376900251693386,-0.3932293773008387,-0.44881460093556264,-0.3380112969870627,0.0,1.0
48,altitude_stratum,altitude_high,3,ifs_hres,graphcast_hres_init,0.32957199753617417,0.034733560289005316,-0.2955529422214041,-0.3435626110661881,-0.24810196026111744,0.0,0.0125
48,altitude_stratum,altitude_high,3,ifs_hres,pangu_hres_init,0.5179622668998811,-0.16903544222792855,-0.6887823195222429,-0.753947224343414,-0.6210395148222453,0.0,1.0
48,altitude_stratum,altitude_high,5,graphcast_hres_init,pangu_hres_init,0.18839026936370695,-0.20376900251693386,-0.39257753223857483,-0.45392806374521544,-0.3346999940464803,0.0,1.0
48,altitude_stratum,altitude_high,5,ifs_hres,graphcast_hres_init,0.32957199753617417,0.034733560289005316,-0.29525491971872136,-0.3489561049942917,-0.24264991151214738,0.0,0.0165
48,altitude_stratum,altitude_high,5,ifs_hres,pangu_hres_init,0.5179622668998811,-0.16903544222792855,-0.6878324519572961,-0.7563763913423549,-0.6183526957737515,0.0,1.0
48,altitude_stratum,altitude_high,7,graphcast_hres_init,pangu_hres_init,0.18839026936370695,-0.20376900251693386,-0.3920337505721619,-0.456552681187925,-0.33374083178321523,0.0,1.0
48,altitude_stratum,altitude_high,7,ifs_hres,graphcast_hres_init,0.32957199753617417,0.034733560289005316,-0.2947630299303123,-0.3479368285902187,-0.2395106027542768,0.0,0.022
48,altitude_stratum,altitude_high,7,ifs_hres,pangu_hres_init,0.5179622668998811,-0.16903544222792855,-0.6867967805024742,-0.7615284368186063,-0.6138250122499052,0.0,1.0
48,altitude_stratum,altitude_low,1,graphcast_hres_init,pangu_hres_init,-0.028010751627581043,-0.05897865195230212,-0.030956735301129423,-0.05226105012403939,-0.008957597181092567,0.0035,0.0145
48,altitude_stratum,altitude_low,1,ifs_hres,graphcast_hres_init,0.19465442727503646,0.10858685642366384,-0.08551891443234831,-0.10684280746377994,-0.06344296110131108,0.0,0.0
48,altitude_stratum,altitude_low,1,ifs_hres,pangu_hres_init,0.1666436756474554,0.049608204471361717,-0.11647564973347772,-0.14308848730907736,-0.08837953873260011,0.0,0.002
48,altitude_stratum,altitude_low,3,graphcast_hres_init,pangu_hres_init,-0.028010751627581043,-0.05897865195230212,-0.030879533128382996,-0.055904933840850005,-0.0073775989820526735,0.006,0.028
48,altitude_stratum,altitude_low,3,ifs_hres,graphcast_hres_init,0.19465442727503646,0.10858685642366384,-0.08617158224803986,-0.11282324974033416,-0.05856192102811616,0.0,0.0
48,altitude_stratum,altitude_low,3,ifs_hres,pangu_hres_init,0.1666436756474554,0.049608204471361717,-0.11705111537642286,-0.14904376728716498,-0.08659884313707117,0.0,0.0055
48,altitude_stratum,altitude_low,5,graphcast_hres_init,pangu_hres_init,-0.028010751627581043,-0.05897865195230212,-0.031144089010776043,-0.05776216627908226,-0.0053747919039025295,0.008,0.0455
48,altitude_stratum,altitude_low,5,ifs_hres,graphcast_hres_init,0.19465442727503646,0.10858685642366384,-0.0860176433769697,-0.11339774775618633,-0.05808842282276823,0.0,0.0
48,altitude_stratum,altitude_low,5,ifs_hres,pangu_hres_init,0.1666436756474554,0.049608204471361717,-0.11716173238774576,-0.1500050986446476,-0.08566590989027506,0.0,0.0115
48,altitude_stratum,altitude_low,7,graphcast_hres_init,pangu_hres_init,-0.028010751627581043,-0.05897865195230212,-0.030496025779138056,-0.05524299131405389,-0.00592529820612754,0.01,0.043
48,altitude_stratum,altitude_low,7,ifs_hres,graphcast_hres_init,0.19465442727503646,0.10858685642366384,-0.08632073277221611,-0.11386233047404669,-0.05568361294273106,0.0,0.0
48,altitude_stratum,altitude_low,7,ifs_hres,pangu_hres_init,0.1666436756474554,0.049608204471361717,-0.11681675855135415,-0.1502235002493168,-0.08281002197374933,0.0,0.0135
48,altitude_stratum,altitude_mid,1,graphcast_hres_init,pangu_hres_init,0.10545853788929305,0.025743537083691592,-0.07999941563961399,-0.11084668397250519,-0.051101876883753665,0.0,0.0425
48,altitude_stratum,altitude_mid,1,ifs_hres,graphcast_hres_init,0.2557209892218426,0.17607644007870027,-0.07963828540684832,-0.10506709919861376,-0.05243409825170293,0.0,0.0
48,altitude_stratum,altitude_mid,1,ifs_hres,pangu_hres_init,0.36117952711113566,0.20181997716239186,-0.1596377010464623,-0.19352570766365942,-0.1258716269267223,0.0,0.0
48,altitude_stratum,altitude_mid,3,graphcast_hres_init,pangu_hres_init,0.10545853788929305,0.025743537083691592,-0.08041818135881951,-0.11523550313840646,-0.048235075368446054,0.0,0.081
48,altitude_stratum,altitude_mid,3,ifs_hres,graphcast_hres_init,0.2557209892218426,0.17607644007870027,-0.08023145821031878,-0.10823199753424362,-0.05190033693735855,0.0,0.0
48,altitude_stratum,altitude_mid,3,ifs_hres,pangu_hres_init,0.36117952711113566,0.20181997716239186,-0.16064963956913828,-0.19534209190586305,-0.12705544542913183,0.0,0.0
48,altitude_stratum,altitude_mid,5,graphcast_hres_init,pangu_hres_init,0.10545853788929305,0.025743537083691592,-0.08016507563700626,-0.11215877143796803,-0.04868311752832347,0.0,0.0875
48,altitude_stratum,altitude_mid,5,ifs_hres,graphcast_hres_init,0.2557209892218426,0.17607644007870027,-0.07916559809699927,-0.10901997056185544,-0.05017939554540071,0.0,0.0
48,altitude_stratum,altitude_mid,5,ifs_hres,pangu_hres_init,0.36117952711113566,0.20181997716239186,-0.15933067373400553,-0.19646831068647272,-0.12099248808700559,0.0,0.0
48,altitude_stratum,altitude_mid,7,graphcast_hres_init,pangu_hres_init,0.10545853788929305,0.025743537083691592,-0.07959374876012326,-0.11144005798997879,-0.04665549870165331,0.0,0.093
48,altitude_stratum,altitude_mid,7,ifs_hres,graphcast_hres_init,0.2557209892218426,0.17607644007870027,-0.07958022517969841,-0.1088973569553205,-0.050338017088597815,0.0,0.0
48,altitude_stratum,altitude_mid,7,ifs_hres,pangu_hres_init,0.36117952711113566,0.20181997716239186,-0.1591739739398217,-0.1956661219260661,-0.123524950304752,0.0,0.0
48,coast_stratum,coast_0_25km,1,graphcast_hres_init,pangu_hres_init,0.045341307548637744,-0.08725832611260631,-0.1326122405821046,-0.15579528886409585,-0.10839957074601923,0.0,1.0
48,coast_stratum,coast_0_25km,1,ifs_hres,graphcast_hres_init,0.3017395045466613,0.12121452797240795,-0.1805527947655826,-0.20470326605157801,-0.15524337102353622,0.0,0.0
48,coast_stratum,coast_0_25km,1,ifs_hres,pangu_hres_init,0.34708081209529906,0.03395620185980164,-0.3131650353476872,-0.34502032791482984,-0.2824521056627181,0.0,0.0175
48,coast_stratum,coast_0_25km,3,graphcast_hres_init,pangu_hres_init,0.045341307548637744,-0.08725832611260631,-0.13262453148372105,-0.16068384165221986,-0.10560141235784512,0.0,0.998
48,coast_stratum,coast_0_25km,3,ifs_hres,graphcast_hres_init,0.3017395045466613,0.12121452797240795,-0.1810370940414305,-0.21017102627323192,-0.1517219370875823,0.0,0.0
48,coast_stratum,coast_0_25km,3,ifs_hres,pangu_hres_init,0.34708081209529906,0.03395620185980164,-0.31366162552515153,-0.34970704670247543,-0.276726053143701,0.0,0.028
48,coast_stratum,coast_0_25km,5,graphcast_hres_init,pangu_hres_init,0.045341307548637744,-0.08725832611260631,-0.13337839589236705,-0.16270192983767587,-0.10586438506527168,0.0,0.9945
48,coast_stratum,coast_0_25km,5,ifs_hres,graphcast_hres_init,0.3017395045466613,0.12121452797240795,-0.18042195383521942,-0.2112344067597708,-0.14978215503305217,0.0,0.0
48,coast_stratum,coast_0_25km,5,ifs_hres,pangu_hres_init,0.34708081209529906,0.03395620185980164,-0.31380034972758647,-0.3525342328425025,-0.27431023414411193,0.0,0.048
48,coast_stratum,coast_0_25km,7,graphcast_hres_init,pangu_hres_init,0.045341307548637744,-0.08725832611260631,-0.1330266807665833,-0.16199331249982593,-0.10500598817216579,0.0,0.9945
48,coast_stratum,coast_0_25km,7,ifs_hres,graphcast_hres_init,0.3017395045466613,0.12121452797240795,-0.1802199470129802,-0.2100207914019168,-0.15120010803772818,0.0,0.0
48,coast_stratum,coast_0_25km,7,ifs_hres,pangu_hres_init,0.34708081209529906,0.03395620185980164,-0.31324662777956347,-0.3511574635467807,-0.2732446589459499,0.0,0.0535
48,coast_stratum,interior_gt25km,1,graphcast_hres_init,pangu_hres_init,0.13806024201205647,-0.07107039946518001,-0.2090110188964262,-0.23984272581669638,-0.17741811918999645,0.0,1.0
48,coast_stratum,interior_gt25km,1,ifs_hres,graphcast_hres_init,0.21234230975872315,0.08914912435785216,-0.12298501127105692,-0.15072423020548462,-0.0971338345975015,0.0,0.0
48,coast_stratum,interior_gt25km,1,ifs_hres,pangu_hres_init,0.3504025517707796,0.01807872489267215,-0.33199603016748314,-0.3729608864694563,-0.29158952769022295,0.0,0.157
48,coast_stratum,interior_gt25km,3,graphcast_hres_init,pangu_hres_init,0.13806024201205647,-0.07107039946518001,-0.20898702193484514,-0.24474164903917678,-0.1760329184326107,0.0,1.0
48,coast_stratum,interior_gt25km,3,ifs_hres,graphcast_hres_init,0.21234230975872315,0.08914912435785216,-0.12332833442229199,-0.1569390109669626,-0.09088639988937858,0.0,0.0
48,coast_stratum,interior_gt25km,3,ifs_hres,pangu_hres_init,0.3504025517707796,0.01807872489267215,-0.33231535635713716,-0.3776953038023721,-0.2885097042439832,0.0,0.179
48,coast_stratum,interior_gt25km,5,graphcast_hres_init,pangu_hres_init,0.13806024201205647,-0.07107039946518001,-0.20969900652810625,-0.2459747639915721,-0.17463321997866202,0.0,1.0
48,coast_stratum,interior_gt25km,5,ifs_hres,graphcast_hres_init,0.21234230975872315,0.08914912435785216,-0.12299150529250852,-0.15726158278582567,-0.08875463051066834,0.0,0.0
48,coast_stratum,interior_gt25km,5,ifs_hres,pangu_hres_init,0.3504025517707796,0.01807872489267215,-0.3326905118206148,-0.3829396904087307,-0.28584556437421166,0.0,0.1975
48,coast_stratum,interior_gt25km,7,graphcast_hres_init,pangu_hres_init,0.13806024201205647,-0.07107039946518001,-0.20889296192471357,-0.24649330294007543,-0.173533259865454,0.0,1.0
48,coast_stratum,interior_gt25km,7,ifs_hres,graphcast_hres_init,0.21234230975872315,0.08914912435785216,-0.12288728101801634,-0.1590827352355412,-0.08478299957083156,0.0,0.0
48,coast_stratum,interior_gt25km,7,ifs_hres,pangu_hres_init,0.3504025517707796,0.01807872489267215,-0.33178024294272995,-0.3827127940179951,-0.2813443537310355,0.0,0.2195
72,all_eligible,all,1,graphcast_hres_init,pangu_hres_init,0.08764713955698478,-0.07476834530930665,-0.16240531169707378,-0.18617264182492402,-0.14128063260844703,0.0,1.0
72,all_eligible,all,1,ifs_hres,graphcast_hres_init,0.280047590295019,0.13271945836335908,-0.14786974188211036,-0.1711290232474252,-0.1256338448764332,0.0,0.0
72,all_eligible,all,1,ifs_hres,pangu_hres_init,0.3676947298520038,0.05795111305405243,-0.31027505357918417,-0.33844572423343394,-0.2831872018091365,0.0,0.0015
72,all_eligible,all,3,graphcast_hres_init,pangu_hres_init,0.08764713955698478,-0.07476834530930665,-0.16252255252788525,-0.18887390965226994,-0.13733812783150204,0.0,1.0
72,all_eligible,all,3,ifs_hres,graphcast_hres_init,0.280047590295019,0.13271945836335908,-0.14724598655835672,-0.17358159348922084,-0.12051492795393624,0.0,0.0
72,all_eligible,all,3,ifs_hres,pangu_hres_init,0.3676947298520038,0.05795111305405243,-0.30976853908624197,-0.3431555722609235,-0.27829019164972496,0.0,0.003
72,all_eligible,all,5,graphcast_hres_init,pangu_hres_init,0.08764713955698478,-0.07476834530930665,-0.16232895766607477,-0.18772214195656323,-0.13678468044557404,0.0,1.0
72,all_eligible,all,5,ifs_hres,graphcast_hres_init,0.280047590295019,0.13271945836335908,-0.14759212262328422,-0.1750904296005891,-0.12000312872319437,0.0,0.0
72,all_eligible,all,5,ifs_hres,pangu_hres_init,0.3676947298520038,0.05795111305405243,-0.309921080289359,-0.3449604725585881,-0.2768242928871186,0.0,0.01
72,all_eligible,all,7,graphcast_hres_init,pangu_hres_init,0.08764713955698478,-0.07476834530930665,-0.16228606274973814,-0.1882274224810099,-0.1369001578456026,0.0,1.0
72,all_eligible,all,7,ifs_hres,graphcast_hres_init,0.280047590295019,0.13271945836335908,-0.1470970188580569,-0.17453813230037343,-0.11826617945394138,0.0,0.0
72,all_eligible,all,7,ifs_hres,pangu_hres_init,0.3676947298520038,0.05795111305405243,-0.3093830816077951,-0.3451982846512328,-0.272236764189067,0.0,0.011
72,altitude_stratum,altitude_high,1,graphcast_hres_init,pangu_hres_init,0.19044979918098381,-0.2098777911378571,-0.4011114990864068,-0.44465625900069733,-0.3549977210240833,0.0,1.0
72,altitude_stratum,altitude_high,1,ifs_hres,graphcast_hres_init,0.3565022477178106,0.05629316983886534,-0.2997591820689688,-0.34080483716992277,-0.2602644047613644,0.0,0.001
72,altitude_stratum,altitude_high,1,ifs_hres,pangu_hres_init,0.5469520468987944,-0.15358462129899175,-0.7008706811553757,-0.7523036121940333,-0.6495681468711353,0.0,1.0
72,altitude_stratum,altitude_high,3,graphcast_hres_init,pangu_hres_init,0.19044979918098381,-0.2098777911378571,-0.40116500727822774,-0.4588091277683454,-0.34385859926882556,0.0,1.0
72,altitude_stratum,altitude_high,3,ifs_hres,graphcast_hres_init,0.3565022477178106,0.05629316983886534,-0.29981223942817276,-0.3486254623847406,-0.2514553078598133,0.0,0.001
72,altitude_stratum,altitude_high,3,ifs_hres,pangu_hres_init,0.5469520468987944,-0.15358462129899175,-0.7009772467064006,-0.7668292142896327,-0.6347521518304017,0.0,1.0
72,altitude_stratum,altitude_high,5,graphcast_hres_init,pangu_hres_init,0.19044979918098381,-0.2098777911378571,-0.40119387477800855,-0.46262489486316793,-0.34264517915186116,0.0,1.0
72,altitude_stratum,altitude_high,5,ifs_hres,graphcast_hres_init,0.3565022477178106,0.05629316983886534,-0.2998442961621746,-0.35525300822523725,-0.24538775332533497,0.0,0.002
72,altitude_stratum,altitude_high,5,ifs_hres,pangu_hres_init,0.5469520468987944,-0.15358462129899175,-0.7010381709401832,-0.7754298928982679,-0.6321626875856197,0.0,1.0
72,altitude_stratum,altitude_high,7,graphcast_hres_init,pangu_hres_init,0.19044979918098381,-0.2098777911378571,-0.40053578229384407,-0.46081680065459096,-0.3421921081776874,0.0,1.0
72,altitude_stratum,altitude_high,7,ifs_hres,graphcast_hres_init,0.3565022477178106,0.05629316983886534,-0.30126511223665614,-0.35437144014382843,-0.24343779450680447,0.0,0.0015
72,altitude_stratum,altitude_high,7,ifs_hres,pangu_hres_init,0.5469520468987944,-0.15358462129899175,-0.7018008945305003,-0.7765499829694976,-0.6275992159287036,0.0,1.0
72,altitude_stratum,altitude_low,1,graphcast_hres_init,pangu_hres_init,-0.027094046430407914,-0.05597564240924191,-0.02899030466538535,-0.051762572339655574,-0.006050889083033942,0.007,0.0415
72,altitude_stratum,altitude_low,1,ifs_hres,graphcast_hres_init,0.1994688871236494,0.13087380874140297,-0.0689008611793432,-0.09568977763647356,-0.041422507455646365,0.0,0.0
72,altitude_stratum,altitude_low,1,ifs_hres,pangu_hres_init,0.1723748406932415,0.07489816633216106,-0.09789116584472857,-0.124799042811024,-0.06904424153038481,0.0,0.0
72,altitude_stratum,altitude_low,3,graphcast_hres_init,pangu_hres_init,-0.027094046430407914,-0.05597564240924191,-0.02865806907284454,-0.05541192384429638,-0.0007101964958128034,0.021,0.08
72,altitude_stratum,altitude_low,3,ifs_hres,graphcast_hres_init,0.1994688871236494,0.13087380874140297,-0.06815682065290656,-0.09814221845963596,-0.03616349288253026,0.0,0.0
72,altitude_stratum,altitude_low,3,ifs_hres,pangu_hres_init,0.1723748406932415,0.07489816633216106,-0.09681488972575113,-0.1271655299490204,-0.06512884111744527,0.0,0.0005
72,altitude_stratum,altitude_low,5,graphcast_hres_init,pangu_hres_init,-0.027094046430407914,-0.05597564240924191,-0.028361802211234775,-0.05684389247833517,0.0003632765059028812,0.0255,0.075
72,altitude_stratum,altitude_low,5,ifs_hres,graphcast_hres_init,0.1994688871236494,0.13087380874140297,-0.06889605714167502,-0.10090930940305926,-0.03451079817379832,0.0,0.0
72,altitude_stratum,altitude_low,5,ifs_hres,pangu_hres_init,0.1723748406932415,0.07489816633216106,-0.09725785935290979,-0.13098490574398935,-0.0640284397637727,0.0,0.002
72,altitude_stratum,altitude_low,7,graphcast_hres_init,pangu_hres_init,-0.027094046430407914,-0.05597564240924191,-0.028808742303683715,-0.05877943557543504,-0.000726494195775165,0.021,0.0825
72,altitude_stratum,altitude_low,7,ifs_hres,graphcast_hres_init,0.1994688871236494,0.13087380874140297,-0.06805174961558398,-0.10212867609367067,-0.03143078781799676,0.0,0.0
72,altitude_stratum,altitude_low,7,ifs_hres,pangu_hres_init,0.1723748406932415,0.07489816633216106,-0.0968604919192677,-0.1331480240625249,-0.06129140327997649,0.0,0.001
72,altitude_stratum,altitude_mid,1,graphcast_hres_init,pangu_hres_init,0.09911545410797729,0.044266808769957144,-0.054930327268396716,-0.08404186136439414,-0.024826901955740905,0.0,0.008
72,altitude_stratum,altitude_mid,1,ifs_hres,graphcast_hres_init,0.2835439118750973,0.21265650381926826,-0.07117790140978472,-0.10062167993429427,-0.0410975356010006,0.0,0.0
72,altitude_stratum,altitude_mid,1,ifs_hres,pangu_hres_init,0.3826593659830746,0.2569233125892254,-0.12610822867818144,-0.16033897934427707,-0.09019426898115812,0.0,0.0
72,altitude_stratum,altitude_mid,3,graphcast_hres_init,pangu_hres_init,0.09911545410797729,0.044266808769957144,-0.05414373709076785,-0.08736500546567463,-0.0191495159036485,0.0015,0.0235
72,altitude_stratum,altitude_mid,3,ifs_hres,graphcast_hres_init,0.2835439118750973,0.21265650381926826,-0.07114747372697172,-0.10366548883937446,-0.03577848856575325,0.0,0.0
72,altitude_stratum,altitude_mid,3,ifs_hres,pangu_hres_init,0.3826593659830746,0.2569233125892254,-0.12529121081773956,-0.16307384974336905,-0.0875093502661561,0.0,0.0
72,altitude_stratum,altitude_mid,5,graphcast_hres_init,pangu_hres_init,0.09911545410797729,0.044266808769957144,-0.055303077836169806,-0.08802210194917338,-0.021186221812325483,0.0,0.016
72,altitude_stratum,altitude_mid,5,ifs_hres,graphcast_hres_init,0.2835439118750973,0.21265650381926826,-0.07119609504008875,-0.10688784007823372,-0.03584955799186515,0.0,0.0
72,altitude_stratum,altitude_mid,5,ifs_hres,pangu_hres_init,0.3826593659830746,0.2569233125892254,-0.12649917287625853,-0.16579399177185497,-0.08978400532889998,0.0,0.0
72,altitude_stratum,altitude_mid,7,graphcast_hres_init,pangu_hres_init,0.09911545410797729,0.044266808769957144,-0.05443625617756084,-0.08740552672306504,-0.020770008423474522,0.0005,0.026
72,altitude_stratum,altitude_mid,7,ifs_hres,graphcast_hres_init,0.2835439118750973,0.21265650381926826,-0.07123701611904681,-0.10794637009538055,-0.035286171950430864,0.0,0.0
72,altitude_stratum,altitude_mid,7,ifs_hres,pangu_hres_init,0.3826593659830746,0.2569233125892254,-0.12567327229660766,-0.16400613154150098,-0.08620337918120162,0.0,0.0
72,coast_stratum,coast_0_25km,1,graphcast_hres_init,pangu_hres_init,0.03486342099395945,-0.09194032084193493,-0.12703894211559927,-0.1520933026845031,-0.1028376331958041,0.0,0.9775
72,coast_stratum,coast_0_25km,1,ifs_hres,graphcast_hres_init,0.3233527900152099,0.14330711778757133,-0.18079961850890808,-0.2079878491715277,-0.15347175917728964,0.0,0.0
72,coast_stratum,coast_0_25km,1,ifs_hres,pangu_hres_init,0.35821621100916934,0.051366796945636395,-0.3078385606245074,-0.34055759927448187,-0.27519496265859655,0.0,0.006
72,coast_stratum,coast_0_25km,3,graphcast_hres_init,pangu_hres_init,0.03486342099395945,-0.09194032084193493,-0.12666992848065198,-0.15476791850988797,-0.09866253145160882,0.0,0.955
72,coast_stratum,coast_0_25km,3,ifs_hres,graphcast_hres_init,0.3233527900152099,0.14330711778757133,-0.18015675491100427,-0.21404918518087174,-0.14756347242080226,0.0,0.0
72,coast_stratum,coast_0_25km,3,ifs_hres,pangu_hres_init,0.35821621100916934,0.051366796945636395,-0.30682668339165625,-0.34722615798316825,-0.2676714128505402,0.0,0.0105
72,coast_stratum,coast_0_25km,5,graphcast_hres_init,pangu_hres_init,0.03486342099395945,-0.09194032084193493,-0.12651279811152225,-0.15505898226307013,-0.09849794906014583,0.0,0.956
72,coast_stratum,coast_0_25km,5,ifs_hres,graphcast_hres_init,0.3233527900152099,0.14330711778757133,-0.18014229256856043,-0.21486652643850754,-0.14486820214257076,0.0,0.0
72,coast_stratum,coast_0_25km,5,ifs_hres,pangu_hres_init,0.35821621100916934,0.051366796945636395,-0.30665509068008273,-0.34885098617218907,-0.2651975827284753,0.0,0.0195
72,coast_stratum,coast_0_25km,7,graphcast_hres_init,pangu_hres_init,0.03486342099395945,-0.09194032084193493,-0.1266467819561016,-0.15609281838515163,-0.09821338372573173,0.0,0.9395
72,coast_stratum,coast_0_25km,7,ifs_hres,graphcast_hres_init,0.3233527900152099,0.14330711778757133,-0.18076135910915606,-0.21751579995030634,-0.14646476800368177,0.0,0.0
72,coast_stratum,coast_0_25km,7,ifs_hres,pangu_hres_init,0.35821621100916934,0.051366796945636395,-0.3074081410652576,-0.35065905763484967,-0.2664692797555598,0.0,0.0285
72,coast_stratum,interior_gt25km,1,graphcast_hres_init,pangu_hres_init,0.14791580730126008,-0.0552939202285192,-0.20341297041147036,-0.23461202141289064,-0.17163437742057383,0.0,1.0
72,coast_stratum,interior_gt25km,1,ifs_hres,graphcast_hres_init,0.23018233007499944,0.12117230647482491,-0.10909147499818395,-0.14142227547598774,-0.07812777967962142,0.0,0.0
72,coast_stratum,interior_gt25km,1,ifs_hres,pangu_hres_init,0.3780981373762595,0.06587838624630571,-0.3125044454096543,-0.3526510057581575,-0.27351213013645986,0.0,0.001
72,coast_stratum,interior_gt25km,3,graphcast_hres_init,pangu_hres_init,0.14791580730126008,-0.0552939202285192,-0.20284454235735425,-0.23730727775095217,-0.1689839219752397,0.0,0.9985
72,coast_stratum,interior_gt25km,3,ifs_hres,graphcast_hres_init,0.23018233007499944,0.12117230647482491,-0.10928093302294493,-0.14435583192361384,-0.07520730565093443,0.0,0.0
72,coast_stratum,interior_gt25km,3,ifs_hres,pangu_hres_init,0.3780981373762595,0.06587838624630571,-0.3121254753802992,-0.3570031216289117,-0.26818052695306294,0.0,0.008
72,coast_stratum,interior_gt25km,5,graphcast_hres_init,pangu_hres_init,0.14791580730126008,-0.0552939202285192,-0.20389049184418007,-0.24122423700332354,-0.16851790245023604,0.0,1.0
72,coast_stratum,interior_gt25km,5,ifs_hres,graphcast_hres_init,0.23018233007499944,0.12117230647482491,-0.10818213002978054,-0.14743385345776022,-0.070797620346991,0.0,0.0
72,coast_stratum,interior_gt25km,5,ifs_hres,pangu_hres_init,0.3780981373762595,0.06587838624630571,-0.3120726218739607,-0.3623389906714256,-0.2634856375475254,0.0,0.0095
72,coast_stratum,interior_gt25km,7,graphcast_hres_init,pangu_hres_init,0.14791580730126008,-0.0552939202285192,-0.20288098907243596,-0.23728138085028663,-0.1685682663233299,0.0,0.9995
72,coast_stratum,interior_gt25km,7,ifs_hres,graphcast_hres_init,0.23018233007499944,0.12117230647482491,-0.10991251675177986,-0.1492375645809107,-0.06830913603644156,0.0,0.0
72,coast_stratum,interior_gt25km,7,ifs_hres,pangu_hres_init,0.3780981373762595,0.06587838624630571,-0.31279350582421583,-0.36656595188416086,-0.25794192510560293,0.0,0.009
