lead_h,stratum_type,stratum,block_days,n_common_cases,n_stations,n_daily_blocks,avamet_winner,era5_winner,p_winners_differ,primary_pair,primary_effect_c,primary_effect_ci_low_c,primary_effect_ci_high_c,primary_pair_reversal_probability
24,all_eligible,all,1,102976,146,363,graphcast_hres_init,pangu_hres_init,1.0,graphcast_hres_init__minus__pangu_hres_init,-0.143945371817876,-0.16258459992760113,-0.12580102130216306,1.0
24,all_eligible,all,3,102976,146,363,graphcast_hres_init,pangu_hres_init,1.0,graphcast_hres_init__minus__pangu_hres_init,-0.14414192208072174,-0.16511657893984724,-0.12373871610843662,1.0
24,all_eligible,all,5,102976,146,363,graphcast_hres_init,pangu_hres_init,1.0,graphcast_hres_init__minus__pangu_hres_init,-0.14430457658717785,-0.16773189640810315,-0.122388112746844,1.0
24,all_eligible,all,7,102976,146,363,graphcast_hres_init,pangu_hres_init,1.0,graphcast_hres_init__minus__pangu_hres_init,-0.14451883510155789,-0.16756274048965525,-0.12137239374752473,1.0
24,altitude_stratum,altitude_high,1,34613,49,363,graphcast_hres_init,pangu_hres_init,1.0,graphcast_hres_init__minus__pangu_hres_init,-0.3006573433800838,-0.339989230703459,-0.26190774213975543,1.0
24,altitude_stratum,altitude_high,3,34613,49,363,graphcast_hres_init,pangu_hres_init,1.0,graphcast_hres_init__minus__pangu_hres_init,-0.30058708252000965,-0.3531742238136115,-0.2524200155370068,1.0
24,altitude_stratum,altitude_high,5,34613,49,363,graphcast_hres_init,pangu_hres_init,1.0,graphcast_hres_init__minus__pangu_hres_init,-0.29939777675476226,-0.3561329448386238,-0.2477096532198614,1.0
24,altitude_stratum,altitude_high,7,34613,49,363,graphcast_hres_init,pangu_hres_init,1.0,graphcast_hres_init__minus__pangu_hres_init,-0.30002719045462684,-0.3582789640654131,-0.2458715266706578,1.0
24,altitude_stratum,altitude_low,1,34497,49,363,graphcast_hres_init,graphcast_hres_init,0.1955,graphcast_hres_init__minus__pangu_hres_init,-0.035271628104574244,-0.05254489310144133,-0.01864982784654622,0.1955
24,altitude_stratum,altitude_low,3,34497,49,363,graphcast_hres_init,graphcast_hres_init,0.2305,graphcast_hres_init__minus__pangu_hres_init,-0.03498592135253569,-0.053239349937492075,-0.01679195051740502,0.2305
24,altitude_stratum,altitude_low,5,34497,49,363,graphcast_hres_init,graphcast_hres_init,0.247,graphcast_hres_init__minus__pangu_hres_init,-0.035025819384611315,-0.054314226316812535,-0.016710368290142767,0.247
24,altitude_stratum,altitude_low,7,34497,49,363,graphcast_hres_init,graphcast_hres_init,0.2545,graphcast_hres_init__minus__pangu_hres_init,-0.035038004862622305,-0.054178861109906565,-0.01645513124487192,0.2545
24,altitude_stratum,altitude_mid,1,33866,48,363,graphcast_hres_init,pangu_hres_init,0.5925,graphcast_hres_init__minus__pangu_hres_init,-0.09695442246356215,-0.12023909176505011,-0.07465140147355878,0.5925
24,altitude_stratum,altitude_mid,3,33866,48,363,graphcast_hres_init,pangu_hres_init,0.5355,graphcast_hres_init__minus__pangu_hres_init,-0.09660557527531219,-0.12212588735840538,-0.07131554285887333,0.5355
24,altitude_stratum,altitude_mid,5,33866,48,363,graphcast_hres_init,pangu_hres_init,0.5445,graphcast_hres_init__minus__pangu_hres_init,-0.09671153365122767,-0.1235015334193995,-0.07116843118014163,0.5445
24,altitude_stratum,altitude_mid,7,33866,48,363,graphcast_hres_init,pangu_hres_init,0.5425,graphcast_hres_init__minus__pangu_hres_init,-0.0966950548581421,-0.12331560791563767,-0.06952871393396222,0.5425
24,coast_stratum,coast_0_25km,1,55016,78,363,graphcast_hres_init,pangu_hres_init,1.0,graphcast_hres_init__minus__pangu_hres_init,-0.11569039862036593,-0.13536215294622114,-0.0950440796195202,1.0
24,coast_stratum,coast_0_25km,3,55016,78,363,graphcast_hres_init,pangu_hres_init,1.0,graphcast_hres_init__minus__pangu_hres_init,-0.11553882306853268,-0.13871332386646695,-0.09165979145678756,1.0
24,coast_stratum,coast_0_25km,5,55016,78,363,graphcast_hres_init,pangu_hres_init,0.9995,graphcast_hres_init__minus__pangu_hres_init,-0.11580918327528371,-0.13908777671355566,-0.09241313873335168,0.9995
24,coast_stratum,coast_0_25km,7,55016,78,363,graphcast_hres_init,pangu_hres_init,0.999,graphcast_hres_init__minus__pangu_hres_init,-0.11552444973284239,-0.14048520930529138,-0.09127643356554706,0.999
24,coast_stratum,interior_gt25km,1,47960,68,363,graphcast_hres_init,pangu_hres_init,1.0,graphcast_hres_init__minus__pangu_hres_init,-0.1766687007755975,-0.20392636869528924,-0.15069401701436588,1.0
24,coast_stratum,interior_gt25km,3,47960,68,363,graphcast_hres_init,pangu_hres_init,1.0,graphcast_hres_init__minus__pangu_hres_init,-0.17739444129463744,-0.20758440228147368,-0.1484177996783946,1.0
24,coast_stratum,interior_gt25km,5,47960,68,363,graphcast_hres_init,pangu_hres_init,1.0,graphcast_hres_init__minus__pangu_hres_init,-0.17712353777196432,-0.20986020266548208,-0.14511468292632507,1.0
24,coast_stratum,interior_gt25km,7,47960,68,363,graphcast_hres_init,pangu_hres_init,1.0,graphcast_hres_init__minus__pangu_hres_init,-0.17751512975117079,-0.2109953619956777,-0.1435579525197893,1.0
48,all_eligible,all,1,102694,146,362,graphcast_hres_init,pangu_hres_init,1.0,graphcast_hres_init__minus__pangu_hres_init,-0.16840159207111371,-0.191016821323135,-0.1455131446157248,1.0
48,all_eligible,all,3,102694,146,362,graphcast_hres_init,pangu_hres_init,1.0,graphcast_hres_init__minus__pangu_hres_init,-0.16858811753747108,-0.19390483739065822,-0.1434711689675242,1.0
48,all_eligible,all,5,102694,146,362,graphcast_hres_init,pangu_hres_init,1.0,graphcast_hres_init__minus__pangu_hres_init,-0.1680301045075582,-0.1943621253809081,-0.14176337886867205,1.0
48,all_eligible,all,7,102694,146,362,graphcast_hres_init,pangu_hres_init,1.0,graphcast_hres_init__minus__pangu_hres_init,-0.16843786041042608,-0.19638196724068485,-0.1417290374994929,1.0
48,altitude_stratum,altitude_high,1,34517,49,362,graphcast_hres_init,pangu_hres_init,1.0,graphcast_hres_init__minus__pangu_hres_init,-0.3924940685091889,-0.43836764631915354,-0.34728503534257443,1.0
48,altitude_stratum,altitude_high,3,34517,49,362,graphcast_hres_init,pangu_hres_init,1.0,graphcast_hres_init__minus__pangu_hres_init,-0.3932293773008387,-0.44881460093556264,-0.3380112969870627,1.0
48,altitude_stratum,altitude_high,5,34517,49,362,graphcast_hres_init,pangu_hres_init,1.0,graphcast_hres_init__minus__pangu_hres_init,-0.39257753223857483,-0.45392806374521544,-0.3346999940464803,1.0
48,altitude_stratum,altitude_high,7,34517,49,362,graphcast_hres_init,pangu_hres_init,1.0,graphcast_hres_init__minus__pangu_hres_init,-0.3920337505721619,-0.456552681187925,-0.33374083178321523,1.0
48,altitude_stratum,altitude_low,1,34405,49,362,graphcast_hres_init,graphcast_hres_init,0.0145,graphcast_hres_init__minus__pangu_hres_init,-0.030956735301129423,-0.05226105012403939,-0.008957597181092567,0.0145
48,altitude_stratum,altitude_low,3,34405,49,362,graphcast_hres_init,graphcast_hres_init,0.028,graphcast_hres_init__minus__pangu_hres_init,-0.030879533128382996,-0.055904933840850005,-0.0073775989820526735,0.028
48,altitude_stratum,altitude_low,5,34405,49,362,graphcast_hres_init,graphcast_hres_init,0.0455,graphcast_hres_init__minus__pangu_hres_init,-0.031144089010776043,-0.05776216627908226,-0.0053747919039025295,0.0455
48,altitude_stratum,altitude_low,7,34405,49,362,graphcast_hres_init,graphcast_hres_init,0.043,graphcast_hres_init__minus__pangu_hres_init,-0.030496025779138056,-0.05524299131405389,-0.00592529820612754,0.043
48,altitude_stratum,altitude_mid,1,33772,48,362,pangu_hres_init,pangu_hres_init,0.0425,graphcast_hres_init__minus__pangu_hres_init,-0.07999941563961399,-0.11084668397250519,-0.051101876883753665,0.0425
48,altitude_stratum,altitude_mid,3,33772,48,362,pangu_hres_init,pangu_hres_init,0.081,graphcast_hres_init__minus__pangu_hres_init,-0.08041818135881951,-0.11523550313840646,-0.048235075368446054,0.081
48,altitude_stratum,altitude_mid,5,33772,48,362,pangu_hres_init,pangu_hres_init,0.0875,graphcast_hres_init__minus__pangu_hres_init,-0.08016507563700626,-0.11215877143796803,-0.04868311752832347,0.0875
48,altitude_stratum,altitude_mid,7,33772,48,362,pangu_hres_init,pangu_hres_init,0.093,graphcast_hres_init__minus__pangu_hres_init,-0.07959374876012326,-0.11144005798997879,-0.04665549870165331,0.093
48,coast_stratum,coast_0_25km,1,54868,78,362,graphcast_hres_init,pangu_hres_init,1.0,graphcast_hres_init__minus__pangu_hres_init,-0.1326122405821046,-0.15579528886409585,-0.10839957074601923,1.0
48,coast_stratum,coast_0_25km,3,54868,78,362,graphcast_hres_init,pangu_hres_init,0.998,graphcast_hres_init__minus__pangu_hres_init,-0.13262453148372105,-0.16068384165221986,-0.10560141235784512,0.998
48,coast_stratum,coast_0_25km,5,54868,78,362,graphcast_hres_init,pangu_hres_init,0.9945,graphcast_hres_init__minus__pangu_hres_init,-0.13337839589236705,-0.16270192983767587,-0.10586438506527168,0.9945
48,coast_stratum,coast_0_25km,7,54868,78,362,graphcast_hres_init,pangu_hres_init,0.9945,graphcast_hres_init__minus__pangu_hres_init,-0.1330266807665833,-0.16199331249982593,-0.10500598817216579,0.9945
48,coast_stratum,interior_gt25km,1,47826,68,362,graphcast_hres_init,pangu_hres_init,1.0,graphcast_hres_init__minus__pangu_hres_init,-0.2090110188964262,-0.23984272581669638,-0.17741811918999645,1.0
48,coast_stratum,interior_gt25km,3,47826,68,362,graphcast_hres_init,pangu_hres_init,1.0,graphcast_hres_init__minus__pangu_hres_init,-0.20898702193484514,-0.24474164903917678,-0.1760329184326107,1.0
48,coast_stratum,interior_gt25km,5,47826,68,362,graphcast_hres_init,pangu_hres_init,1.0,graphcast_hres_init__minus__pangu_hres_init,-0.20969900652810625,-0.2459747639915721,-0.17463321997866202,1.0
48,coast_stratum,interior_gt25km,7,47826,68,362,graphcast_hres_init,pangu_hres_init,1.0,graphcast_hres_init__minus__pangu_hres_init,-0.20889296192471357,-0.24649330294007543,-0.173533259865454,1.0
72,all_eligible,all,1,102412,146,361,graphcast_hres_init,pangu_hres_init,1.0,graphcast_hres_init__minus__pangu_hres_init,-0.16240531169707378,-0.18617264182492402,-0.14128063260844703,1.0
72,all_eligible,all,3,102412,146,361,graphcast_hres_init,pangu_hres_init,1.0,graphcast_hres_init__minus__pangu_hres_init,-0.16252255252788525,-0.18887390965226994,-0.13733812783150204,1.0
72,all_eligible,all,5,102412,146,361,graphcast_hres_init,pangu_hres_init,1.0,graphcast_hres_init__minus__pangu_hres_init,-0.16232895766607477,-0.18772214195656323,-0.13678468044557404,1.0
72,all_eligible,all,7,102412,146,361,graphcast_hres_init,pangu_hres_init,1.0,graphcast_hres_init__minus__pangu_hres_init,-0.16228606274973814,-0.1882274224810099,-0.1369001578456026,1.0
72,altitude_stratum,altitude_high,1,34421,49,361,graphcast_hres_init,pangu_hres_init,1.0,graphcast_hres_init__minus__pangu_hres_init,-0.4011114990864068,-0.44465625900069733,-0.3549977210240833,1.0
72,altitude_stratum,altitude_high,3,34421,49,361,graphcast_hres_init,pangu_hres_init,1.0,graphcast_hres_init__minus__pangu_hres_init,-0.40116500727822774,-0.4588091277683454,-0.34385859926882556,1.0
72,altitude_stratum,altitude_high,5,34421,49,361,graphcast_hres_init,pangu_hres_init,1.0,graphcast_hres_init__minus__pangu_hres_init,-0.40119387477800855,-0.46262489486316793,-0.34264517915186116,1.0
72,altitude_stratum,altitude_high,7,34421,49,361,graphcast_hres_init,pangu_hres_init,1.0,graphcast_hres_init__minus__pangu_hres_init,-0.40053578229384407,-0.46081680065459096,-0.3421921081776874,1.0
72,altitude_stratum,altitude_low,1,34315,49,361,graphcast_hres_init,graphcast_hres_init,0.0415,graphcast_hres_init__minus__pangu_hres_init,-0.02899030466538535,-0.051762572339655574,-0.006050889083033942,0.0415
72,altitude_stratum,altitude_low,3,34315,49,361,graphcast_hres_init,graphcast_hres_init,0.08,graphcast_hres_init__minus__pangu_hres_init,-0.02865806907284454,-0.05541192384429638,-0.0007101964958128034,0.08
72,altitude_stratum,altitude_low,5,34315,49,361,graphcast_hres_init,graphcast_hres_init,0.075,graphcast_hres_init__minus__pangu_hres_init,-0.028361802211234775,-0.05684389247833517,0.0003632765059028812,0.075
72,altitude_stratum,altitude_low,7,34315,49,361,graphcast_hres_init,graphcast_hres_init,0.0825,graphcast_hres_init__minus__pangu_hres_init,-0.028808742303683715,-0.05877943557543504,-0.000726494195775165,0.0825
72,altitude_stratum,altitude_mid,1,33676,48,361,pangu_hres_init,pangu_hres_init,0.008,graphcast_hres_init__minus__pangu_hres_init,-0.054930327268396716,-0.08404186136439414,-0.024826901955740905,0.008
72,altitude_stratum,altitude_mid,3,33676,48,361,pangu_hres_init,pangu_hres_init,0.0235,graphcast_hres_init__minus__pangu_hres_init,-0.05414373709076785,-0.08736500546567463,-0.0191495159036485,0.0235
72,altitude_stratum,altitude_mid,5,33676,48,361,pangu_hres_init,pangu_hres_init,0.016,graphcast_hres_init__minus__pangu_hres_init,-0.055303077836169806,-0.08802210194917338,-0.021186221812325483,0.016
72,altitude_stratum,altitude_mid,7,33676,48,361,pangu_hres_init,pangu_hres_init,0.026,graphcast_hres_init__minus__pangu_hres_init,-0.05443625617756084,-0.08740552672306504,-0.020770008423474522,0.026
72,coast_stratum,coast_0_25km,1,54720,78,361,graphcast_hres_init,pangu_hres_init,0.9775,graphcast_hres_init__minus__pangu_hres_init,-0.12703894211559927,-0.1520933026845031,-0.1028376331958041,0.9775
72,coast_stratum,coast_0_25km,3,54720,78,361,graphcast_hres_init,pangu_hres_init,0.955,graphcast_hres_init__minus__pangu_hres_init,-0.12666992848065198,-0.15476791850988797,-0.09866253145160882,0.955
72,coast_stratum,coast_0_25km,5,54720,78,361,graphcast_hres_init,pangu_hres_init,0.956,graphcast_hres_init__minus__pangu_hres_init,-0.12651279811152225,-0.15505898226307013,-0.09849794906014583,0.956
72,coast_stratum,coast_0_25km,7,54720,78,361,graphcast_hres_init,pangu_hres_init,0.9395,graphcast_hres_init__minus__pangu_hres_init,-0.1266467819561016,-0.15609281838515163,-0.09821338372573173,0.9395
72,coast_stratum,interior_gt25km,1,47692,68,361,graphcast_hres_init,pangu_hres_init,1.0,graphcast_hres_init__minus__pangu_hres_init,-0.20341297041147036,-0.23461202141289064,-0.17163437742057383,1.0
72,coast_stratum,interior_gt25km,3,47692,68,361,graphcast_hres_init,pangu_hres_init,0.9985,graphcast_hres_init__minus__pangu_hres_init,-0.20284454235735425,-0.23730727775095217,-0.1689839219752397,0.9985
72,coast_stratum,interior_gt25km,5,47692,68,361,graphcast_hres_init,pangu_hres_init,1.0,graphcast_hres_init__minus__pangu_hres_init,-0.20389049184418007,-0.24122423700332354,-0.16851790245023604,1.0
72,coast_stratum,interior_gt25km,7,47692,68,361,graphcast_hres_init,pangu_hres_init,0.9995,graphcast_hres_init__minus__pangu_hres_init,-0.20288098907243596,-0.23728138085028663,-0.1685682663233299,0.9995
