lead_h,stratum_type,stratum,block_days,reference,model,n_common_cases,n_stations,n_daily_blocks,mae_c_day_weighted,mae_ci_low_c,mae_ci_high_c,winner_probability,mae_rank
24,all_eligible,all,1,avamet,graphcast_hres_init,102976,146,363,1.6224069212963694,1.59495336149028,1.64953147990264,1.0,1
24,all_eligible,all,1,avamet,pangu_hres_init,102976,146,363,1.693996771231119,1.6608761094287854,1.725763240695128,0.0,2
24,all_eligible,all,1,avamet,ifs_hres,102976,146,363,1.7072449741875058,1.6757957585187715,1.7398677461895031,0.0,3
24,all_eligible,all,1,era5_station,pangu_hres_init,102976,146,363,0.8615041657776651,0.8384662030179245,0.8853988136039782,1.0,1
24,all_eligible,all,1,era5_station,graphcast_hres_init,102976,146,363,0.9342771396841917,0.9102866186456722,0.9572377649025338,0.0,2
24,all_eligible,all,1,era5_station,ifs_hres,102976,146,363,1.1581661876510214,1.1271962790393064,1.187673032991449,0.0,3
24,all_eligible,all,3,avamet,graphcast_hres_init,102976,146,363,1.6224069212963694,1.5870604802849628,1.6592798287067414,1.0,1
24,all_eligible,all,3,avamet,pangu_hres_init,102976,146,363,1.693996771231119,1.6520158843366597,1.7370296259635993,0.0,2
24,all_eligible,all,3,avamet,ifs_hres,102976,146,363,1.7072449741875058,1.6639783976418514,1.752234215118048,0.0,3
24,all_eligible,all,3,era5_station,pangu_hres_init,102976,146,363,0.8615041657776651,0.83474929763591,0.8898780608826244,1.0,1
24,all_eligible,all,3,era5_station,graphcast_hres_init,102976,146,363,0.9342771396841917,0.9066096901790424,0.9616448374087342,0.0,2
24,all_eligible,all,3,era5_station,ifs_hres,102976,146,363,1.1581661876510214,1.1233348016584543,1.1970238253990755,0.0,3
24,all_eligible,all,5,avamet,graphcast_hres_init,102976,146,363,1.6224069212963694,1.5826043707709738,1.6635473738133693,1.0,1
24,all_eligible,all,5,avamet,pangu_hres_init,102976,146,363,1.693996771231119,1.6484227089845993,1.741185055557757,0.0,2
24,all_eligible,all,5,avamet,ifs_hres,102976,146,363,1.7072449741875058,1.6568956211978805,1.7567788150633372,0.0,3
24,all_eligible,all,5,era5_station,pangu_hres_init,102976,146,363,0.8615041657776651,0.8316320308034302,0.8926374648092651,1.0,1
24,all_eligible,all,5,era5_station,graphcast_hres_init,102976,146,363,0.9342771396841917,0.9037195116589265,0.9639313885894675,0.0,2
24,all_eligible,all,5,era5_station,ifs_hres,102976,146,363,1.1581661876510214,1.1175092511429807,1.1986379032456784,0.0,3
24,all_eligible,all,7,avamet,graphcast_hres_init,102976,146,363,1.6224069212963694,1.5791292812087254,1.6686728332608103,1.0,1
24,all_eligible,all,7,avamet,pangu_hres_init,102976,146,363,1.693996771231119,1.6446053915379781,1.7458723291731026,0.0,2
24,all_eligible,all,7,avamet,ifs_hres,102976,146,363,1.7072449741875058,1.652283637583312,1.7665783061342761,0.0,3
24,all_eligible,all,7,era5_station,pangu_hres_init,102976,146,363,0.8615041657776651,0.8314952719216697,0.8931109020462467,1.0,1
24,all_eligible,all,7,era5_station,graphcast_hres_init,102976,146,363,0.9342771396841917,0.9041184362363114,0.9654763574830916,0.0,2
24,all_eligible,all,7,era5_station,ifs_hres,102976,146,363,1.1581661876510214,1.113239311505279,1.2040428886182328,0.0,3
24,altitude_stratum,altitude_high,1,avamet,graphcast_hres_init,34613,49,363,1.64984672056067,1.610799554227137,1.687429154135527,0.997,1
24,altitude_stratum,altitude_high,1,avamet,ifs_hres,34613,49,363,1.6759882850863888,1.6385027671608792,1.7101763342889682,0.003,2
24,altitude_stratum,altitude_high,1,avamet,pangu_hres_init,34613,49,363,1.8159962538330234,1.7738876115945745,1.8559779705310933,0.0,3
24,altitude_stratum,altitude_high,1,era5_station,pangu_hres_init,34613,49,363,0.9425994870080764,0.9136796789754985,0.9726659580994922,1.0,1
24,altitude_stratum,altitude_high,1,era5_station,graphcast_hres_init,34613,49,363,1.0766502906930757,1.0480403992630443,1.1073002664019653,0.0,2
24,altitude_stratum,altitude_high,1,era5_station,ifs_hres,34613,49,363,1.3630955028963734,1.3245994252807938,1.4027887554737408,0.0,3
24,altitude_stratum,altitude_high,3,avamet,graphcast_hres_init,34613,49,363,1.64984672056067,1.5976808494576236,1.702859321064749,0.9975,1
24,altitude_stratum,altitude_high,3,avamet,ifs_hres,34613,49,363,1.6759882850863888,1.626331703699617,1.7242971818508983,0.0025,2
24,altitude_stratum,altitude_high,3,avamet,pangu_hres_init,34613,49,363,1.8159962538330234,1.765204492598117,1.8666546650789737,0.0,3
24,altitude_stratum,altitude_high,3,era5_station,pangu_hres_init,34613,49,363,0.9425994870080764,0.9117729525376768,0.9759999037235341,1.0,1
24,altitude_stratum,altitude_high,3,era5_station,graphcast_hres_init,34613,49,363,1.0766502906930757,1.0407714520448883,1.1139967615148578,0.0,2
24,altitude_stratum,altitude_high,3,era5_station,ifs_hres,34613,49,363,1.3630955028963734,1.312512812478367,1.4143707383404955,0.0,3
24,altitude_stratum,altitude_high,5,avamet,graphcast_hres_init,34613,49,363,1.64984672056067,1.5930213588009177,1.7043202675525617,0.993,1
24,altitude_stratum,altitude_high,5,avamet,ifs_hres,34613,49,363,1.6759882850863888,1.6253022131611612,1.7293306628725733,0.007,2
24,altitude_stratum,altitude_high,5,avamet,pangu_hres_init,34613,49,363,1.8159962538330234,1.7637790012379777,1.868196410461535,0.0,3
24,altitude_stratum,altitude_high,5,era5_station,pangu_hres_init,34613,49,363,0.9425994870080764,0.9076576320067078,0.9800370594360192,1.0,1
24,altitude_stratum,altitude_high,5,era5_station,graphcast_hres_init,34613,49,363,1.0766502906930757,1.0368555673004831,1.1185438677993589,0.0,2
24,altitude_stratum,altitude_high,5,era5_station,ifs_hres,34613,49,363,1.3630955028963734,1.3063429428191824,1.4256835171772198,0.0,3
24,altitude_stratum,altitude_high,7,avamet,graphcast_hres_init,34613,49,363,1.64984672056067,1.5942670427326893,1.7145022342918692,0.9905,1
24,altitude_stratum,altitude_high,7,avamet,ifs_hres,34613,49,363,1.6759882850863888,1.6240039834580873,1.7313008058815453,0.0095,2
24,altitude_stratum,altitude_high,7,avamet,pangu_hres_init,34613,49,363,1.8159962538330234,1.7615322031600273,1.8743635315827771,0.0,3
24,altitude_stratum,altitude_high,7,era5_station,pangu_hres_init,34613,49,363,0.9425994870080764,0.9050898873523741,0.9819006542375042,1.0,1
24,altitude_stratum,altitude_high,7,era5_station,graphcast_hres_init,34613,49,363,1.0766502906930757,1.0344804000105108,1.1211594713172879,0.0,2
24,altitude_stratum,altitude_high,7,era5_station,ifs_hres,34613,49,363,1.3630955028963734,1.299606575141791,1.4310542269513842,0.0,3
24,altitude_stratum,altitude_low,1,avamet,graphcast_hres_init,34497,49,363,1.6517347288832542,1.6143439849661663,1.6900011509218267,1.0,1
24,altitude_stratum,altitude_low,1,avamet,pangu_hres_init,34497,49,363,1.6964891252972871,1.6507416639976848,1.7422460969174398,0.0,2
24,altitude_stratum,altitude_low,1,avamet,ifs_hres,34497,49,363,1.729711404219773,1.6880198784713716,1.7730440786122277,0.0,3
24,altitude_stratum,altitude_low,1,era5_station,graphcast_hres_init,34497,49,363,0.7280221469736502,0.7075186087348283,0.7509459800673295,0.8045,1
24,altitude_stratum,altitude_low,1,era5_station,pangu_hres_init,34497,49,363,0.7378361403161457,0.7151940336015413,0.7617527078525635,0.1955,2
24,altitude_stratum,altitude_low,1,era5_station,ifs_hres,34497,49,363,0.8950089889715889,0.8714470120929155,0.9188558018382488,0.0,3
24,altitude_stratum,altitude_low,3,avamet,graphcast_hres_init,34497,49,363,1.6517347288832542,1.6050699677542255,1.6995543281896863,1.0,1
24,altitude_stratum,altitude_low,3,avamet,pangu_hres_init,34497,49,363,1.6964891252972871,1.639710818319383,1.7542632240784912,0.0,2
24,altitude_stratum,altitude_low,3,avamet,ifs_hres,34497,49,363,1.729711404219773,1.674245780320682,1.7886248415624817,0.0,3
24,altitude_stratum,altitude_low,3,era5_station,graphcast_hres_init,34497,49,363,0.7280221469736502,0.7049653858465822,0.7527014474545206,0.7695,1
24,altitude_stratum,altitude_low,3,era5_station,pangu_hres_init,34497,49,363,0.7378361403161457,0.7134285327207689,0.7638842018000439,0.2305,2
24,altitude_stratum,altitude_low,3,era5_station,ifs_hres,34497,49,363,0.8950089889715889,0.8680853899670279,0.9229449466835146,0.0,3
24,altitude_stratum,altitude_low,5,avamet,graphcast_hres_init,34497,49,363,1.6517347288832542,1.6003703070494437,1.7043941944836953,1.0,1
24,altitude_stratum,altitude_low,5,avamet,pangu_hres_init,34497,49,363,1.6964891252972871,1.6338606436056018,1.7630334411359856,0.0,2
24,altitude_stratum,altitude_low,5,avamet,ifs_hres,34497,49,363,1.729711404219773,1.663742555487669,1.8000230613248973,0.0,3
24,altitude_stratum,altitude_low,5,era5_station,graphcast_hres_init,34497,49,363,0.7280221469736502,0.7011753869324812,0.7553814024802606,0.753,1
24,altitude_stratum,altitude_low,5,era5_station,pangu_hres_init,34497,49,363,0.7378361403161457,0.7108309883147451,0.7648002988737723,0.247,2
24,altitude_stratum,altitude_low,5,era5_station,ifs_hres,34497,49,363,0.8950089889715889,0.8635301541367527,0.9249688597445713,0.0,3
24,altitude_stratum,altitude_low,7,avamet,graphcast_hres_init,34497,49,363,1.6517347288832542,1.5956656180675608,1.708830096807254,0.9995,1
24,altitude_stratum,altitude_low,7,avamet,pangu_hres_init,34497,49,363,1.6964891252972871,1.6276852109412632,1.768818252281109,0.0005,2
24,altitude_stratum,altitude_low,7,avamet,ifs_hres,34497,49,363,1.729711404219773,1.659517745629895,1.8072323803652615,0.0,3
24,altitude_stratum,altitude_low,7,era5_station,graphcast_hres_init,34497,49,363,0.7280221469736502,0.699036235733314,0.7558369262621581,0.745,1
24,altitude_stratum,altitude_low,7,era5_station,pangu_hres_init,34497,49,363,0.7378361403161457,0.7094411361994605,0.764676380798508,0.255,2
24,altitude_stratum,altitude_low,7,era5_station,ifs_hres,34497,49,363,0.8950089889715889,0.8651716405823404,0.9275963439985637,0.0,3
24,altitude_stratum,altitude_mid,1,avamet,graphcast_hres_init,33866,48,363,1.5632000380117372,1.5307207307203603,1.5950501745044416,0.5925,1
24,altitude_stratum,altitude_mid,1,avamet,pangu_hres_init,33866,48,363,1.5655131040204853,1.5293003280911022,1.6062784627655082,0.4075,2
24,altitude_stratum,altitude_mid,1,avamet,ifs_hres,33866,48,363,1.7149782830265279,1.6746202012308105,1.7572134049466628,0.0,3
24,altitude_stratum,altitude_mid,1,era5_station,pangu_hres_init,33866,48,363,0.9042632334445011,0.8763062005012984,0.9352131030529347,1.0,1
24,altitude_stratum,altitude_mid,1,era5_station,graphcast_hres_init,33866,48,363,0.9987792627097523,0.9703909036302077,1.0274655275396951,0.0,2
24,altitude_stratum,altitude_mid,1,era5_station,ifs_hres,33866,48,363,1.216273094695552,1.1805069288679066,1.2522827243659032,0.0,3
24,altitude_stratum,altitude_mid,3,avamet,graphcast_hres_init,33866,48,363,1.5632000380117372,1.5217881687398072,1.6074708450224013,0.5355,1
24,altitude_stratum,altitude_mid,3,avamet,pangu_hres_init,33866,48,363,1.5655131040204853,1.5195921819017701,1.6106721264886859,0.4645,2
24,altitude_stratum,altitude_mid,3,avamet,ifs_hres,33866,48,363,1.7149782830265279,1.658301184970653,1.7742142176443216,0.0,3
24,altitude_stratum,altitude_mid,3,era5_station,pangu_hres_init,33866,48,363,0.9042632334445011,0.8705094658588679,0.9352028225211948,1.0,1
24,altitude_stratum,altitude_mid,3,era5_station,graphcast_hres_init,33866,48,363,0.9987792627097523,0.9637130676247775,1.0344778423647212,0.0,2
24,altitude_stratum,altitude_mid,3,era5_station,ifs_hres,33866,48,363,1.216273094695552,1.1718679094111206,1.260982861019581,0.0,3
24,altitude_stratum,altitude_mid,5,avamet,graphcast_hres_init,33866,48,363,1.5632000380117372,1.516949428062744,1.6123177843603744,0.5445,1
24,altitude_stratum,altitude_mid,5,avamet,pangu_hres_init,33866,48,363,1.5655131040204853,1.5154610551102543,1.6183555416786009,0.4555,2
24,altitude_stratum,altitude_mid,5,avamet,ifs_hres,33866,48,363,1.7149782830265279,1.651809181660416,1.7818251385109758,0.0,3
24,altitude_stratum,altitude_mid,5,era5_station,pangu_hres_init,33866,48,363,0.9042632334445011,0.8674813821550783,0.9420948400099817,1.0,1
24,altitude_stratum,altitude_mid,5,era5_station,graphcast_hres_init,33866,48,363,0.9987792627097523,0.9585336381844165,1.03817754946362,0.0,2
24,altitude_stratum,altitude_mid,5,era5_station,ifs_hres,33866,48,363,1.216273094695552,1.1707674264610979,1.2659576113692526,0.0,3
24,altitude_stratum,altitude_mid,7,avamet,graphcast_hres_init,33866,48,363,1.5632000380117372,1.5152993873970804,1.6150351272758028,0.5425,1
24,altitude_stratum,altitude_mid,7,avamet,pangu_hres_init,33866,48,363,1.5655131040204853,1.5118868156089644,1.618153098979335,0.4575,2
24,altitude_stratum,altitude_mid,7,avamet,ifs_hres,33866,48,363,1.7149782830265279,1.6469414905251067,1.7882225423479978,0.0,3
24,altitude_stratum,altitude_mid,7,era5_station,pangu_hres_init,33866,48,363,0.9042632334445011,0.8670875744989933,0.9408261603371394,1.0,1
24,altitude_stratum,altitude_mid,7,era5_station,graphcast_hres_init,33866,48,363,0.9987792627097523,0.9562501574868334,1.0417314735561585,0.0,2
24,altitude_stratum,altitude_mid,7,era5_station,ifs_hres,33866,48,363,1.216273094695552,1.1677617245644556,1.2668346749230097,0.0,3
24,coast_stratum,coast_0_25km,1,avamet,graphcast_hres_init,55016,78,363,1.645811398016985,1.6154417836424897,1.676357310303664,1.0,1
24,coast_stratum,coast_0_25km,1,avamet,pangu_hres_init,55016,78,363,1.7094479886957448,1.6731109334542222,1.7458904377301487,0.0,2
24,coast_stratum,coast_0_25km,1,avamet,ifs_hres,55016,78,363,1.7426354490396518,1.7055133314930393,1.7804948096010829,0.0,3
24,coast_stratum,coast_0_25km,1,era5_station,pangu_hres_init,55016,78,363,0.8048936304389748,0.7832284985361154,0.8281625390401982,1.0,1
24,coast_stratum,coast_0_25km,1,era5_station,graphcast_hres_init,55016,78,363,0.8570231334848277,0.8323431692087891,0.8815106965723555,0.0,2
24,coast_stratum,coast_0_25km,1,era5_station,ifs_hres,55016,78,363,1.1173483829158886,1.0906240802252811,1.1464238873366244,0.0,3
24,coast_stratum,coast_0_25km,3,avamet,graphcast_hres_init,55016,78,363,1.645811398016985,1.6065210265791727,1.6840234666387839,1.0,1
24,coast_stratum,coast_0_25km,3,avamet,pangu_hres_init,55016,78,363,1.7094479886957448,1.660676119529648,1.7583003478223218,0.0,2
24,coast_stratum,coast_0_25km,3,avamet,ifs_hres,55016,78,363,1.7426354490396518,1.6903748926017794,1.7958331628134763,0.0,3
24,coast_stratum,coast_0_25km,3,era5_station,pangu_hres_init,55016,78,363,0.8048936304389748,0.7814736054903055,0.8308297617694729,1.0,1
24,coast_stratum,coast_0_25km,3,era5_station,graphcast_hres_init,55016,78,363,0.8570231334848277,0.8288381980151255,0.8866102545041077,0.0,2
24,coast_stratum,coast_0_25km,3,era5_station,ifs_hres,55016,78,363,1.1173483829158886,1.0821080039371467,1.153533188138748,0.0,3
24,coast_stratum,coast_0_25km,5,avamet,graphcast_hres_init,55016,78,363,1.645811398016985,1.602212677624113,1.6905709442485322,1.0,1
24,coast_stratum,coast_0_25km,5,avamet,pangu_hres_init,55016,78,363,1.7094479886957448,1.6550413192461246,1.7653536208254903,0.0,2
24,coast_stratum,coast_0_25km,5,avamet,ifs_hres,55016,78,363,1.7426354490396518,1.6866816538395462,1.8042271383213724,0.0,3
24,coast_stratum,coast_0_25km,5,era5_station,pangu_hres_init,55016,78,363,0.8048936304389748,0.7779587497713888,0.8328992995672957,0.9995,1
24,coast_stratum,coast_0_25km,5,era5_station,graphcast_hres_init,55016,78,363,0.8570231334848277,0.8261603368023447,0.8875367061563232,0.0005,2
24,coast_stratum,coast_0_25km,5,era5_station,ifs_hres,55016,78,363,1.1173483829158886,1.0802720916829136,1.1541612101404366,0.0,3
24,coast_stratum,coast_0_25km,7,avamet,graphcast_hres_init,55016,78,363,1.645811398016985,1.602502617139459,1.6944800473967572,1.0,1
24,coast_stratum,coast_0_25km,7,avamet,pangu_hres_init,55016,78,363,1.7094479886957448,1.654163251975586,1.7694064140922794,0.0,2
24,coast_stratum,coast_0_25km,7,avamet,ifs_hres,55016,78,363,1.7426354490396518,1.679999097005318,1.8102733732580987,0.0,3
24,coast_stratum,coast_0_25km,7,era5_station,pangu_hres_init,55016,78,363,0.8048936304389748,0.777581899479817,0.8332757191498904,0.999,1
24,coast_stratum,coast_0_25km,7,era5_station,graphcast_hres_init,55016,78,363,0.8570231334848277,0.8246654914791363,0.8880719382844076,0.001,2
24,coast_stratum,coast_0_25km,7,era5_station,ifs_hres,55016,78,363,1.1173483829158886,1.0794540214266475,1.1575987983557643,0.0,3
24,coast_stratum,interior_gt25km,1,avamet,graphcast_hres_init,47960,68,363,1.59536128867919,1.5626014396184618,1.627643599564669,1.0,1
24,coast_stratum,interior_gt25km,1,avamet,ifs_hres,47960,68,363,1.6668429300210594,1.6351633295405146,1.7002146615143527,0.0,2
24,coast_stratum,interior_gt25km,1,avamet,pangu_hres_init,47960,68,363,1.6761321251755579,1.6417821337487035,1.711377430440817,0.0,3
24,coast_stratum,interior_gt25km,1,era5_station,pangu_hres_init,47960,68,363,0.926152804040274,0.8939272766212577,0.9577429880687315,1.0,1
24,coast_stratum,interior_gt25km,1,era5_station,graphcast_hres_init,47960,68,363,1.0223968558415357,0.9931435306459998,1.0520672883073074,0.0,2
24,coast_stratum,interior_gt25km,1,era5_station,ifs_hres,47960,68,363,1.2043397163940444,1.1673922490990087,1.2405587582390494,0.0,3
24,coast_stratum,interior_gt25km,3,avamet,graphcast_hres_init,47960,68,363,1.59536128867919,1.5554381552380367,1.63786503455628,1.0,1
24,coast_stratum,interior_gt25km,3,avamet,ifs_hres,47960,68,363,1.6668429300210594,1.627068200461736,1.7085185050076968,0.0,2
24,coast_stratum,interior_gt25km,3,avamet,pangu_hres_init,47960,68,363,1.6761321251755579,1.6354985776372537,1.7202176782474912,0.0,3
24,coast_stratum,interior_gt25km,3,era5_station,pangu_hres_init,47960,68,363,0.926152804040274,0.8911824057397787,0.9603756146933616,1.0,1
24,coast_stratum,interior_gt25km,3,era5_station,graphcast_hres_init,47960,68,363,1.0223968558415357,0.9889134532677558,1.055733228738188,0.0,2
24,coast_stratum,interior_gt25km,3,era5_station,ifs_hres,47960,68,363,1.2043397163940444,1.156605250787684,1.2526457250127037,0.0,3
24,coast_stratum,interior_gt25km,5,avamet,graphcast_hres_init,47960,68,363,1.59536128867919,1.5522702933665615,1.6390851692422028,1.0,1
24,coast_stratum,interior_gt25km,5,avamet,ifs_hres,47960,68,363,1.6668429300210594,1.6225900347212927,1.713873891789679,0.0,2
24,coast_stratum,interior_gt25km,5,avamet,pangu_hres_init,47960,68,363,1.6761321251755579,1.633376521933493,1.7216909936062172,0.0,3
24,coast_stratum,interior_gt25km,5,era5_station,pangu_hres_init,47960,68,363,0.926152804040274,0.8901869783566781,0.9636926383121277,1.0,1
24,coast_stratum,interior_gt25km,5,era5_station,graphcast_hres_init,47960,68,363,1.0223968558415357,0.9847619949557304,1.061263368643127,0.0,2
24,coast_stratum,interior_gt25km,5,era5_station,ifs_hres,47960,68,363,1.2043397163940444,1.1506891258893852,1.2610969010135418,0.0,3
24,coast_stratum,interior_gt25km,7,avamet,graphcast_hres_init,47960,68,363,1.59536128867919,1.5507442542614243,1.6452524908603627,1.0,1
24,coast_stratum,interior_gt25km,7,avamet,ifs_hres,47960,68,363,1.6668429300210594,1.6214560616551703,1.7159728744541594,0.0,2
24,coast_stratum,interior_gt25km,7,avamet,pangu_hres_init,47960,68,363,1.6761321251755579,1.6324357685285722,1.7250344761731304,0.0,3
24,coast_stratum,interior_gt25km,7,era5_station,pangu_hres_init,47960,68,363,0.926152804040274,0.8843709093342464,0.9695871465021719,1.0,1
24,coast_stratum,interior_gt25km,7,era5_station,graphcast_hres_init,47960,68,363,1.0223968558415357,0.9831739487377531,1.0648081185070672,0.0,2
24,coast_stratum,interior_gt25km,7,era5_station,ifs_hres,47960,68,363,1.2043397163940444,1.147327212285292,1.2669985575345164,0.0,3
48,all_eligible,all,1,avamet,graphcast_hres_init,102694,146,362,1.6611355877243532,1.6312436031094892,1.6915869673703312,1.0,1
48,all_eligible,all,1,avamet,pangu_hres_init,102694,146,362,1.7408572143717278,1.7077256599655326,1.775173259889977,0.0,2
48,all_eligible,all,1,avamet,ifs_hres,102694,146,362,1.7672090517320183,1.7336037764918306,1.801032536802303,0.0,3
48,all_eligible,all,1,era5_station,pangu_hres_init,102694,146,362,0.884916587338844,0.8572988945745492,0.915142668090375,1.0,1
48,all_eligible,all,1,era5_station,graphcast_hres_init,102694,146,362,0.9735982413351127,0.9463301515567504,1.002655823896816,0.0,2
48,all_eligible,all,1,era5_station,ifs_hres,102694,146,362,1.2337861013599463,1.199344784471371,1.269951996329556,0.0,3
48,all_eligible,all,3,avamet,graphcast_hres_init,102694,146,362,1.6611355877243532,1.6251236711357855,1.6991807891486255,1.0,1
48,all_eligible,all,3,avamet,pangu_hres_init,102694,146,362,1.7408572143717278,1.6996212578699743,1.781729610555367,0.0,2
48,all_eligible,all,3,avamet,ifs_hres,102694,146,362,1.7672090517320183,1.722357490681707,1.8123795347325968,0.0,3
48,all_eligible,all,3,era5_station,pangu_hres_init,102694,146,362,0.884916587338844,0.8532866699270988,0.9162052725081492,1.0,1
48,all_eligible,all,3,era5_station,graphcast_hres_init,102694,146,362,0.9735982413351127,0.9415427944498653,1.0055516354506053,0.0,2
48,all_eligible,all,3,era5_station,ifs_hres,102694,146,362,1.2337861013599463,1.1889608003555083,1.2773287252031214,0.0,3
48,all_eligible,all,5,avamet,graphcast_hres_init,102694,146,362,1.6611355877243532,1.6205421976732088,1.7030732776702004,1.0,1
48,all_eligible,all,5,avamet,pangu_hres_init,102694,146,362,1.7408572143717278,1.697416253662,1.7867807143499121,0.0,2
48,all_eligible,all,5,avamet,ifs_hres,102694,146,362,1.7672090517320183,1.7161990423184277,1.821280756097761,0.0,3
48,all_eligible,all,5,era5_station,pangu_hres_init,102694,146,362,0.884916587338844,0.8537388245565052,0.9185285929676943,1.0,1
48,all_eligible,all,5,era5_station,graphcast_hres_init,102694,146,362,0.9735982413351127,0.939210576311266,1.0080290866213273,0.0,2
48,all_eligible,all,5,era5_station,ifs_hres,102694,146,362,1.2337861013599463,1.1860723677687186,1.2827215790343136,0.0,3
48,all_eligible,all,7,avamet,graphcast_hres_init,102694,146,362,1.6611355877243532,1.6185741088287227,1.7039394853514236,1.0,1
48,all_eligible,all,7,avamet,pangu_hres_init,102694,146,362,1.7408572143717278,1.693804813042137,1.7873516814703592,0.0,2
48,all_eligible,all,7,avamet,ifs_hres,102694,146,362,1.7672090517320183,1.7134902382906632,1.826275207764252,0.0,3
48,all_eligible,all,7,era5_station,pangu_hres_init,102694,146,362,0.884916587338844,0.8512420833553668,0.9188996206793633,1.0,1
48,all_eligible,all,7,era5_station,graphcast_hres_init,102694,146,362,0.9735982413351127,0.9380046316682319,1.0086035451267323,0.0,2
48,all_eligible,all,7,era5_station,ifs_hres,102694,146,362,1.2337861013599463,1.1815231788210352,1.290729780901152,0.0,3
48,altitude_stratum,altitude_high,1,avamet,graphcast_hres_init,34517,49,362,1.6993891547251418,1.6575392789823609,1.7413549194229292,0.995,1
48,altitude_stratum,altitude_high,1,avamet,ifs_hres,34517,49,362,1.7341227150141474,1.6938315130578887,1.7716948906228898,0.005,2
48,altitude_stratum,altitude_high,1,avamet,pangu_hres_init,34517,49,362,1.9031581572420773,1.8586917562315675,1.9465521467150306,0.0,3
48,altitude_stratum,altitude_high,1,era5_station,pangu_hres_init,34517,49,362,0.916028873311385,0.8841508421064935,0.9495461569063081,1.0,1
48,altitude_stratum,altitude_high,1,era5_station,graphcast_hres_init,34517,49,362,1.1044191426750918,1.0709314804880505,1.1395977452001296,0.0,2
48,altitude_stratum,altitude_high,1,era5_station,ifs_hres,34517,49,362,1.4339911402112648,1.391787349201877,1.4775469968206976,0.0,3
48,altitude_stratum,altitude_high,3,avamet,graphcast_hres_init,34517,49,362,1.6993891547251418,1.6456913287913122,1.751891379771393,0.9875,1
48,altitude_stratum,altitude_high,3,avamet,ifs_hres,34517,49,362,1.7341227150141474,1.686101177451731,1.7831592503858797,0.0125,2
48,altitude_stratum,altitude_high,3,avamet,pangu_hres_init,34517,49,362,1.9031581572420773,1.8536693011525347,1.9535651068637505,0.0,3
48,altitude_stratum,altitude_high,3,era5_station,pangu_hres_init,34517,49,362,0.916028873311385,0.8808591257050876,0.9513507480024594,1.0,1
48,altitude_stratum,altitude_high,3,era5_station,graphcast_hres_init,34517,49,362,1.1044191426750918,1.0609572240897067,1.149718519201606,0.0,2
48,altitude_stratum,altitude_high,3,era5_station,ifs_hres,34517,49,362,1.4339911402112648,1.3769079262081312,1.4953802185399652,0.0,3
48,altitude_stratum,altitude_high,5,avamet,graphcast_hres_init,34517,49,362,1.6993891547251418,1.6439696809766735,1.7566595879413986,0.9835,1
48,altitude_stratum,altitude_high,5,avamet,ifs_hres,34517,49,362,1.7341227150141474,1.6840275464916685,1.7851735275502032,0.0165,2
48,altitude_stratum,altitude_high,5,avamet,pangu_hres_init,34517,49,362,1.9031581572420773,1.8551313061176191,1.9554334796514838,0.0,3
48,altitude_stratum,altitude_high,5,era5_station,pangu_hres_init,34517,49,362,0.916028873311385,0.8758973096375635,0.9540426355867465,1.0,1
48,altitude_stratum,altitude_high,5,era5_station,graphcast_hres_init,34517,49,362,1.1044191426750918,1.0588040416439164,1.1485800654446534,0.0,2
48,altitude_stratum,altitude_high,5,era5_station,ifs_hres,34517,49,362,1.4339911402112648,1.3651993375429103,1.5024952052940812,0.0,3
48,altitude_stratum,altitude_high,7,avamet,graphcast_hres_init,34517,49,362,1.6993891547251418,1.639323033761322,1.7618838430068655,0.978,1
48,altitude_stratum,altitude_high,7,avamet,ifs_hres,34517,49,362,1.7341227150141474,1.682541991683787,1.7892845365618655,0.022,2
48,altitude_stratum,altitude_high,7,avamet,pangu_hres_init,34517,49,362,1.9031581572420773,1.8509099268726659,1.96097454830437,0.0,3
48,altitude_stratum,altitude_high,7,era5_station,pangu_hres_init,34517,49,362,0.916028873311385,0.8785302219554086,0.9573396186531905,1.0,1
48,altitude_stratum,altitude_high,7,era5_station,graphcast_hres_init,34517,49,362,1.1044191426750918,1.0584157650925399,1.1504887920520934,0.0,2
48,altitude_stratum,altitude_high,7,era5_station,ifs_hres,34517,49,362,1.4339911402112648,1.3623786030981369,1.509710096032457,0.0,3
48,altitude_stratum,altitude_low,1,avamet,graphcast_hres_init,34405,49,362,1.6806963122154701,1.642886153605154,1.7193939265535638,1.0,1
48,altitude_stratum,altitude_low,1,avamet,pangu_hres_init,34405,49,362,1.7396749641677731,1.6955890602959065,1.7860986369012015,0.0,2
48,altitude_stratum,altitude_low,1,avamet,ifs_hres,34405,49,362,1.7892831686391342,1.7471382425634754,1.8337340472037713,0.0,3
48,altitude_stratum,altitude_low,1,era5_station,graphcast_hres_init,34405,49,362,0.7792545684369339,0.7561903471084647,0.8029333602888982,0.9855,1
48,altitude_stratum,altitude_low,1,era5_station,pangu_hres_init,34405,49,362,0.8072653200645146,0.7810210175341723,0.8333282560423676,0.0145,2
48,altitude_stratum,altitude_low,1,era5_station,ifs_hres,34405,49,362,0.97390899571197,0.9451302487249026,1.0025818555420156,0.0,3
48,altitude_stratum,altitude_low,3,avamet,graphcast_hres_init,34405,49,362,1.6806963122154701,1.6345878640508573,1.728127734938541,1.0,1
48,altitude_stratum,altitude_low,3,avamet,pangu_hres_init,34405,49,362,1.7396749641677731,1.6840215078600094,1.7996590315572365,0.0,2
48,altitude_stratum,altitude_low,3,avamet,ifs_hres,34405,49,362,1.7892831686391342,1.7303984041919538,1.8512736751936667,0.0,3
48,altitude_stratum,altitude_low,3,era5_station,graphcast_hres_init,34405,49,362,0.7792545684369339,0.7519641725003728,0.8086180390119279,0.972,1
48,altitude_stratum,altitude_low,3,era5_station,pangu_hres_init,34405,49,362,0.8072653200645146,0.7790974015041846,0.8372558851703698,0.028,2
48,altitude_stratum,altitude_low,3,era5_station,ifs_hres,34405,49,362,0.97390899571197,0.9417169230114262,1.0091938108288527,0.0,3
48,altitude_stratum,altitude_low,5,avamet,graphcast_hres_init,34405,49,362,1.6806963122154701,1.628430206898593,1.7325933207076296,1.0,1
48,altitude_stratum,altitude_low,5,avamet,pangu_hres_init,34405,49,362,1.7396749641677731,1.6760526590745404,1.8059516008589724,0.0,2
48,altitude_stratum,altitude_low,5,avamet,ifs_hres,34405,49,362,1.7892831686391342,1.7201981619817877,1.8636851549384255,0.0,3
48,altitude_stratum,altitude_low,5,era5_station,graphcast_hres_init,34405,49,362,0.7792545684369339,0.7500912828950829,0.8087043850723512,0.9545,1
48,altitude_stratum,altitude_low,5,era5_station,pangu_hres_init,34405,49,362,0.8072653200645146,0.7764037925122511,0.8393102687638762,0.0455,2
48,altitude_stratum,altitude_low,5,era5_station,ifs_hres,34405,49,362,0.97390899571197,0.9392209788442233,1.01213675405861,0.0,3
48,altitude_stratum,altitude_low,7,avamet,graphcast_hres_init,34405,49,362,1.6806963122154701,1.627315016780099,1.733500403331567,1.0,1
48,altitude_stratum,altitude_low,7,avamet,pangu_hres_init,34405,49,362,1.7396749641677731,1.6737101299496207,1.8070997566067302,0.0,2
48,altitude_stratum,altitude_low,7,avamet,ifs_hres,34405,49,362,1.7892831686391342,1.7158646978665941,1.865879303282054,0.0,3
48,altitude_stratum,altitude_low,7,era5_station,graphcast_hres_init,34405,49,362,0.7792545684369339,0.7489629782950716,0.8078243179677134,0.957,1
48,altitude_stratum,altitude_low,7,era5_station,pangu_hres_init,34405,49,362,0.8072653200645146,0.7755389327240753,0.8393895228495621,0.043,2
48,altitude_stratum,altitude_low,7,era5_station,ifs_hres,34405,49,362,0.97390899571197,0.9381133410203308,1.0119537363948785,0.0,3
48,altitude_stratum,altitude_mid,1,avamet,pangu_hres_init,33772,48,362,1.5752645154711862,1.5372695409341979,1.6161196727856981,0.9575,1
48,altitude_stratum,altitude_mid,1,avamet,graphcast_hres_init,33772,48,362,1.6010080525548778,1.5667682621359214,1.641441623086952,0.0425,2
48,altitude_stratum,altitude_mid,1,avamet,ifs_hres,33772,48,362,1.777084492633578,1.7328634386999744,1.8266205031017293,0.0,3
48,altitude_stratum,altitude_mid,1,era5_station,pangu_hres_init,33772,48,362,0.9323788249807641,0.8978840519107251,0.9680278153571923,1.0,1
48,altitude_stratum,altitude_mid,1,era5_station,graphcast_hres_init,33772,48,362,1.0378373628700575,1.0051212561007608,1.0697689454574149,0.0,2
48,altitude_stratum,altitude_mid,1,era5_station,ifs_hres,33772,48,362,1.2935583520919005,1.2528314772094964,1.3365036593270074,0.0,3
48,altitude_stratum,altitude_mid,3,avamet,pangu_hres_init,33772,48,362,1.5752645154711862,1.5278422989388756,1.625072475832605,0.919,1
48,altitude_stratum,altitude_mid,3,avamet,graphcast_hres_init,33772,48,362,1.6010080525548778,1.5554426484364765,1.6486299148124672,0.081,2
48,altitude_stratum,altitude_mid,3,avamet,ifs_hres,33772,48,362,1.777084492633578,1.7168458730216039,1.8391607845147682,0.0,3
48,altitude_stratum,altitude_mid,3,era5_station,pangu_hres_init,33772,48,362,0.9323788249807641,0.8966958856876668,0.9699539163498518,1.0,1
48,altitude_stratum,altitude_mid,3,era5_station,graphcast_hres_init,33772,48,362,1.0378373628700575,0.9973352881619562,1.0804162283085956,0.0,2
48,altitude_stratum,altitude_mid,3,era5_station,ifs_hres,33772,48,362,1.2935583520919005,1.2422440007414597,1.3434468187609703,0.0,3
48,altitude_stratum,altitude_mid,5,avamet,pangu_hres_init,33772,48,362,1.5752645154711862,1.525694051668515,1.6245217796548272,0.9125,1
48,altitude_stratum,altitude_mid,5,avamet,graphcast_hres_init,33772,48,362,1.6010080525548778,1.5500883901874298,1.6522127894166811,0.0875,2
48,altitude_stratum,altitude_mid,5,avamet,ifs_hres,33772,48,362,1.777084492633578,1.7087045521176387,1.8511598358881383,0.0,3
48,altitude_stratum,altitude_mid,5,era5_station,pangu_hres_init,33772,48,362,0.9323788249807641,0.8934052422153408,0.9729862207373356,1.0,1
48,altitude_stratum,altitude_mid,5,era5_station,graphcast_hres_init,33772,48,362,1.0378373628700575,0.9955366146139464,1.08286085032986,0.0,2
48,altitude_stratum,altitude_mid,5,era5_station,ifs_hres,33772,48,362,1.2935583520919005,1.2363020059937122,1.3501035072052825,0.0,3
48,altitude_stratum,altitude_mid,7,avamet,pangu_hres_init,33772,48,362,1.5752645154711862,1.5235144817979571,1.6264387827850921,0.907,1
48,altitude_stratum,altitude_mid,7,avamet,graphcast_hres_init,33772,48,362,1.6010080525548778,1.5497885342045599,1.6514503366672013,0.093,2
48,altitude_stratum,altitude_mid,7,avamet,ifs_hres,33772,48,362,1.777084492633578,1.7054703507476656,1.8539737341691649,0.0,3
48,altitude_stratum,altitude_mid,7,era5_station,pangu_hres_init,33772,48,362,0.9323788249807641,0.8910486419090419,0.9740536000780239,1.0,1
48,altitude_stratum,altitude_mid,7,era5_station,graphcast_hres_init,33772,48,362,1.0378373628700575,0.9890344827177822,1.0840925825024041,0.0,2
48,altitude_stratum,altitude_mid,7,era5_station,ifs_hres,33772,48,362,1.2935583520919005,1.2341003466798108,1.3520195225776985,0.0,3
48,coast_stratum,coast_0_25km,1,avamet,graphcast_hres_init,54868,78,362,1.6767212179432354,1.6446363283743979,1.7104733239189918,1.0,1
48,coast_stratum,coast_0_25km,1,avamet,pangu_hres_init,54868,78,362,1.7639795440558403,1.7276962171777686,1.8018355781539106,0.0,2
48,coast_stratum,coast_0_25km,1,avamet,ifs_hres,54868,78,362,1.7979357459156429,1.7563543054379087,1.8398132802200917,0.0,3
48,coast_stratum,coast_0_25km,1,era5_station,pangu_hres_init,54868,78,362,0.8396495969679942,0.8136878892089388,0.866788244882993,1.0,1
48,coast_stratum,coast_0_25km,1,era5_station,graphcast_hres_init,54868,78,362,0.8849909045166321,0.8581316086867292,0.9135853792681847,0.0,2
48,coast_stratum,coast_0_25km,1,era5_station,ifs_hres,54868,78,362,1.186730409063294,1.1533663782154415,1.221161539045512,0.0,3
48,coast_stratum,coast_0_25km,3,avamet,graphcast_hres_init,54868,78,362,1.6767212179432354,1.6367676134278728,1.7154542551404344,1.0,1
48,coast_stratum,coast_0_25km,3,avamet,pangu_hres_init,54868,78,362,1.7639795440558403,1.7158446020782394,1.809350432287753,0.0,2
48,coast_stratum,coast_0_25km,3,avamet,ifs_hres,54868,78,362,1.7979357459156429,1.7443930880333332,1.8516234553088244,0.0,3
48,coast_stratum,coast_0_25km,3,era5_station,pangu_hres_init,54868,78,362,0.8396495969679942,0.8105886967170896,0.8697302162007188,0.998,1
48,coast_stratum,coast_0_25km,3,era5_station,graphcast_hres_init,54868,78,362,0.8849909045166321,0.8530732218285614,0.9193016689787309,0.002,2
48,coast_stratum,coast_0_25km,3,era5_station,ifs_hres,54868,78,362,1.186730409063294,1.1470081748352037,1.2284884019266236,0.0,3
48,coast_stratum,coast_0_25km,5,avamet,graphcast_hres_init,54868,78,362,1.6767212179432354,1.6342055994689026,1.7211191858764412,1.0,1
48,coast_stratum,coast_0_25km,5,avamet,pangu_hres_init,54868,78,362,1.7639795440558403,1.7146402458306014,1.8207978209396602,0.0,2
48,coast_stratum,coast_0_25km,5,avamet,ifs_hres,54868,78,362,1.7979357459156429,1.7366987599090058,1.8671568816748416,0.0,3
48,coast_stratum,coast_0_25km,5,era5_station,pangu_hres_init,54868,78,362,0.8396495969679942,0.8092002842292455,0.8718552554962803,0.9945,1
48,coast_stratum,coast_0_25km,5,era5_station,graphcast_hres_init,54868,78,362,0.8849909045166321,0.8548597400812707,0.919075407070104,0.0055,2
48,coast_stratum,coast_0_25km,5,era5_station,ifs_hres,54868,78,362,1.186730409063294,1.1423660867097098,1.2320329677490935,0.0,3
48,coast_stratum,coast_0_25km,7,avamet,graphcast_hres_init,54868,78,362,1.6767212179432354,1.6334781804162473,1.7220038019825572,1.0,1
48,coast_stratum,coast_0_25km,7,avamet,pangu_hres_init,54868,78,362,1.7639795440558403,1.7107873929039603,1.8190255944826026,0.0,2
48,coast_stratum,coast_0_25km,7,avamet,ifs_hres,54868,78,362,1.7979357459156429,1.7308055240858033,1.870529205122079,0.0,3
48,coast_stratum,coast_0_25km,7,era5_station,pangu_hres_init,54868,78,362,0.8396495969679942,0.8083164720839829,0.871126196774409,0.9945,1
48,coast_stratum,coast_0_25km,7,era5_station,graphcast_hres_init,54868,78,362,0.8849909045166321,0.8520529904594937,0.9201638782467377,0.0055,2
48,coast_stratum,coast_0_25km,7,era5_station,ifs_hres,54868,78,362,1.186730409063294,1.141425440751306,1.2345369992858115,0.0,3
48,coast_stratum,interior_gt25km,1,avamet,graphcast_hres_init,47826,68,362,1.6430800670649195,1.6103638071002104,1.6774257153157426,1.0,1
48,coast_stratum,interior_gt25km,1,avamet,pangu_hres_init,47826,68,362,1.7141504665301013,1.676571317817502,1.7526039375403475,0.0,2
48,coast_stratum,interior_gt25km,1,avamet,ifs_hres,47826,68,362,1.7322291914227717,1.697831597492882,1.7686766983794149,0.0,3
48,coast_stratum,interior_gt25km,1,era5_station,pangu_hres_init,47826,68,362,0.936738544799191,0.9009160741108968,0.9730390928507147,1.0,1
48,coast_stratum,interior_gt25km,1,era5_station,graphcast_hres_init,47826,68,362,1.0747987868112479,1.04108629643553,1.1095026248617197,0.0,2
48,coast_stratum,interior_gt25km,1,era5_station,ifs_hres,47826,68,362,1.287141096569971,1.2424060665694323,1.3319358372749563,0.0,3
48,coast_stratum,interior_gt25km,3,avamet,graphcast_hres_init,47826,68,362,1.6430800670649195,1.6033102061439573,1.6843647448708758,1.0,1
48,coast_stratum,interior_gt25km,3,avamet,pangu_hres_init,47826,68,362,1.7141504665301013,1.6728598624877666,1.7573120202882488,0.0,2
48,coast_stratum,interior_gt25km,3,avamet,ifs_hres,47826,68,362,1.7322291914227717,1.6950681587983605,1.773543509720903,0.0,3
48,coast_stratum,interior_gt25km,3,era5_station,pangu_hres_init,47826,68,362,0.936738544799191,0.8961261537051955,0.9775248267598227,1.0,1
48,coast_stratum,interior_gt25km,3,era5_station,graphcast_hres_init,47826,68,362,1.0747987868112479,1.033567968245002,1.1164377502630565,0.0,2
48,coast_stratum,interior_gt25km,3,era5_station,ifs_hres,47826,68,362,1.287141096569971,1.2344551632469103,1.3417645885120053,0.0,3
48,coast_stratum,interior_gt25km,5,avamet,graphcast_hres_init,47826,68,362,1.6430800670649195,1.5965227873199745,1.6890920630287374,1.0,1
48,coast_stratum,interior_gt25km,5,avamet,pangu_hres_init,47826,68,362,1.7141504665301013,1.6719859616716675,1.7580960451108494,0.0,2
48,coast_stratum,interior_gt25km,5,avamet,ifs_hres,47826,68,362,1.7322291914227717,1.6864642977489754,1.7789982154496191,0.0,3
48,coast_stratum,interior_gt25km,5,era5_station,pangu_hres_init,47826,68,362,0.936738544799191,0.8940644629064424,0.9807635049147937,1.0,1
48,coast_stratum,interior_gt25km,5,era5_station,graphcast_hres_init,47826,68,362,1.0747987868112479,1.0334168678752853,1.1205609911442211,0.0,2
48,coast_stratum,interior_gt25km,5,era5_station,ifs_hres,47826,68,362,1.287141096569971,1.227912649788797,1.3545944472935285,0.0,3
48,coast_stratum,interior_gt25km,7,avamet,graphcast_hres_init,47826,68,362,1.6430800670649195,1.5952247497228706,1.6939786303685862,1.0,1
48,coast_stratum,interior_gt25km,7,avamet,pangu_hres_init,47826,68,362,1.7141504665301013,1.6686962239044851,1.7634945679545766,0.0,2
48,coast_stratum,interior_gt25km,7,avamet,ifs_hres,47826,68,362,1.7322291914227717,1.6844833785542506,1.7804055119543603,0.0,3
48,coast_stratum,interior_gt25km,7,era5_station,pangu_hres_init,47826,68,362,0.936738544799191,0.895566425892292,0.979370324280475,1.0,1
48,coast_stratum,interior_gt25km,7,era5_station,graphcast_hres_init,47826,68,362,1.0747987868112479,1.0284045634626062,1.122019735704678,0.0,2
48,coast_stratum,interior_gt25km,7,era5_station,ifs_hres,47826,68,362,1.287141096569971,1.2175372139101643,1.3583606608819716,0.0,3
72,all_eligible,all,1,avamet,graphcast_hres_init,102412,146,361,1.7177966078491185,1.6880752039677553,1.7511273098272118,1.0,1
72,all_eligible,all,1,avamet,pangu_hres_init,102412,146,361,1.7925649531584276,1.7576455668350077,1.8303438077378027,0.0,2
72,all_eligible,all,1,avamet,ifs_hres,102412,146,361,1.8505160662124778,1.8096246142943493,1.8939052286655786,0.0,3
72,all_eligible,all,1,era5_station,pangu_hres_init,102412,146,361,0.9546868166518788,0.9202185259435915,0.9910270721662585,1.0,1
72,all_eligible,all,1,era5_station,graphcast_hres_init,102412,146,361,1.0423339562088638,1.009932958016392,1.0731657263002028,0.0,2
72,all_eligible,all,1,era5_station,ifs_hres,102412,146,361,1.322381546503883,1.2789883714210608,1.3692464692956159,0.0,3
72,all_eligible,all,3,avamet,graphcast_hres_init,102412,146,361,1.7177966078491185,1.6810555522611348,1.7541354751588787,1.0,1
72,all_eligible,all,3,avamet,pangu_hres_init,102412,146,361,1.7925649531584276,1.7535399744230749,1.8332207550824704,0.0,2
72,all_eligible,all,3,avamet,ifs_hres,102412,146,361,1.8505160662124778,1.7983900316905703,1.9051504881449859,0.0,3
72,all_eligible,all,3,era5_station,pangu_hres_init,102412,146,361,0.9546868166518788,0.9166687118186614,0.9918548739030066,1.0,1
72,all_eligible,all,3,era5_station,graphcast_hres_init,102412,146,361,1.0423339562088638,1.0057586669906784,1.0779554148528296,0.0,2
72,all_eligible,all,3,era5_station,ifs_hres,102412,146,361,1.322381546503883,1.2658019820681785,1.3835457501361497,0.0,3
72,all_eligible,all,5,avamet,graphcast_hres_init,102412,146,361,1.7177966078491185,1.6775440847751166,1.7619244478727318,1.0,1
72,all_eligible,all,5,avamet,pangu_hres_init,102412,146,361,1.7925649531584276,1.7495091254371526,1.8385753382381589,0.0,2
72,all_eligible,all,5,avamet,ifs_hres,102412,146,361,1.8505160662124778,1.7897333372246051,1.9133839094126786,0.0,3
72,all_eligible,all,5,era5_station,pangu_hres_init,102412,146,361,0.9546868166518788,0.9168834610457798,0.9928641499717201,1.0,1
72,all_eligible,all,5,era5_station,graphcast_hres_init,102412,146,361,1.0423339562088638,1.0050795740497684,1.0787080534227054,0.0,2
72,all_eligible,all,5,era5_station,ifs_hres,102412,146,361,1.322381546503883,1.256716912772199,1.3908840617813565,0.0,3
72,all_eligible,all,7,avamet,graphcast_hres_init,102412,146,361,1.7177966078491185,1.6740571113067808,1.7640241772098937,1.0,1
72,all_eligible,all,7,avamet,pangu_hres_init,102412,146,361,1.7925649531584276,1.7493052550930153,1.84086103647697,0.0,2
72,all_eligible,all,7,avamet,ifs_hres,102412,146,361,1.8505160662124778,1.78768946162436,1.9170077174747429,0.0,3
72,all_eligible,all,7,era5_station,pangu_hres_init,102412,146,361,0.9546868166518788,0.9155428925793141,0.9970620535605194,1.0,1
72,all_eligible,all,7,era5_station,graphcast_hres_init,102412,146,361,1.0423339562088638,1.0033651258299223,1.0831579007244894,0.0,2
72,all_eligible,all,7,era5_station,ifs_hres,102412,146,361,1.322381546503883,1.2560805057945947,1.3940739932194453,0.0,3
72,altitude_stratum,altitude_high,1,avamet,graphcast_hres_init,34421,49,361,1.7725690750184433,1.7294981720805294,1.8152980028585746,0.999,1
72,altitude_stratum,altitude_high,1,avamet,ifs_hres,34421,49,361,1.828862244857309,1.7887677586171777,1.8725494889184287,0.001,2
72,altitude_stratum,altitude_high,1,avamet,pangu_hres_init,34421,49,361,1.9824468661563013,1.9367437049352674,2.0279146812539786,0.0,3
72,altitude_stratum,altitude_high,1,era5_station,pangu_hres_init,34421,49,361,0.97318014558739,0.9362899299408051,1.0113648029612332,1.0,1
72,altitude_stratum,altitude_high,1,era5_station,graphcast_hres_init,34421,49,361,1.1636299447683744,1.1253482484158492,1.203806785136821,0.0,2
72,altitude_stratum,altitude_high,1,era5_station,ifs_hres,34421,49,361,1.520132192486184,1.4676475715159518,1.5758806074871072,0.0,3
72,altitude_stratum,altitude_high,3,avamet,graphcast_hres_init,34421,49,361,1.7725690750184433,1.716725327458851,1.827708085825507,0.999,1
72,altitude_stratum,altitude_high,3,avamet,ifs_hres,34421,49,361,1.828862244857309,1.7767631935639336,1.8821476794776901,0.001,2
72,altitude_stratum,altitude_high,3,avamet,pangu_hres_init,34421,49,361,1.9824468661563013,1.92953539180495,2.033148586944928,0.0,3
72,altitude_stratum,altitude_high,3,era5_station,pangu_hres_init,34421,49,361,0.97318014558739,0.9282773038356726,1.015283702036873,1.0,1
72,altitude_stratum,altitude_high,3,era5_station,graphcast_hres_init,34421,49,361,1.1636299447683744,1.117312515702337,1.2117318205894896,0.0,2
72,altitude_stratum,altitude_high,3,era5_station,ifs_hres,34421,49,361,1.520132192486184,1.4469772049425453,1.5904154787096696,0.0,3
72,altitude_stratum,altitude_high,5,avamet,graphcast_hres_init,34421,49,361,1.7725690750184433,1.7144080317032753,1.832977403851127,0.998,1
72,altitude_stratum,altitude_high,5,avamet,ifs_hres,34421,49,361,1.828862244857309,1.775201470410213,1.887769112487877,0.002,2
72,altitude_stratum,altitude_high,5,avamet,pangu_hres_init,34421,49,361,1.9824468661563013,1.929959090291594,2.0396527019442505,0.0,3
72,altitude_stratum,altitude_high,5,era5_station,pangu_hres_init,34421,49,361,0.97318014558739,0.9284366639448041,1.0193477077960622,1.0,1
72,altitude_stratum,altitude_high,5,era5_station,graphcast_hres_init,34421,49,361,1.1636299447683744,1.116186785930061,1.2146764724986174,0.0,2
72,altitude_stratum,altitude_high,5,era5_station,ifs_hres,34421,49,361,1.520132192486184,1.4396877413559444,1.6071060590249144,0.0,3
72,altitude_stratum,altitude_high,7,avamet,graphcast_hres_init,34421,49,361,1.7725690750184433,1.7129071895743513,1.8359826057743172,0.9985,1
72,altitude_stratum,altitude_high,7,avamet,ifs_hres,34421,49,361,1.828862244857309,1.7718440857725983,1.885304870710224,0.0015,2
72,altitude_stratum,altitude_high,7,avamet,pangu_hres_init,34421,49,361,1.9824468661563013,1.9274996011969523,2.041184884978071,0.0,3
72,altitude_stratum,altitude_high,7,era5_station,pangu_hres_init,34421,49,361,0.97318014558739,0.9279349356451179,1.0229567330655795,1.0,1
72,altitude_stratum,altitude_high,7,era5_station,graphcast_hres_init,34421,49,361,1.1636299447683744,1.1152861484457728,1.2148932956640488,0.0,2
72,altitude_stratum,altitude_high,7,era5_station,ifs_hres,34421,49,361,1.520132192486184,1.433835799649098,1.6170408444642304,0.0,3
72,altitude_stratum,altitude_low,1,avamet,graphcast_hres_init,34315,49,361,1.722418744036798,1.6827967518745055,1.7602872244593768,1.0,1
72,altitude_stratum,altitude_low,1,avamet,pangu_hres_init,34315,49,361,1.7783943864460396,1.731347510392707,1.8259729093125632,0.0,2
72,altitude_stratum,altitude_low,1,avamet,ifs_hres,34315,49,361,1.8532925527782,1.8039194607230828,1.9048884089000837,0.0,3
72,altitude_stratum,altitude_low,1,era5_station,graphcast_hres_init,34315,49,361,0.8582164258135696,0.830487724469897,0.8858798039528588,0.9585,1
72,altitude_stratum,altitude_low,1,era5_station,pangu_hres_init,34315,49,361,0.8853104722439794,0.8544176751017485,0.917751620502491,0.0415,2
72,altitude_stratum,altitude_low,1,era5_station,ifs_hres,34315,49,361,1.05768531293722,1.0209732116870318,1.0972244216686153,0.0,3
72,altitude_stratum,altitude_low,3,avamet,graphcast_hres_init,34315,49,361,1.722418744036798,1.6754954611322843,1.769222902172903,0.9995,1
72,altitude_stratum,altitude_low,3,avamet,pangu_hres_init,34315,49,361,1.7783943864460396,1.7180411067011485,1.8382223731205647,0.0005,2
72,altitude_stratum,altitude_low,3,avamet,ifs_hres,34315,49,361,1.8532925527782,1.7894564827067925,1.9252767071377577,0.0,3
72,altitude_stratum,altitude_low,3,era5_station,graphcast_hres_init,34315,49,361,0.8582164258135696,0.8255121105401786,0.8920890594417138,0.9195,1
72,altitude_stratum,altitude_low,3,era5_station,pangu_hres_init,34315,49,361,0.8853104722439794,0.8519578748485757,0.9201949361401938,0.0805,2
72,altitude_stratum,altitude_low,3,era5_station,ifs_hres,34315,49,361,1.05768531293722,1.0112502702853148,1.1050784878758577,0.0,3
72,altitude_stratum,altitude_low,5,avamet,graphcast_hres_init,34315,49,361,1.722418744036798,1.6685260841897007,1.774648008307801,0.999,1
72,altitude_stratum,altitude_low,5,avamet,pangu_hres_init,34315,49,361,1.7783943864460396,1.7086501903551454,1.8464641327989029,0.001,2
72,altitude_stratum,altitude_low,5,avamet,ifs_hres,34315,49,361,1.8532925527782,1.7751881970664694,1.9298557059544854,0.0,3
72,altitude_stratum,altitude_low,5,era5_station,graphcast_hres_init,34315,49,361,0.8582164258135696,0.8214371699584114,0.8936171520835957,0.924,1
72,altitude_stratum,altitude_low,5,era5_station,pangu_hres_init,34315,49,361,0.8853104722439794,0.8489300363307642,0.9247147635396018,0.076,2
72,altitude_stratum,altitude_low,5,era5_station,ifs_hres,34315,49,361,1.05768531293722,1.006978436013363,1.11000147673285,0.0,3
72,altitude_stratum,altitude_low,7,avamet,graphcast_hres_init,34315,49,361,1.722418744036798,1.6699094423091403,1.7762020396869804,1.0,1
72,altitude_stratum,altitude_low,7,avamet,pangu_hres_init,34315,49,361,1.7783943864460396,1.7090228948232664,1.8510209573375234,0.0,2
72,altitude_stratum,altitude_low,7,avamet,ifs_hres,34315,49,361,1.8532925527782,1.769900931026634,1.9405257490858865,0.0,3
72,altitude_stratum,altitude_low,7,era5_station,graphcast_hres_init,34315,49,361,0.8582164258135696,0.8220526221910519,0.8958557165326954,0.9175,1
72,altitude_stratum,altitude_low,7,era5_station,pangu_hres_init,34315,49,361,0.8853104722439794,0.8478818430952066,0.9233868890060025,0.0825,2
72,altitude_stratum,altitude_low,7,era5_station,ifs_hres,34315,49,361,1.05768531293722,1.0064975124470557,1.1135275405979228,0.0,3
72,altitude_stratum,altitude_mid,1,avamet,pangu_hres_init,33676,48,361,1.6120869919157526,1.570224336443971,1.6562412177259158,0.992,1
72,altitude_stratum,altitude_mid,1,avamet,graphcast_hres_init,33676,48,361,1.6563538006857097,1.618349019916271,1.696695780454667,0.008,2
72,altitude_stratum,altitude_mid,1,avamet,ifs_hres,33676,48,361,1.869010304504978,1.8176076571467805,1.9254457512245633,0.0,3
72,altitude_stratum,altitude_mid,1,era5_station,pangu_hres_init,33676,48,361,1.0070488658632633,0.9684967588405231,1.047733112506017,1.0,1
72,altitude_stratum,altitude_mid,1,era5_station,graphcast_hres_init,33676,48,361,1.1061643199712412,1.0683601735034722,1.1462149199696179,0.0,2
72,altitude_stratum,altitude_mid,1,era5_station,ifs_hres,33676,48,361,1.3897082318463392,1.338655262126983,1.4450395303803734,0.0,3
72,altitude_stratum,altitude_mid,3,avamet,pangu_hres_init,33676,48,361,1.6120869919157526,1.564848297084217,1.6606937372654136,0.9765,1
72,altitude_stratum,altitude_mid,3,avamet,graphcast_hres_init,33676,48,361,1.6563538006857097,1.6104071747242292,1.7039702509078338,0.0235,2
72,altitude_stratum,altitude_mid,3,avamet,ifs_hres,33676,48,361,1.869010304504978,1.7996399014350974,1.9407253507786661,0.0,3
72,altitude_stratum,altitude_mid,3,era5_station,pangu_hres_init,33676,48,361,1.0070488658632633,0.9642884385938489,1.0544311799915584,1.0,1
72,altitude_stratum,altitude_mid,3,era5_station,graphcast_hres_init,33676,48,361,1.1061643199712412,1.0635963453544548,1.1486661057503007,0.0,2
72,altitude_stratum,altitude_mid,3,era5_station,ifs_hres,33676,48,361,1.3897082318463392,1.3257890692834673,1.4560408242467744,0.0,3
72,altitude_stratum,altitude_mid,5,avamet,pangu_hres_init,33676,48,361,1.6120869919157526,1.5613402737619742,1.662065502519334,0.984,1
72,altitude_stratum,altitude_mid,5,avamet,graphcast_hres_init,33676,48,361,1.6563538006857097,1.6062226829936448,1.7100926239060092,0.016,2
72,altitude_stratum,altitude_mid,5,avamet,ifs_hres,33676,48,361,1.869010304504978,1.7912435913247833,1.9528429303891102,0.0,3
72,altitude_stratum,altitude_mid,5,era5_station,pangu_hres_init,33676,48,361,1.0070488658632633,0.9607413939582228,1.052954425581604,1.0,1
72,altitude_stratum,altitude_mid,5,era5_station,graphcast_hres_init,33676,48,361,1.1061643199712412,1.0603399245559793,1.1511501656978236,0.0,2
72,altitude_stratum,altitude_mid,5,era5_station,ifs_hres,33676,48,361,1.3897082318463392,1.3220284950836567,1.464397901362338,0.0,3
72,altitude_stratum,altitude_mid,7,avamet,pangu_hres_init,33676,48,361,1.6120869919157526,1.560263563120063,1.665637618174142,0.974,1
72,altitude_stratum,altitude_mid,7,avamet,graphcast_hres_init,33676,48,361,1.6563538006857097,1.5988788735452897,1.7120922415799005,0.026,2
72,altitude_stratum,altitude_mid,7,avamet,ifs_hres,33676,48,361,1.869010304504978,1.7812969137372188,1.9523505918133064,0.0,3
72,altitude_stratum,altitude_mid,7,era5_station,pangu_hres_init,33676,48,361,1.0070488658632633,0.9597463450882155,1.0540758421956302,1.0,1
72,altitude_stratum,altitude_mid,7,era5_station,graphcast_hres_init,33676,48,361,1.1061643199712412,1.0575758386346832,1.1563885765691007,0.0,2
72,altitude_stratum,altitude_mid,7,era5_station,ifs_hres,33676,48,361,1.3897082318463392,1.3098671207574222,1.4649352235575306,0.0,3
72,coast_stratum,coast_0_25km,1,avamet,graphcast_hres_init,54720,78,361,1.7205653856896157,1.6870291674261377,1.753259185857717,1.0,1
72,coast_stratum,coast_0_25km,1,avamet,pangu_hres_init,54720,78,361,1.8125057065315504,1.7737819629094158,1.8518653608919309,0.0,2
72,coast_stratum,coast_0_25km,1,avamet,ifs_hres,54720,78,361,1.8638725034771852,1.8165569505660912,1.9108365125562805,0.0,3
72,coast_stratum,coast_0_25km,1,era5_station,pangu_hres_init,54720,78,361,0.9128849958254496,0.8818190687828703,0.9473458009266292,0.9775,1
72,coast_stratum,coast_0_25km,1,era5_station,graphcast_hres_init,54720,78,361,0.9477484168194102,0.9181311555652528,0.9780056148060784,0.0225,2
72,coast_stratum,coast_0_25km,1,era5_station,ifs_hres,54720,78,361,1.271101206834619,1.2269445371927516,1.3166304953864343,0.0,3
72,coast_stratum,coast_0_25km,3,avamet,graphcast_hres_init,54720,78,361,1.7205653856896157,1.6832508220577864,1.7620677969973115,1.0,1
72,coast_stratum,coast_0_25km,3,avamet,pangu_hres_init,54720,78,361,1.8125057065315504,1.7649796914779303,1.8619700634926624,0.0,2
72,coast_stratum,coast_0_25km,3,avamet,ifs_hres,54720,78,361,1.8638725034771852,1.8039465358553592,1.928620710971196,0.0,3
72,coast_stratum,coast_0_25km,3,era5_station,pangu_hres_init,54720,78,361,0.9128849958254496,0.8763726703968977,0.9508760758948354,0.955,1
72,coast_stratum,coast_0_25km,3,era5_station,graphcast_hres_init,54720,78,361,0.9477484168194102,0.9139299977649079,0.9840352557381495,0.045,2
72,coast_stratum,coast_0_25km,3,era5_station,ifs_hres,54720,78,361,1.271101206834619,1.2191353640859182,1.3293329429192877,0.0,3
72,coast_stratum,coast_0_25km,5,avamet,graphcast_hres_init,54720,78,361,1.7205653856896157,1.6778508855480119,1.7651351069698256,1.0,1
72,coast_stratum,coast_0_25km,5,avamet,pangu_hres_init,54720,78,361,1.8125057065315504,1.7608120059829124,1.8669109410491205,0.0,2
72,coast_stratum,coast_0_25km,5,avamet,ifs_hres,54720,78,361,1.8638725034771852,1.792561867052453,1.9377887678744077,0.0,3
72,coast_stratum,coast_0_25km,5,era5_station,pangu_hres_init,54720,78,361,0.9128849958254496,0.8761451276891642,0.9512755961060505,0.956,1
72,coast_stratum,coast_0_25km,5,era5_station,graphcast_hres_init,54720,78,361,0.9477484168194102,0.9114190912129161,0.9852661537383139,0.044,2
72,coast_stratum,coast_0_25km,5,era5_station,ifs_hres,54720,78,361,1.271101206834619,1.2098970519199572,1.3359700019954364,0.0,3
72,coast_stratum,coast_0_25km,7,avamet,graphcast_hres_init,54720,78,361,1.7205653856896157,1.6755565564271986,1.7652299681181074,1.0,1
72,coast_stratum,coast_0_25km,7,avamet,pangu_hres_init,54720,78,361,1.8125057065315504,1.7599754339500238,1.8689951297245435,0.0,2
72,coast_stratum,coast_0_25km,7,avamet,ifs_hres,54720,78,361,1.8638725034771852,1.7887057614140671,1.942024000034591,0.0,3
72,coast_stratum,coast_0_25km,7,era5_station,pangu_hres_init,54720,78,361,0.9128849958254496,0.8763562354617234,0.9518105000667964,0.9395,1
72,coast_stratum,coast_0_25km,7,era5_station,graphcast_hres_init,54720,78,361,0.9477484168194102,0.9078926465783186,0.98692540268808,0.0605,2
72,coast_stratum,coast_0_25km,7,era5_station,ifs_hres,54720,78,361,1.271101206834619,1.2094107811614991,1.3392259369623332,0.0,3
72,coast_stratum,interior_gt25km,1,avamet,graphcast_hres_init,47692,68,361,1.7143636059116052,1.6774314524711955,1.751322222315316,1.0,1
72,coast_stratum,interior_gt25km,1,avamet,pangu_hres_init,47692,68,361,1.7696575261401253,1.731315196858888,1.812711836958259,0.0,2
72,coast_stratum,interior_gt25km,1,avamet,ifs_hres,47692,68,361,1.835535912386432,1.7917415428899492,1.8807071929319383,0.0,3
72,coast_stratum,interior_gt25km,1,era5_station,pangu_hres_init,47692,68,361,1.0027292831888197,0.961024366123325,1.0450109105350023,1.0,1
72,coast_stratum,interior_gt25km,1,era5_station,graphcast_hres_init,47692,68,361,1.1506450904900787,1.1128891589772252,1.1913910356602442,0.0,2
72,coast_stratum,interior_gt25km,1,era5_station,ifs_hres,47692,68,361,1.3808274205650786,1.3264238106689439,1.4358271551707573,0.0,3
72,coast_stratum,interior_gt25km,3,avamet,graphcast_hres_init,47692,68,361,1.7143636059116052,1.6690089223454465,1.7591603854008455,0.9985,1
72,coast_stratum,interior_gt25km,3,avamet,pangu_hres_init,47692,68,361,1.7696575261401253,1.72414055393304,1.8142027850489535,0.0015,2
72,coast_stratum,interior_gt25km,3,avamet,ifs_hres,47692,68,361,1.835535912386432,1.785230063682799,1.8875173673725198,0.0,3
72,coast_stratum,interior_gt25km,3,era5_station,pangu_hres_init,47692,68,361,1.0027292831888197,0.9574096123773617,1.0481006764907008,1.0,1
72,coast_stratum,interior_gt25km,3,era5_station,graphcast_hres_init,47692,68,361,1.1506450904900787,1.106853459707015,1.1938148638777297,0.0,2
72,coast_stratum,interior_gt25km,3,era5_station,ifs_hres,47692,68,361,1.3808274205650786,1.3112535938369203,1.4499019596984104,0.0,3
72,coast_stratum,interior_gt25km,5,avamet,graphcast_hres_init,47692,68,361,1.7143636059116052,1.6698308253871152,1.764581386037648,1.0,1
72,coast_stratum,interior_gt25km,5,avamet,pangu_hres_init,47692,68,361,1.7696575261401253,1.7269282393743488,1.8178479544907558,0.0,2
72,coast_stratum,interior_gt25km,5,avamet,ifs_hres,47692,68,361,1.835535912386432,1.7802899281472886,1.8895391496172818,0.0,3
72,coast_stratum,interior_gt25km,5,era5_station,pangu_hres_init,47692,68,361,1.0027292831888197,0.9571858744234536,1.0557924864088197,1.0,1
72,coast_stratum,interior_gt25km,5,era5_station,graphcast_hres_init,47692,68,361,1.1506450904900787,1.1068981683320258,1.1993117442437424,0.0,2
72,coast_stratum,interior_gt25km,5,era5_station,ifs_hres,47692,68,361,1.3808274205650786,1.305774442762441,1.4579394962989258,0.0,3
72,coast_stratum,interior_gt25km,7,avamet,graphcast_hres_init,47692,68,361,1.7143636059116052,1.6633580963748569,1.766949931090474,0.9995,1
72,coast_stratum,interior_gt25km,7,avamet,pangu_hres_init,47692,68,361,1.7696575261401253,1.7231585872879678,1.8196598433810642,0.0005,2
72,coast_stratum,interior_gt25km,7,avamet,ifs_hres,47692,68,361,1.835535912386432,1.7774218110223678,1.8979102484627572,0.0,3
72,coast_stratum,interior_gt25km,7,era5_station,pangu_hres_init,47692,68,361,1.0027292831888197,0.952460850807341,1.0564700574537889,1.0,1
72,coast_stratum,interior_gt25km,7,era5_station,graphcast_hres_init,47692,68,361,1.1506450904900787,1.1023643052383247,1.2017276512530641,0.0,2
72,coast_stratum,interior_gt25km,7,era5_station,ifs_hres,47692,68,361,1.3808274205650786,1.2974799712893987,1.4721287143733501,0.0,3
